Customer_ID,Contract_ID,Payment_ID,Gender,Age,Tenure_Months,Monthly_Charges,Total_Charges,Internet_Service,Customer_Support_Calls,Senior_Citizen,Partner,Dependents,Churn
CUST00001,CON00001,PAY00001,Female,29,58,95.71,5551.18,Fiber Optic,6,No,Yes,No,Yes
CUST00002,CON00002,PAY00002,Female,56,69,99.46,6862.74,Fiber Optic,2,Yes,Yes,Yes,Yes
CUST00003,CON00003,PAY00003,Female,27,39,27.99,1091.61,,3,No,No,No,Yes
CUST00004,CON00004,PAY00004,Male,24,38,48.59,1846.42,Fiber Optic,1,Yes,No,No,No
CUST00005,CON00005,PAY00005,Male,73,44,63.18,2779.92,Cable,6,No,Yes,No,Yes
CUST00006,CON00006,PAY00006,Female,33,50,31.7,1585.0,Fiber Optic,6,No,Yes,No,Yes
CUST00007,CON00007,PAY00007,Male,35,15,84.49,1267.35,DSL,2,Yes,No,Yes,No
CUST00008,CON00008,PAY00008,Male,72,55,30.58,1681.9,,5,No,Yes,Yes,No
CUST00009,CON00009,PAY00009,Female,27,36,30.89,1112.04,,2,No,No,No,Yes
CUST00010,CON00010,PAY00010,Male,70,6,84.68,508.08,,0,Yes,No,Yes,Yes
CUST00011,CON00011,PAY00011,Male,69,56,84.11,4710.16,Cable,0,No,No,No,No
CUST00012,CON00012,PAY00012,Female,24,67,47.65,3192.55,DSL,6,No,No,No,Yes
CUST00013,CON00013,PAY00013,Female,27,61,52.71,3215.31,Cable,0,No,Yes,Yes,No
CUST00014,CON00014,PAY00014,Male,71,50,78.75,3937.5,,4,No,No,Yes,Yes
CUST00015,CON00015,PAY00015,Male,18,30,53.93,1617.9,,2,No,Yes,Yes,No
CUST00016,CON00016,PAY00016,Female,48,33,103.68,3421.44,Cable,4,Yes,No,No,Yes
CUST00017,CON00017,PAY00017,Female,75,21,84.83,1781.43,Cable,0,Yes,Yes,No,Yes
CUST00018,CON00018,PAY00018,Female,37,65,28.36,1843.4,DSL,3,No,No,Yes,Yes
CUST00019,CON00019,PAY00019,Male,25,36,60.83,2189.88,Fiber Optic,1,No,No,No,Yes
CUST00020,CON00020,PAY00020,Male,63,57,79.66,4540.62,Cable,1,No,No,No,No
CUST00021,CON00021,PAY00021,Male,26,36,54.41,1958.76,Fiber Optic,1,Yes,No,No,No
CUST00022,CON00022,PAY00022,Female,34,51,27.12,1383.12,Fiber Optic,5,No,Yes,No,Yes
CUST00023,CON00023,PAY00023,Female,73,37,58.26,2155.62,DSL,0,Yes,No,Yes,No
CUST00024,CON00024,PAY00024,Male,26,50,31.99,1599.5,DSL,4,Yes,No,Yes,Yes
CUST00025,CON00025,PAY00025,Female,60,26,84.48,2196.48,DSL,5,Yes,Yes,No,No
CUST00026,CON00026,PAY00026,Male,33,47,64.19,3016.93,Fiber Optic,9,No,No,Yes,No
CUST00027,CON00027,PAY00027,Male,19,23,30.68,705.64,DSL,0,No,Yes,No,Yes
CUST00028,CON00028,PAY00028,Female,76,4,26.93,107.72,Cable,3,Yes,Yes,Yes,Yes
CUST00029,CON00029,PAY00029,Female,43,11,78.41,862.51,Fiber Optic,2,No,Yes,No,Yes
CUST00030,CON00030,PAY00030,Male,72,55,31.89,1753.95,,4,No,Yes,Yes,No
CUST00031,CON00031,PAY00031,Female,30,47,63.33,2976.51,Fiber Optic,7,Yes,No,No,Yes
CUST00032,CON00032,PAY00032,Male,67,21,96.3,2022.3,,6,Yes,Yes,Yes,No
CUST00033,CON00033,PAY00033,Female,55,72,99.37,7154.64,Fiber Optic,4,Yes,Yes,Yes,Yes
CUST00034,CON00034,PAY00034,Male,25,70,76.5,5355.0,DSL,5,No,No,No,No
CUST00035,CON00035,PAY00035,Female,76,2,33.79,67.58,Cable,3,Yes,Yes,Yes,Yes
CUST00036,CON00036,PAY00036,Male,71,5,79.08,395.4,,0,Yes,No,Yes,Yes
CUST00037,CON00037,PAY00037,Female,41,50,59.47,2973.5,,5,Yes,Yes,No,No
CUST00038,CON00038,PAY00038,Female,68,23,29.37,675.51,Fiber Optic,1,No,Yes,Yes,Yes
CUST00039,CON00039,PAY00039,Male,72,53,28.19,1494.07,,5,No,Yes,Yes,No
CUST00040,CON00040,PAY00040,Female,52,5,64.38,321.9,DSL,5,Yes,No,Yes,No
CUST00041,CON00041,PAY00041,Male,30,58,25.62,1485.96,Cable,7,Yes,Yes,Yes,Yes
CUST00042,CON00042,PAY00042,Male,28,45,84.28,3792.6,DSL,3,No,No,No,No
CUST00043,CON00043,PAY00043,Male,22,38,51.89,1971.82,Cable,8,Yes,Yes,Yes,Yes
CUST00044,CON00044,PAY00044,Female,35,38,96.54,3668.52,Cable,0,Yes,Yes,Yes,No
CUST00045,CON00045,PAY00045,Male,53,22,60.06,1321.32,Cable,6,Yes,Yes,Yes,Yes
CUST00046,CON00046,PAY00046,Male,28,27,80.78,2181.06,Cable,0,No,No,Yes,No
CUST00047,CON00047,PAY00047,Female,72,27,34.17,922.59,Cable,6,No,Yes,Yes,No
CUST00048,CON00048,PAY00048,Female,70,29,60.6,1757.4,Cable,2,Yes,No,Yes,Yes
CUST00049,CON00049,PAY00049,Female,61,21,33.66,706.86,Fiber Optic,2,No,Yes,No,Yes
CUST00050,CON00050,PAY00050,Female,62,69,77.51,5348.19,,6,Yes,No,No,Yes
CUST00051,CON00051,PAY00051,Female,18,10,99.22,992.2,,3,No,Yes,Yes,No
CUST00052,CON00052,PAY00052,Male,34,19,62.04,1178.76,Fiber Optic,4,No,No,No,Yes
CUST00053,CON00053,PAY00053,Male,34,26,101.64,2642.64,Fiber Optic,2,Yes,No,Yes,Yes
CUST00054,CON00054,PAY00054,Female,58,32,97.45,3118.4,,5,No,No,No,No
CUST00055,CON00055,PAY00055,Male,56,67,29.27,1961.09,Cable,4,No,No,No,Yes
CUST00056,CON00056,PAY00056,Male,63,69,79.7,5499.3,Fiber Optic,6,No,Yes,Yes,Yes
CUST00057,CON00057,PAY00057,Female,27,45,62.8,2826.0,Fiber Optic,7,Yes,No,No,Yes
CUST00058,CON00058,PAY00058,Male,47,45,53.32,2399.4,,3,No,No,Yes,No
CUST00059,CON00059,PAY00059,Female,41,69,27.44,1893.36,DSL,1,No,Yes,No,No
CUST00060,CON00060,PAY00060,Female,53,72,101.53,7310.16,Fiber Optic,4,Yes,Yes,Yes,Yes
CUST00061,CON00061,PAY00061,Male,73,18,102.66,1847.88,,4,Yes,Yes,Yes,No
CUST00062,CON00062,PAY00062,Female,55,64,27.2,1740.8,Cable,4,Yes,No,Yes,Yes
CUST00063,CON00063,PAY00063,Female,37,62,29.04,1800.48,DSL,3,No,No,Yes,Yes
CUST00064,CON00064,PAY00064,Female,68,35,45.75,1601.25,Cable,3,No,No,Yes,No
CUST00065,CON00065,PAY00065,Female,72,25,34.79,869.75,Cable,4,No,Yes,Yes,No
CUST00066,CON00066,PAY00066,Female,22,46,104.57,4810.22,DSL,8,Yes,Yes,No,Yes
CUST00067,CON00067,PAY00067,Female,18,48,101.89,4890.72,Cable,2,Yes,Yes,Yes,Yes
CUST00068,CON00068,PAY00068,Male,56,31,102.17,3167.27,,8,Yes,No,Yes,No
CUST00069,CON00069,PAY00069,Female,57,72,99.78,7184.16,Fiber Optic,2,Yes,Yes,Yes,Yes
CUST00070,CON00070,PAY00070,Male,33,26,51.47,1338.22,,1,No,Yes,No,No
CUST00071,CON00071,PAY00071,Male,58,68,79.88,5431.84,Fiber Optic,5,No,Yes,Yes,Yes
CUST00072,CON00072,PAY00072,Female,18,48,98.23,4715.04,DSL,7,Yes,Yes,No,Yes
CUST00073,CON00073,PAY00073,Female,55,34,99.59,3386.06,,6,No,No,No,No
CUST00074,CON00074,PAY00074,Female,29,24,25.17,604.08,Fiber Optic,1,No,No,No,No
CUST00075,CON00075,PAY00075,Female,63,17,27.58,468.86,Fiber Optic,2,No,Yes,No,Yes
CUST00076,CON00076,PAY00076,Female,76,72,45.56,3280.32,Cable,0,No,No,Yes,Yes
CUST00077,CON00077,PAY00077,Female,33,50,30.46,1523.0,Fiber Optic,5,No,Yes,No,Yes
CUST00078,CON00078,PAY00078,Female,68,2,53.1,106.2,,3,No,Yes,Yes,No
CUST00079,CON00079,PAY00079,Female,52,33,98.15,3238.95,Cable,5,Yes,No,No,Yes
CUST00080,CON00080,PAY00080,Female,18,46,95.8,4406.8,DSL,7,Yes,Yes,No,Yes
CUST00081,CON00081,PAY00081,Female,46,44,82.33,3622.52,DSL,7,No,No,No,Yes
CUST00082,CON00082,PAY00082,Female,49,33,54.81,1808.73,Fiber Optic,3,Yes,No,Yes,No
CUST00083,CON00083,PAY00083,Female,20,62,96.36,5974.32,Fiber Optic,7,No,No,No,Yes
CUST00084,CON00084,PAY00084,Female,54,30,26.87,806.1,,5,No,No,Yes,Yes
CUST00085,CON00085,PAY00085,Male,69,5,76.01,380.05,,2,Yes,No,Yes,Yes
CUST00086,CON00086,PAY00086,Male,33,24,102.52,2460.48,Fiber Optic,2,Yes,No,Yes,Yes
CUST00087,CON00087,PAY00087,Female,50,42,80.67,3388.14,DSL,7,No,No,No,Yes
CUST00088,CON00088,PAY00088,Male,18,35,77.79,2722.65,DSL,8,Yes,No,No,No
CUST00089,CON00089,PAY00089,Female,25,11,95.51,1050.61,Fiber Optic,2,Yes,Yes,No,No
CUST00090,CON00090,PAY00090,Female,55,31,26.62,825.22,,3,No,No,Yes,Yes
CUST00091,CON00091,PAY00091,Male,56,2,55.23,110.46,Cable,3,Yes,Yes,No,No
CUST00092,CON00092,PAY00092,Male,53,24,55.03,1320.72,Cable,6,Yes,Yes,Yes,Yes
CUST00093,CON00093,PAY00093,Female,60,71,76.4,5424.4,,5,Yes,No,No,Yes
CUST00094,CON00094,PAY00094,Male,49,5,96.86,484.3,DSL,5,No,No,No,No
CUST00095,CON00095,PAY00095,Female,52,44,103.43,4550.92,DSL,0,No,No,No,No
CUST00096,CON00096,PAY00096,Male,53,61,55.97,3414.17,Cable,8,Yes,Yes,No,No
CUST00097,CON00097,PAY00097,Female,54,72,99.99,7199.28,Fiber Optic,2,Yes,Yes,Yes,Yes
CUST00098,CON00098,PAY00098,Female,77,72,52.37,3770.64,Cable,0,No,No,Yes,Yes
CUST00099,CON00099,PAY00099,Female,33,60,95.46,5727.6,Fiber Optic,6,No,Yes,No,Yes
CUST00100,CON00100,PAY00100,Male,22,40,53.3,2132.0,Cable,8,Yes,Yes,Yes,Yes
CUST00101,CON00101,PAY00101,Female,35,48,30.02,1440.96,Fiber Optic,6,No,Yes,No,Yes
CUST00102,CON00102,PAY00102,Female,25,22,29.25,643.5,Fiber Optic,1,No,No,No,No
CUST00103,CON00103,PAY00103,Female,46,33,46.0,1518.0,Fiber Optic,5,Yes,No,Yes,No
CUST00104,CON00104,PAY00104,Male,74,21,56.84,1193.64,DSL,2,No,Yes,No,No
CUST00105,CON00105,PAY00105,Female,27,38,32.17,1222.46,,1,No,No,No,Yes
CUST00106,CON00106,PAY00106,Female,19,44,102.41,4506.04,Cable,2,Yes,Yes,Yes,Yes
CUST00107,CON00107,PAY00107,Male,22,35,81.1,2838.5,DSL,9,Yes,No,No,No
CUST00108,CON00108,PAY00108,Male,72,5,27.17,135.85,,4,Yes,No,Yes,No
CUST00109,CON00109,PAY00109,Male,31,60,25.44,1526.4,Cable,7,Yes,Yes,Yes,Yes
CUST00110,CON00110,PAY00110,Male,54,4,34.2,136.8,Cable,2,Yes,Yes,No,Yes
CUST00111,CON00111,PAY00111,Male,70,44,56.47,2484.68,Cable,7,No,Yes,No,Yes
CUST00112,CON00112,PAY00112,Male,55,43,28.16,1210.88,,4,Yes,Yes,No,No
CUST00113,CON00113,PAY00113,Male,70,23,58.07,1335.61,Cable,0,Yes,No,Yes,Yes
CUST00114,CON00114,PAY00114,Male,25,47,34.01,1598.47,DSL,5,Yes,No,Yes,Yes
CUST00115,CON00115,PAY00115,Male,51,2,56.68,113.36,Cable,4,Yes,Yes,No,No
CUST00116,CON00116,PAY00116,Male,23,36,51.96,1870.56,Cable,8,Yes,Yes,Yes,Yes
CUST00117,CON00117,PAY00117,Male,66,50,77.75,3887.5,,4,No,No,Yes,Yes
CUST00118,CON00118,PAY00118,Male,65,57,81.37,4638.09,Cable,1,No,No,No,No
CUST00119,CON00119,PAY00119,Male,76,36,77.41,2786.76,Fiber Optic,6,No,No,No,Yes
CUST00120,CON00120,PAY00120,Female,38,48,27.92,1340.16,Fiber Optic,7,No,Yes,No,Yes
CUST00121,CON00121,PAY00121,Female,35,64,34.12,2183.68,DSL,1,No,No,Yes,Yes
CUST00122,CON00122,PAY00122,Male,47,4,99.24,396.96,DSL,5,No,No,No,No
CUST00123,CON00123,PAY00123,Female,60,71,84.15,5974.65,,6,Yes,No,No,Yes
CUST00124,CON00124,PAY00124,Male,69,7,75.38,527.66,,1,Yes,No,Yes,Yes
CUST00125,CON00125,PAY00125,Female,57,22,77.74,1710.28,DSL,3,Yes,Yes,No,No
CUST00126,CON00126,PAY00126,Female,67,8,27.5,220.0,,4,Yes,No,Yes,No
CUST00127,CON00127,PAY00127,Male,25,35,54.84,1919.4,Fiber Optic,2,Yes,No,No,No
CUST00128,CON00128,PAY00128,Male,70,51,78.49,4002.99,,5,No,No,Yes,Yes
CUST00129,CON00129,PAY00129,Female,47,33,47.71,1574.43,Fiber Optic,5,Yes,No,Yes,No
CUST00130,CON00130,PAY00130,Female,70,23,79.86,1836.78,Cable,0,Yes,Yes,No,Yes
CUST00131,CON00131,PAY00131,Female,59,62,104.47,6477.14,Cable,0,No,No,Yes,Yes
CUST00132,CON00132,PAY00132,Male,23,46,25.98,1195.08,DSL,6,Yes,No,Yes,Yes
CUST00133,CON00133,PAY00133,Male,37,47,49.23,2313.81,Fiber Optic,9,No,Yes,No,Yes
CUST00134,CON00134,PAY00134,Female,71,28,30.32,848.96,Cable,5,No,Yes,Yes,No
CUST00135,CON00135,PAY00135,Male,58,2,84.63,169.26,Fiber Optic,1,No,No,No,No
CUST00136,CON00136,PAY00136,Female,59,69,95.93,6619.17,Fiber Optic,2,Yes,Yes,Yes,Yes
CUST00137,CON00137,PAY00137,Male,77,35,83.68,2928.8,Fiber Optic,5,No,No,No,Yes
CUST00138,CON00138,PAY00138,Male,64,67,76.42,5120.14,Fiber Optic,5,No,Yes,Yes,Yes
CUST00139,CON00139,PAY00139,Male,73,26,57.15,1485.9,Cable,1,Yes,No,Yes,Yes
CUST00140,CON00140,PAY00140,Female,53,36,45.63,1642.68,DSL,5,Yes,Yes,No,Yes
CUST00141,CON00141,PAY00141,Female,65,28,64.52,1806.56,,0,No,No,Yes,Yes
CUST00142,CON00142,PAY00142,Male,31,33,56.53,1865.49,Fiber Optic,1,No,No,No,Yes
CUST00143,CON00143,PAY00143,Female,31,52,60.11,3125.72,Fiber Optic,3,No,No,Yes,Yes
CUST00144,CON00144,PAY00144,Male,36,17,60.09,1021.53,Fiber Optic,5,No,No,No,Yes
CUST00145,CON00145,PAY00145,Male,58,68,62.61,4257.48,Fiber Optic,0,Yes,No,Yes,No
CUST00146,CON00146,PAY00146,Male,58,68,33.28,2263.04,Cable,4,No,No,No,Yes
CUST00147,CON00147,PAY00147,Female,72,2,51.18,102.36,,2,No,Yes,Yes,No
CUST00148,CON00148,PAY00148,Female,51,33,96.92,3198.36,Cable,5,Yes,No,No,Yes
CUST00149,CON00149,PAY00149,Male,52,32,98.08,3138.56,,9,Yes,No,Yes,No
CUST00150,CON00150,PAY00150,Male,72,35,78.52,2748.2,Fiber Optic,6,No,No,No,Yes
CUST00151,CON00151,PAY00151,Female,42,12,81.59,979.08,Fiber Optic,1,No,Yes,No,Yes
CUST00152,CON00152,PAY00152,Male,55,50,102.08,5104.0,Cable,0,No,No,Yes,No
CUST00153,CON00153,PAY00153,Female,57,48,55.02,2640.96,,5,Yes,Yes,No,No
CUST00154,CON00154,PAY00154,Male,63,63,34.9,2198.7,,2,No,Yes,Yes,No
CUST00155,CON00155,PAY00155,Male,25,71,80.47,5713.37,DSL,6,No,No,No,No
CUST00156,CON00156,PAY00156,Female,31,48,61.48,2951.04,Fiber Optic,6,Yes,No,No,Yes
CUST00157,CON00157,PAY00157,Male,73,46,57.64,2651.44,Cable,8,No,Yes,No,Yes
CUST00158,CON00158,PAY00158,Female,48,6,56.53,339.18,DSL,3,Yes,No,Yes,No
CUST00159,CON00159,PAY00159,Female,33,56,64.35,3603.6,Fiber Optic,3,No,No,Yes,Yes
CUST00160,CON00160,PAY00160,Female,40,9,61.07,549.63,DSL,5,No,Yes,Yes,No
CUST00161,CON00161,PAY00161,Male,75,21,59.45,1248.45,DSL,0,No,Yes,No,No
CUST00162,CON00162,PAY00162,Male,26,45,79.97,3598.65,DSL,5,No,No,No,No
CUST00163,CON00163,PAY00163,Male,54,32,103.61,3315.52,,9,Yes,No,Yes,No
CUST00164,CON00164,PAY00164,Male,58,65,59.35,3857.75,Fiber Optic,0,Yes,No,Yes,No
CUST00165,CON00165,PAY00165,Male,52,3,25.57,76.71,Cable,2,Yes,Yes,No,Yes
CUST00166,CON00166,PAY00166,Male,25,72,78.18,5628.96,DSL,6,No,No,No,No
CUST00167,CON00167,PAY00167,Male,32,3,60.31,180.93,,8,No,No,Yes,No
CUST00168,CON00168,PAY00168,Female,62,21,32.08,673.68,Fiber Optic,1,No,Yes,No,Yes
CUST00169,CON00169,PAY00169,Female,18,10,98.28,982.8,,1,No,Yes,Yes,No
CUST00170,CON00170,PAY00170,Female,49,11,33.98,373.78,Fiber Optic,8,No,Yes,Yes,Yes
CUST00171,CON00171,PAY00171,Male,21,71,83.2,5907.2,DSL,5,No,No,No,No
CUST00172,CON00172,PAY00172,Female,44,7,63.57,444.99,DSL,6,No,Yes,Yes,No
CUST00173,CON00173,PAY00173,Female,61,28,61.04,1709.12,,2,No,No,Yes,Yes
CUST00174,CON00174,PAY00174,Female,46,2,62.1,124.2,DSL,3,Yes,No,Yes,No
CUST00175,CON00175,PAY00175,Male,51,49,103.5,5071.5,Cable,2,No,No,Yes,No
CUST00176,CON00176,PAY00176,Female,54,41,99.83,4093.03,DSL,1,No,No,No,No
CUST00177,CON00177,PAY00177,Male,18,12,51.05,612.6,Cable,3,Yes,Yes,No,Yes
CUST00178,CON00178,PAY00178,Female,57,35,95.69,3349.15,,7,No,No,No,No
CUST00179,CON00179,PAY00179,Female,37,64,25.42,1626.88,DSL,3,No,No,Yes,Yes
CUST00180,CON00180,PAY00180,Male,31,4,58.66,234.64,,9,No,No,Yes,No
CUST00181,CON00181,PAY00181,Female,60,31,64.12,1987.72,,1,No,Yes,Yes,Yes
CUST00182,CON00182,PAY00182,Female,41,66,28.84,1903.44,DSL,1,No,No,Yes,Yes
CUST00183,CON00183,PAY00183,Female,71,4,30.85,123.4,Cable,3,Yes,Yes,Yes,Yes
CUST00184,CON00184,PAY00184,Female,59,27,56.55,1526.85,,2,No,No,Yes,Yes
CUST00185,CON00185,PAY00185,Male,64,57,82.85,4722.45,Cable,0,No,No,No,No
CUST00186,CON00186,PAY00186,Male,32,27,47.74,1288.98,,0,No,Yes,No,No
CUST00187,CON00187,PAY00187,Male,71,45,57.55,2589.75,Cable,8,No,Yes,No,Yes
CUST00188,CON00188,PAY00188,Male,71,49,83.21,4077.29,,6,No,No,Yes,Yes
CUST00189,CON00189,PAY00189,Male,53,58,55.84,3238.72,Cable,1,No,Yes,No,No
CUST00190,CON00190,PAY00190,Female,54,45,98.32,4424.4,DSL,1,No,No,No,No
CUST00191,CON00191,PAY00191,Female,75,3,26.8,80.4,Cable,3,Yes,Yes,Yes,Yes
CUST00192,CON00192,PAY00192,Male,35,25,47.37,1184.25,,1,No,Yes,No,No
CUST00193,CON00193,PAY00193,Female,69,44,60.86,2677.84,Fiber Optic,6,No,No,Yes,Yes
CUST00194,CON00194,PAY00194,Male,21,35,80.05,2801.75,DSL,8,Yes,No,No,No
CUST00195,CON00195,PAY00195,Male,23,36,53.16,1913.76,Cable,8,Yes,Yes,Yes,Yes
CUST00196,CON00196,PAY00196,Male,50,3,30.2,90.6,Cable,1,Yes,Yes,No,Yes
CUST00197,CON00197,PAY00197,Male,28,49,29.1,1425.9,DSL,5,Yes,No,Yes,Yes
CUST00198,CON00198,PAY00198,Female,74,41,58.17,2384.97,DSL,0,Yes,No,Yes,No
CUST00199,CON00199,PAY00199,Male,77,34,76.28,2593.52,Fiber Optic,7,No,No,No,Yes
CUST00200,CON00200,PAY00200,Female,74,4,75.23,300.92,,6,No,No,No,Yes
CUST00201,CON00201,PAY00201,Male,20,53,32.1,1701.3,DSL,0,No,No,Yes,Yes
CUST00202,CON00202,PAY00202,Female,58,50,60.99,3049.5,,7,Yes,Yes,No,No
CUST00203,CON00203,PAY00203,Female,67,3,54.72,164.16,,2,No,Yes,Yes,No
CUST00204,CON00204,PAY00204,Male,35,48,59.4,2851.2,Fiber Optic,8,No,No,Yes,No
CUST00205,CON00205,PAY00205,Female,34,57,102.27,5829.39,Fiber Optic,6,No,Yes,No,Yes
CUST00206,CON00206,PAY00206,Female,57,70,79.0,5530.0,,4,Yes,No,No,Yes
CUST00207,CON00207,PAY00207,Female,74,4,75.26,301.04,,6,No,No,No,Yes
CUST00208,CON00208,PAY00208,Female,69,23,82.38,1894.74,Cable,0,Yes,Yes,No,Yes
CUST00209,CON00209,PAY00209,Male,22,34,76.21,2591.14,Fiber Optic,7,Yes,Yes,No,Yes
CUST00210,CON00210,PAY00210,Male,24,71,83.42,5922.82,DSL,6,No,No,No,No
CUST00211,CON00211,PAY00211,Female,70,29,62.59,1815.11,Cable,0,Yes,No,Yes,Yes
CUST00212,CON00212,PAY00212,Female,29,45,56.09,2524.05,Fiber Optic,6,Yes,No,No,Yes
CUST00213,CON00213,PAY00213,Female,58,69,77.23,5328.87,,6,Yes,No,No,Yes
CUST00214,CON00214,PAY00214,Female,67,28,31.05,869.4,Cable,4,No,Yes,Yes,No
CUST00215,CON00215,PAY00215,Male,57,20,61.45,1229.0,Cable,6,Yes,Yes,Yes,Yes
CUST00216,CON00216,PAY00216,Female,47,32,104.23,3335.36,Cable,4,Yes,No,No,Yes
CUST00217,CON00217,PAY00217,Male,56,50,100.69,5034.5,Cable,0,No,No,Yes,No
CUST00218,CON00218,PAY00218,Female,55,30,25.64,769.2,,5,No,No,Yes,Yes
CUST00219,CON00219,PAY00219,Male,52,66,79.55,5250.3,Fiber Optic,6,Yes,Yes,Yes,No
CUST00220,CON00220,PAY00220,Male,69,53,83.11,4404.83,,4,No,No,Yes,Yes
CUST00221,CON00221,PAY00221,Female,72,36,49.88,1795.68,Cable,4,No,No,Yes,No
CUST00222,CON00222,PAY00222,Male,27,43,83.04,3570.72,DSL,3,No,No,No,No
CUST00223,CON00223,PAY00223,Female,61,62,95.1,5896.2,Cable,0,No,No,Yes,Yes
CUST00224,CON00224,PAY00224,Female,70,30,57.96,1738.8,Cable,2,Yes,No,Yes,Yes
CUST00225,CON00225,PAY00225,Male,32,24,49.13,1179.12,,0,No,Yes,No,No
CUST00226,CON00226,PAY00226,Female,36,63,26.42,1664.46,DSL,3,No,No,Yes,Yes
CUST00227,CON00227,PAY00227,Female,52,66,34.87,2301.42,Cable,5,Yes,No,Yes,Yes
CUST00228,CON00228,PAY00228,Female,35,59,101.46,5986.14,Fiber Optic,4,No,Yes,No,Yes
CUST00229,CON00229,PAY00229,Male,67,59,83.12,4904.08,Cable,0,No,No,No,No
CUST00230,CON00230,PAY00230,Male,34,6,57.8,346.8,,8,No,No,Yes,No
CUST00231,CON00231,PAY00231,Female,46,15,82.29,1234.35,Fiber Optic,2,No,Yes,No,Yes
CUST00232,CON00232,PAY00232,Male,51,4,100.22,400.88,DSL,5,No,No,No,No
CUST00233,CON00233,PAY00233,Male,33,17,81.31,1382.27,DSL,0,Yes,No,Yes,No
CUST00234,CON00234,PAY00234,Female,77,71,53.49,3797.79,Cable,2,No,No,Yes,Yes
CUST00235,CON00235,PAY00235,Male,47,55,60.53,3329.15,Cable,0,No,Yes,No,No
CUST00236,CON00236,PAY00236,Female,67,42,63.92,2684.64,Fiber Optic,8,No,No,Yes,Yes
CUST00237,CON00237,PAY00237,Female,26,17,31.84,541.28,DSL,7,No,No,No,Yes
CUST00238,CON00238,PAY00238,Female,54,11,27.85,306.35,Fiber Optic,8,No,Yes,Yes,Yes
CUST00239,CON00239,PAY00239,Female,67,18,104.66,1883.88,Cable,2,No,No,Yes,No
CUST00240,CON00240,PAY00240,Female,68,4,54.97,219.88,,2,No,Yes,Yes,No
CUST00241,CON00241,PAY00241,Female,66,42,61.2,2570.4,Fiber Optic,8,No,No,Yes,Yes
CUST00242,CON00242,PAY00242,Male,19,22,34.89,767.58,DSL,0,No,Yes,No,Yes
CUST00243,CON00243,PAY00243,Female,22,68,54.29,3691.72,DSL,8,No,No,No,Yes
CUST00244,CON00244,PAY00244,Male,75,25,59.97,1499.25,Cable,1,Yes,No,Yes,Yes
CUST00245,CON00245,PAY00245,Male,73,3,76.56,229.68,,1,Yes,No,Yes,Yes
CUST00246,CON00246,PAY00246,Male,18,35,83.51,2922.85,DSL,7,Yes,No,No,No
CUST00247,CON00247,PAY00247,Female,22,45,97.16,4372.2,Cable,3,Yes,Yes,Yes,Yes
CUST00248,CON00248,PAY00248,Female,68,1,48.9,48.9,,3,No,Yes,Yes,No
CUST00249,CON00249,PAY00249,Female,71,72,50.23,3616.56,Cable,2,No,No,Yes,Yes
CUST00250,CON00250,PAY00250,Female,71,2,54.62,109.24,,2,No,Yes,Yes,No
CUST00251,CON00251,PAY00251,Female,71,18,99.29,1787.22,Cable,3,No,No,Yes,No
CUST00252,CON00252,PAY00252,Female,52,6,55.0,330.0,DSL,4,Yes,No,Yes,No
CUST00253,CON00253,PAY00253,Male,33,46,58.47,2689.62,Fiber Optic,7,No,No,Yes,No
CUST00254,CON00254,PAY00254,Female,62,17,32.15,546.55,Fiber Optic,1,No,Yes,No,Yes
CUST00255,CON00255,PAY00255,Female,23,59,103.51,6107.09,Fiber Optic,8,No,No,No,Yes
CUST00256,CON00256,PAY00256,Male,56,30,97.0,2910.0,,8,Yes,No,Yes,No
CUST00257,CON00257,PAY00257,Female,24,10,101.6,1016.0,,3,No,Yes,Yes,No
CUST00258,CON00258,PAY00258,Female,64,60,95.19,5711.4,Cable,1,No,No,Yes,Yes
CUST00259,CON00259,PAY00259,Male,27,38,50.51,1919.38,Fiber Optic,1,Yes,No,No,No
CUST00260,CON00260,PAY00260,Male,72,20,103.81,2076.2,,5,Yes,Yes,Yes,No
CUST00261,CON00261,PAY00261,Female,41,47,62.2,2923.4,,4,Yes,Yes,No,No
CUST00262,CON00262,PAY00262,Female,30,62,51.81,3212.22,Cable,2,No,Yes,Yes,No
CUST00263,CON00263,PAY00263,Female,71,19,95.35,1811.65,Cable,3,No,No,Yes,No
CUST00264,CON00264,PAY00264,Male,36,25,50.95,1273.75,,0,No,Yes,No,No
CUST00265,CON00265,PAY00265,Male,18,32,50.35,1611.2,,2,No,Yes,Yes,No
CUST00266,CON00266,PAY00266,Female,42,7,55.98,391.86,DSL,4,No,Yes,Yes,No
CUST00267,CON00267,PAY00267,Female,62,61,102.41,6247.01,Cable,0,No,No,Yes,Yes
CUST00268,CON00268,PAY00268,Male,39,21,56.42,1184.82,Fiber Optic,5,No,No,No,Yes
CUST00269,CON00269,PAY00269,Female,50,33,101.3,3342.9,Cable,3,Yes,No,No,Yes
CUST00270,CON00270,PAY00270,Male,37,47,53.82,2529.54,Fiber Optic,8,No,Yes,No,Yes
CUST00271,CON00271,PAY00271,Male,22,36,79.95,2878.2,Fiber Optic,8,Yes,Yes,No,Yes
CUST00272,CON00272,PAY00272,Female,50,6,62.09,372.54,DSL,4,Yes,No,Yes,No
CUST00273,CON00273,PAY00273,Female,68,5,84.96,424.8,,7,No,No,No,Yes
CUST00274,CON00274,PAY00274,Female,67,25,27.69,692.25,Cable,5,No,Yes,Yes,No
CUST00275,CON00275,PAY00275,Male,28,43,75.83,3260.69,DSL,5,No,No,No,No
CUST00276,CON00276,PAY00276,Male,22,37,83.49,3089.13,DSL,8,Yes,No,No,No
CUST00277,CON00277,PAY00277,Female,43,30,50.93,1527.9,Fiber Optic,3,Yes,No,Yes,No
CUST00278,CON00278,PAY00278,Female,51,31,102.45,3175.95,Cable,4,Yes,No,No,Yes
CUST00279,CON00279,PAY00279,Female,72,27,27.18,733.86,Cable,4,No,Yes,Yes,No
CUST00280,CON00280,PAY00280,Female,55,72,98.18,7068.96,Fiber Optic,3,Yes,Yes,Yes,Yes
CUST00281,CON00281,PAY00281,Female,75,40,56.53,2261.2,DSL,0,Yes,No,Yes,No
CUST00282,CON00282,PAY00282,Female,41,50,58.22,2911.0,,3,Yes,Yes,No,No
CUST00283,CON00283,PAY00283,Male,34,26,99.45,2585.7,Fiber Optic,3,Yes,No,Yes,Yes
CUST00284,CON00284,PAY00284,Female,65,17,26.94,457.98,Fiber Optic,0,No,Yes,No,Yes
CUST00285,CON00285,PAY00285,Male,21,35,77.71,2719.85,Fiber Optic,8,Yes,Yes,No,Yes
CUST00286,CON00286,PAY00286,Female,59,62,102.83,6375.46,Cable,1,No,No,Yes,Yes
CUST00287,CON00287,PAY00287,Male,52,23,56.25,1293.75,Cable,6,Yes,Yes,Yes,Yes
CUST00288,CON00288,PAY00288,Female,33,48,26.04,1249.92,Fiber Optic,5,No,Yes,No,Yes
CUST00289,CON00289,PAY00289,Male,72,54,29.85,1611.9,,5,No,Yes,Yes,No
CUST00290,CON00290,PAY00290,Female,71,3,82.25,246.75,,7,No,No,No,Yes
CUST00291,CON00291,PAY00291,Female,58,66,28.09,1853.94,Cable,3,Yes,No,Yes,Yes
CUST00292,CON00292,PAY00292,Male,18,34,81.56,2773.04,DSL,8,Yes,No,No,No
CUST00293,CON00293,PAY00293,Male,71,49,76.29,3738.21,,4,No,No,Yes,Yes
CUST00294,CON00294,PAY00294,Female,67,7,25.83,180.81,,3,Yes,No,Yes,No
CUST00295,CON00295,PAY00295,Male,66,52,31.84,1655.68,,5,No,Yes,Yes,No
CUST00296,CON00296,PAY00296,Female,52,34,33.25,1130.5,,4,No,No,Yes,Yes
CUST00297,CON00297,PAY00297,Female,73,3,32.13,96.39,Cable,3,Yes,Yes,Yes,Yes
CUST00298,CON00298,PAY00298,Female,62,70,79.66,5576.2,,6,Yes,No,No,Yes
CUST00299,CON00299,PAY00299,Male,23,46,34.55,1589.3,DSL,6,Yes,No,Yes,Yes
CUST00300,CON00300,PAY00300,Male,57,45,32.72,1472.4,,4,Yes,Yes,No,No
CUST00301,CON00301,PAY00301,Male,22,20,34.87,697.4,DSL,0,No,Yes,No,Yes
CUST00302,CON00302,PAY00302,Male,18,29,53.24,1543.96,,1,No,Yes,Yes,No
CUST00303,CON00303,PAY00303,Female,43,67,25.53,1710.51,DSL,1,No,Yes,No,No
CUST00304,CON00304,PAY00304,Female,52,12,33.51,402.12,Fiber Optic,6,No,Yes,Yes,Yes
CUST00305,CON00305,PAY00305,Female,70,26,25.28,657.28,Fiber Optic,0,No,Yes,Yes,Yes
CUST00306,CON00306,PAY00306,Female,57,64,30.57,1956.48,Cable,3,Yes,No,Yes,Yes
CUST00307,CON00307,PAY00307,Male,33,13,79.23,1029.99,DSL,0,Yes,No,Yes,No
CUST00308,CON00308,PAY00308,Male,29,28,97.7,2735.6,Fiber Optic,2,Yes,No,Yes,Yes
CUST00309,CON00309,PAY00309,Female,61,71,83.12,5901.52,,6,Yes,No,No,Yes
CUST00310,CON00310,PAY00310,Female,35,36,95.64,3443.04,Cable,0,Yes,Yes,Yes,No
CUST00311,CON00311,PAY00311,Male,57,60,55.96,3357.6,Cable,8,Yes,Yes,No,No
CUST00312,CON00312,PAY00312,Male,31,47,46.46,2183.62,Fiber Optic,9,No,Yes,No,Yes
CUST00313,CON00313,PAY00313,Female,48,6,64.09,384.54,DSL,5,Yes,No,Yes,No
CUST00314,CON00314,PAY00314,Female,29,14,97.01,1358.14,Fiber Optic,3,Yes,Yes,No,No
CUST00315,CON00315,PAY00315,Female,40,13,78.68,1022.84,Fiber Optic,1,No,Yes,No,Yes
CUST00316,CON00316,PAY00316,Female,47,3,64.16,192.48,DSL,4,Yes,No,Yes,No
CUST00317,CON00317,PAY00317,Male,54,66,27.88,1840.08,Cable,5,No,No,No,Yes
CUST00318,CON00318,PAY00318,Female,50,2,61.74,123.48,DSL,3,Yes,No,Yes,No
CUST00319,CON00319,PAY00319,Female,21,19,31.85,605.15,DSL,5,No,No,No,Yes
CUST00320,CON00320,PAY00320,Male,24,51,25.22,1286.22,DSL,0,No,No,Yes,Yes
CUST00321,CON00321,PAY00321,Female,18,47,102.81,4832.07,DSL,6,Yes,Yes,No,Yes
CUST00322,CON00322,PAY00322,Female,70,36,52.06,1874.16,Cable,2,No,No,Yes,No
CUST00323,CON00323,PAY00323,Female,41,67,33.81,2265.27,DSL,0,No,Yes,No,No
CUST00324,CON00324,PAY00324,Female,71,23,82.95,1907.85,Cable,0,Yes,Yes,No,Yes
CUST00325,CON00325,PAY00325,Female,62,31,58.06,1799.86,,0,No,No,Yes,Yes
CUST00326,CON00326,PAY00326,Male,55,4,58.62,234.48,Cable,4,Yes,Yes,No,No
CUST00327,CON00327,PAY00327,Male,57,43,33.45,1438.35,,5,Yes,Yes,No,No
CUST00328,CON00328,PAY00328,Female,22,47,98.82,4644.54,Cable,4,Yes,Yes,Yes,Yes
CUST00329,CON00329,PAY00329,Male,33,13,78.0,1014.0,DSL,1,Yes,No,Yes,No
CUST00330,CON00330,PAY00330,Female,29,25,28.97,724.25,Fiber Optic,0,No,No,No,No
CUST00331,CON00331,PAY00331,Female,26,14,99.23,1389.22,Fiber Optic,3,Yes,Yes,No,No
CUST00332,CON00332,PAY00332,Female,67,29,31.83,923.07,Cable,4,No,Yes,Yes,No
CUST00333,CON00333,PAY00333,Female,75,4,27.37,109.48,Cable,1,Yes,Yes,Yes,Yes
CUST00334,CON00334,PAY00334,Male,19,34,75.9,2580.6,DSL,7,Yes,No,No,No
CUST00335,CON00335,PAY00335,Female,36,38,101.02,3838.76,Cable,0,Yes,Yes,Yes,No
CUST00336,CON00336,PAY00336,Male,56,6,55.39,332.34,Cable,5,Yes,Yes,No,No
CUST00337,CON00337,PAY00337,Female,67,27,63.98,1727.46,Cable,1,Yes,No,Yes,Yes
CUST00338,CON00338,PAY00338,Female,50,44,75.27,3311.88,DSL,7,No,No,No,Yes
CUST00339,CON00339,PAY00339,Female,19,62,97.14,6022.68,Fiber Optic,7,No,No,No,Yes
CUST00340,CON00340,PAY00340,Female,53,70,99.03,6932.1,Fiber Optic,3,Yes,Yes,Yes,Yes
CUST00341,CON00341,PAY00341,Female,54,33,54.51,1798.83,DSL,7,Yes,Yes,No,Yes
CUST00342,CON00342,PAY00342,Female,69,29,32.76,950.04,Cable,6,No,Yes,Yes,No
CUST00343,CON00343,PAY00343,Female,56,25,81.06,2026.5,DSL,5,Yes,Yes,No,No
CUST00344,CON00344,PAY00344,Female,21,67,49.21,3297.07,DSL,8,No,No,No,Yes
CUST00345,CON00345,PAY00345,Female,61,21,31.09,652.89,Fiber Optic,2,No,Yes,No,Yes
CUST00346,CON00346,PAY00346,Female,66,36,47.21,1699.56,Cable,2,No,No,Yes,No
CUST00347,CON00347,PAY00347,Male,69,6,84.16,504.96,,0,Yes,No,Yes,Yes
CUST00348,CON00348,PAY00348,Female,26,21,30.21,634.41,Fiber Optic,2,No,No,No,No
CUST00349,CON00349,PAY00349,Male,77,21,61.82,1298.22,DSL,1,No,Yes,No,No
CUST00350,CON00350,PAY00350,Male,20,54,27.4,1479.6,DSL,0,No,No,Yes,Yes
CUST00351,CON00351,PAY00351,Male,35,62,104.94,6506.28,,6,Yes,No,Yes,Yes
CUST00352,CON00352,PAY00352,Male,69,53,31.4,1664.2,,3,No,Yes,Yes,No
CUST00353,CON00353,PAY00353,Female,61,25,83.25,2081.25,DSL,3,Yes,Yes,No,No
CUST00354,CON00354,PAY00354,Male,68,51,31.69,1616.19,,5,No,Yes,Yes,No
CUST00355,CON00355,PAY00355,Female,29,36,31.47,1132.92,,3,No,No,No,Yes
CUST00356,CON00356,PAY00356,Female,31,40,32.39,1295.6,,3,No,No,No,Yes
CUST00357,CON00357,PAY00357,Female,20,48,100.43,4820.64,DSL,6,Yes,Yes,No,Yes
CUST00358,CON00358,PAY00358,Male,69,21,102.24,2147.04,,6,Yes,Yes,Yes,No
CUST00359,CON00359,PAY00359,Male,33,44,58.32,2566.08,Fiber Optic,9,No,No,Yes,No
CUST00360,CON00360,PAY00360,Female,69,51,58.69,2993.19,Cable,5,Yes,No,Yes,No
CUST00361,CON00361,PAY00361,Male,72,22,62.15,1367.3,Cable,1,Yes,No,Yes,Yes
CUST00362,CON00362,PAY00362,Female,65,29,63.24,1833.96,Cable,0,Yes,No,Yes,Yes
CUST00363,CON00363,PAY00363,Male,38,18,63.02,1134.36,Fiber Optic,5,No,No,No,Yes
CUST00364,CON00364,PAY00364,Female,77,1,28.11,28.11,Cable,3,Yes,Yes,Yes,Yes
CUST00365,CON00365,PAY00365,Female,69,2,54.03,108.06,,2,No,Yes,Yes,No
CUST00366,CON00366,PAY00366,Male,34,25,97.66,2441.5,Fiber Optic,2,Yes,No,Yes,Yes
CUST00367,CON00367,PAY00367,Male,74,48,57.97,2782.56,Cable,8,No,Yes,No,Yes
CUST00368,CON00368,PAY00368,Male,38,60,104.25,6255.0,,6,Yes,No,Yes,Yes
CUST00369,CON00369,PAY00369,Female,64,62,99.19,6149.78,Cable,1,No,No,Yes,Yes
CUST00370,CON00370,PAY00370,Female,33,55,64.23,3532.65,Fiber Optic,3,No,No,Yes,Yes
CUST00371,CON00371,PAY00371,Female,35,59,103.12,6084.08,Fiber Optic,6,No,Yes,No,Yes
CUST00372,CON00372,PAY00372,Female,43,29,50.88,1475.52,Fiber Optic,5,Yes,No,Yes,No
CUST00373,CON00373,PAY00373,Male,72,34,77.1,2621.4,Fiber Optic,7,No,No,No,Yes
CUST00374,CON00374,PAY00374,Male,71,49,77.03,3774.47,,4,No,No,Yes,Yes
CUST00375,CON00375,PAY00375,Male,49,1,104.87,104.87,DSL,7,No,No,No,No
CUST00376,CON00376,PAY00376,Male,18,11,53.34,586.74,Cable,4,Yes,Yes,No,Yes
CUST00377,CON00377,PAY00377,Male,58,67,28.37,1900.79,Cable,4,No,No,No,Yes
CUST00378,CON00378,PAY00378,Male,26,33,57.41,1894.53,Fiber Optic,0,No,No,No,Yes
CUST00379,CON00379,PAY00379,Female,40,8,63.01,504.08,DSL,4,No,Yes,Yes,No
CUST00380,CON00380,PAY00380,Female,21,19,34.07,647.33,DSL,6,No,No,No,Yes
CUST00381,CON00381,PAY00381,Female,28,38,33.78,1283.64,,3,No,No,No,Yes
CUST00382,CON00382,PAY00382,Female,41,70,34.14,2389.8,DSL,1,No,Yes,No,No
CUST00383,CON00383,PAY00383,Male,70,55,29.2,1606.0,,3,No,Yes,Yes,No
CUST00384,CON00384,PAY00384,Male,36,21,63.23,1327.83,Fiber Optic,4,No,No,No,Yes
CUST00385,CON00385,PAY00385,Male,33,63,99.66,6278.58,,6,Yes,No,Yes,Yes
CUST00386,CON00386,PAY00386,Female,75,25,84.96,2124.0,Cable,1,Yes,Yes,No,Yes
CUST00387,CON00387,PAY00387,Male,57,3,61.26,183.78,Cable,4,Yes,Yes,No,No
CUST00388,CON00388,PAY00388,Female,69,19,98.92,1879.48,Cable,4,No,No,Yes,No
CUST00389,CON00389,PAY00389,Female,73,38,61.28,2328.64,DSL,1,Yes,No,Yes,No
CUST00390,CON00390,PAY00390,Female,64,60,98.29,5897.4,Cable,1,No,No,Yes,Yes
CUST00391,CON00391,PAY00391,Male,18,33,46.14,1522.62,,3,No,Yes,Yes,No
CUST00392,CON00392,PAY00392,Male,77,21,64.24,1349.04,DSL,1,No,Yes,No,No
CUST00393,CON00393,PAY00393,Male,25,43,84.07,3615.01,DSL,5,No,No,No,No
CUST00394,CON00394,PAY00394,Female,53,32,45.03,1440.96,DSL,5,Yes,Yes,No,Yes
CUST00395,CON00395,PAY00395,Male,33,24,48.17,1156.08,,0,No,Yes,No,No
CUST00396,CON00396,PAY00396,Female,64,4,31.72,126.88,,2,Yes,No,Yes,No
CUST00397,CON00397,PAY00397,Male,75,22,62.84,1382.48,Cable,0,Yes,No,Yes,Yes
CUST00398,CON00398,PAY00398,Female,59,27,59.8,1614.6,,1,No,No,Yes,Yes
CUST00399,CON00399,PAY00399,Male,51,47,48.47,2278.09,,2,No,No,Yes,No
CUST00400,CON00400,PAY00400,Female,48,29,45.54,1320.66,Fiber Optic,5,Yes,No,Yes,No
CUST00401,CON00401,PAY00401,Male,54,22,59.03,1298.66,Cable,5,Yes,Yes,Yes,Yes
CUST00402,CON00402,PAY00402,Female,49,42,103.02,4326.84,DSL,1,No,No,No,No
CUST00403,CON00403,PAY00403,Female,30,10,104.76,1047.6,Fiber Optic,3,Yes,Yes,No,No
CUST00404,CON00404,PAY00404,Female,44,8,62.3,498.4,DSL,5,No,Yes,Yes,No
CUST00405,CON00405,PAY00405,Male,35,17,59.06,1004.02,Fiber Optic,4,No,No,No,Yes
CUST00406,CON00406,PAY00406,Male,53,3,31.93,95.79,Cable,2,Yes,Yes,No,Yes
CUST00407,CON00407,PAY00407,Male,23,51,32.08,1636.08,DSL,2,No,No,Yes,Yes
CUST00408,CON00408,PAY00408,Male,55,3,63.34,190.02,Cable,3,Yes,Yes,No,No
CUST00409,CON00409,PAY00409,Female,18,45,95.91,4315.95,DSL,8,Yes,Yes,No,Yes
CUST00410,CON00410,PAY00410,Male,69,58,79.58,4615.64,Cable,0,No,No,No,No
CUST00411,CON00411,PAY00411,Male,18,30,51.71,1551.3,,3,No,Yes,Yes,No
CUST00412,CON00412,PAY00412,Male,55,3,78.04,234.12,Fiber Optic,0,No,No,No,No
CUST00413,CON00413,PAY00413,Female,55,26,79.56,2068.56,DSL,3,Yes,Yes,No,No
CUST00414,CON00414,PAY00414,Male,61,68,64.21,4366.28,Fiber Optic,1,Yes,No,Yes,No
CUST00415,CON00415,PAY00415,Female,54,68,28.6,1944.8,Cable,3,Yes,No,Yes,Yes
CUST00416,CON00416,PAY00416,Male,68,51,34.83,1776.33,,3,No,Yes,Yes,No
CUST00417,CON00417,PAY00417,Female,20,49,98.75,4838.75,DSL,8,Yes,Yes,No,Yes
CUST00418,CON00418,PAY00418,Female,70,48,59.64,2862.72,Cable,6,Yes,No,Yes,No
CUST00419,CON00419,PAY00419,Male,56,28,104.62,2929.36,,8,Yes,No,Yes,No
CUST00420,CON00420,PAY00420,Female,25,14,99.73,1396.22,Fiber Optic,1,Yes,Yes,No,No
CUST00421,CON00421,PAY00421,Female,34,59,102.16,6027.44,Fiber Optic,4,No,Yes,No,Yes
CUST00422,CON00422,PAY00422,Male,22,72,81.48,5866.56,DSL,5,No,No,No,No
CUST00423,CON00423,PAY00423,Male,52,60,64.1,3846.0,Cable,8,Yes,Yes,No,No
CUST00424,CON00424,PAY00424,Female,40,47,58.41,2745.27,,5,Yes,Yes,No,No
CUST00425,CON00425,PAY00425,Male,34,24,98.63,2367.12,Fiber Optic,2,Yes,No,Yes,Yes
CUST00426,CON00426,PAY00426,Female,40,68,32.25,2193.0,DSL,0,No,Yes,No,No
CUST00427,CON00427,PAY00427,Male,18,29,45.73,1326.17,,1,No,Yes,Yes,No
CUST00428,CON00428,PAY00428,Female,32,53,60.94,3229.82,Fiber Optic,2,No,No,Yes,Yes
CUST00429,CON00429,PAY00429,Male,24,38,46.94,1783.72,Cable,8,Yes,Yes,Yes,Yes
CUST00430,CON00430,PAY00430,Female,18,49,102.3,5012.7,DSL,7,Yes,Yes,No,Yes
CUST00431,CON00431,PAY00431,Female,24,9,95.75,861.75,,3,No,Yes,Yes,No
CUST00432,CON00432,PAY00432,Female,23,6,97.66,585.96,,1,No,Yes,Yes,No
CUST00433,CON00433,PAY00433,Male,40,17,64.08,1089.36,Fiber Optic,4,No,No,No,Yes
CUST00434,CON00434,PAY00434,Male,26,33,55.12,1818.96,Fiber Optic,1,No,No,No,Yes
CUST00435,CON00435,PAY00435,Female,51,5,57.5,287.5,DSL,5,Yes,No,Yes,No
CUST00436,CON00436,PAY00436,Male,53,60,59.26,3555.6,Cable,8,Yes,Yes,No,No
CUST00437,CON00437,PAY00437,Female,40,63,34.0,2142.0,DSL,2,No,No,Yes,Yes
CUST00438,CON00438,PAY00438,Male,31,57,31.1,1772.7,Cable,7,Yes,Yes,Yes,Yes
CUST00439,CON00439,PAY00439,Female,60,25,83.92,2098.0,DSL,5,Yes,Yes,No,No
CUST00440,CON00440,PAY00440,Female,46,9,63.58,572.22,DSL,6,No,Yes,Yes,No
CUST00441,CON00441,PAY00441,Female,61,63,96.69,6091.47,Cable,0,No,No,Yes,Yes
CUST00442,CON00442,PAY00442,Male,70,4,34.35,137.4,,5,Yes,No,Yes,No
CUST00443,CON00443,PAY00443,Female,48,29,103.24,2993.96,Cable,3,Yes,No,No,Yes
CUST00444,CON00444,PAY00444,Male,23,48,32.09,1540.32,DSL,6,Yes,No,Yes,Yes
CUST00445,CON00445,PAY00445,Female,27,36,30.67,1104.12,,3,No,No,No,Yes
CUST00446,CON00446,PAY00446,Female,47,32,97.46,3118.72,Cable,4,Yes,No,No,Yes
CUST00447,CON00447,PAY00447,Female,51,32,31.2,998.4,,4,No,No,Yes,Yes
CUST00448,CON00448,PAY00448,Male,52,45,50.36,2266.2,,2,No,No,Yes,No
CUST00449,CON00449,PAY00449,Female,69,49,61.94,3035.06,Cable,4,Yes,No,Yes,No
CUST00450,CON00450,PAY00450,Female,31,38,26.82,1019.16,,3,No,No,No,Yes
CUST00451,CON00451,PAY00451,Female,68,1,46.83,46.83,,2,No,Yes,Yes,No
CUST00452,CON00452,PAY00452,Female,67,26,34.87,906.62,Fiber Optic,0,No,Yes,Yes,Yes
CUST00453,CON00453,PAY00453,Female,34,49,27.93,1368.57,Fiber Optic,5,No,Yes,No,Yes
CUST00454,CON00454,PAY00454,Female,56,72,95.25,6858.0,Fiber Optic,3,Yes,Yes,Yes,Yes
CUST00455,CON00455,PAY00455,Male,18,23,28.41,653.43,DSL,0,No,Yes,No,Yes
CUST00456,CON00456,PAY00456,Male,24,35,78.52,2748.2,Fiber Optic,8,Yes,Yes,No,Yes
CUST00457,CON00457,PAY00457,Male,34,44,59.35,2611.4,Fiber Optic,9,No,No,Yes,No
CUST00458,CON00458,PAY00458,Male,69,54,30.81,1663.74,,3,No,Yes,Yes,No
CUST00459,CON00459,PAY00459,Female,51,12,33.54,402.48,Fiber Optic,7,No,Yes,Yes,Yes
CUST00460,CON00460,PAY00460,Female,45,6,63.67,382.02,DSL,5,No,Yes,Yes,No
CUST00461,CON00461,PAY00461,Male,57,5,64.59,322.95,Cable,4,Yes,Yes,No,No
CUST00462,CON00462,PAY00462,Male,56,41,29.63,1214.83,,4,Yes,Yes,No,No
CUST00463,CON00463,PAY00463,Male,36,64,103.02,6593.28,,6,Yes,No,Yes,Yes
CUST00464,CON00464,PAY00464,Female,60,49,63.77,3124.73,,7,Yes,Yes,No,No
CUST00465,CON00465,PAY00465,Male,29,50,30.9,1545.0,DSL,4,Yes,No,Yes,Yes
CUST00466,CON00466,PAY00466,Female,66,1,46.49,46.49,,3,No,Yes,Yes,No
CUST00467,CON00467,PAY00467,Female,48,33,96.84,3195.72,Cable,5,Yes,No,No,Yes
CUST00468,CON00468,PAY00468,Female,45,43,75.25,3235.75,DSL,7,No,No,No,Yes
CUST00469,CON00469,PAY00469,Female,68,26,29.49,766.74,Fiber Optic,1,No,Yes,Yes,Yes
CUST00470,CON00470,PAY00470,Male,69,18,104.26,1876.68,,4,Yes,Yes,Yes,No
CUST00471,CON00471,PAY00471,Female,40,6,62.16,372.96,DSL,4,No,Yes,Yes,No
CUST00472,CON00472,PAY00472,Male,61,65,64.7,4205.5,Fiber Optic,1,Yes,No,Yes,No
CUST00473,CON00473,PAY00473,Female,48,30,45.18,1355.4,Fiber Optic,4,Yes,No,Yes,No
CUST00474,CON00474,PAY00474,Male,22,26,82.01,2132.26,Cable,0,No,No,Yes,No
CUST00475,CON00475,PAY00475,Male,65,52,76.47,3976.44,,5,No,No,Yes,Yes
CUST00476,CON00476,PAY00476,Female,74,39,60.91,2375.49,DSL,0,Yes,No,Yes,No
CUST00477,CON00477,PAY00477,Male,34,47,62.23,2924.81,Fiber Optic,7,No,No,Yes,No
CUST00478,CON00478,PAY00478,Female,54,70,99.56,6969.2,Fiber Optic,4,Yes,Yes,Yes,Yes
CUST00479,CON00479,PAY00479,Female,61,68,78.58,5343.44,,4,Yes,No,No,Yes
CUST00480,CON00480,PAY00480,Male,19,36,47.18,1698.48,Cable,8,Yes,Yes,Yes,Yes
CUST00481,CON00481,PAY00481,Female,42,9,60.34,543.06,DSL,5,No,Yes,Yes,No
CUST00482,CON00482,PAY00482,Male,54,48,102.57,4923.36,Cable,0,No,No,Yes,No
CUST00483,CON00483,PAY00483,Male,67,56,75.32,4217.92,Cable,1,No,No,No,No
CUST00484,CON00484,PAY00484,Female,72,22,79.4,1746.8,Cable,0,Yes,Yes,No,Yes
CUST00485,CON00485,PAY00485,Female,68,22,102.17,2247.74,Cable,4,No,No,Yes,No
CUST00486,CON00486,PAY00486,Male,51,3,63.39,190.17,Cable,3,Yes,Yes,No,No
CUST00487,CON00487,PAY00487,Male,70,3,78.22,234.66,,0,Yes,No,Yes,Yes
CUST00488,CON00488,PAY00488,Male,58,69,64.44,4446.36,Fiber Optic,0,Yes,No,Yes,No
CUST00489,CON00489,PAY00489,Male,50,2,25.87,51.74,Cable,3,Yes,Yes,No,Yes
CUST00490,CON00490,PAY00490,Female,70,48,55.17,2648.16,Cable,4,Yes,No,Yes,No
CUST00491,CON00491,PAY00491,Male,69,52,27.44,1426.88,,5,No,Yes,Yes,No
CUST00492,CON00492,PAY00492,Male,68,52,76.01,3952.52,,4,No,No,Yes,Yes
CUST00493,CON00493,PAY00493,Female,74,39,56.15,2189.85,DSL,0,Yes,No,Yes,No
CUST00494,CON00494,PAY00494,Female,60,32,97.53,3120.96,,7,No,No,No,No
CUST00495,CON00495,PAY00495,Female,42,69,28.19,1945.11,DSL,0,No,Yes,No,No
CUST00496,CON00496,PAY00496,Female,51,10,30.71,307.1,Fiber Optic,6,No,Yes,Yes,Yes
CUST00497,CON00497,PAY00497,Male,29,25,101.21,2530.25,Fiber Optic,4,Yes,No,Yes,Yes
CUST00498,CON00498,PAY00498,Female,57,70,81.28,5689.6,,5,Yes,No,No,Yes
CUST00499,CON00499,PAY00499,Male,52,2,79.57,159.14,Fiber Optic,0,No,No,No,No
CUST00500,CON00500,PAY00500,Female,72,1,30.46,30.46,Cable,3,Yes,Yes,Yes,Yes
CUST00501,CON00501,PAY00501,Male,73,34,80.26,2728.84,Fiber Optic,6,No,No,No,Yes
CUST00502,CON00502,PAY00502,Female,54,45,97.21,4374.45,DSL,1,No,No,No,No
CUST00503,CON00503,PAY00503,Male,73,26,56.67,1473.42,Cable,0,Yes,No,Yes,Yes
CUST00504,CON00504,PAY00504,Male,30,56,32.32,1809.92,Cable,6,Yes,Yes,Yes,Yes
CUST00505,CON00505,PAY00505,Female,24,20,25.35,507.0,DSL,6,No,No,No,Yes
CUST00506,CON00506,PAY00506,Female,57,66,26.65,1758.9,Cable,4,Yes,No,Yes,Yes
CUST00507,CON00507,PAY00507,Female,71,29,56.66,1643.14,Cable,1,Yes,No,Yes,Yes
CUST00508,CON00508,PAY00508,Male,52,21,64.55,1355.55,Cable,6,Yes,Yes,Yes,Yes
CUST00509,CON00509,PAY00509,Male,18,21,27.45,576.45,DSL,1,No,Yes,No,Yes
CUST00510,CON00510,PAY00510,Male,66,60,31.06,1863.6,,2,No,Yes,Yes,No
CUST00511,CON00511,PAY00511,Female,63,30,61.11,1833.3,,1,No,Yes,Yes,Yes
CUST00512,CON00512,PAY00512,Female,74,1,31.13,31.13,Cable,1,Yes,Yes,Yes,Yes
CUST00513,CON00513,PAY00513,Female,44,70,34.2,2394.0,DSL,0,No,Yes,No,No
CUST00514,CON00514,PAY00514,Male,76,26,60.22,1565.72,Cable,0,Yes,No,Yes,Yes
CUST00515,CON00515,PAY00515,Female,71,45,58.34,2625.3,Fiber Optic,7,No,No,Yes,Yes
CUST00516,CON00516,PAY00516,Male,58,67,81.77,5478.59,Fiber Optic,6,No,Yes,Yes,Yes
CUST00517,CON00517,PAY00517,Male,48,66,83.26,5495.16,Fiber Optic,5,Yes,Yes,Yes,No
CUST00518,CON00518,PAY00518,Female,65,8,29.21,233.68,,3,Yes,No,Yes,No
CUST00519,CON00519,PAY00519,Male,29,44,83.84,3688.96,DSL,4,No,No,No,No
CUST00520,CON00520,PAY00520,Female,45,31,45.69,1416.39,Fiber Optic,4,Yes,No,Yes,No
CUST00521,CON00521,PAY00521,Male,30,26,45.51,1183.26,,0,No,Yes,No,No
CUST00522,CON00522,PAY00522,Female,53,72,104.51,7524.72,Fiber Optic,4,Yes,Yes,Yes,Yes
CUST00523,CON00523,PAY00523,Male,51,3,96.5,289.5,DSL,6,No,No,No,No
CUST00524,CON00524,PAY00524,Female,38,50,26.47,1323.5,Fiber Optic,7,No,Yes,No,Yes
CUST00525,CON00525,PAY00525,Male,24,33,79.5,2623.5,Fiber Optic,8,Yes,Yes,No,Yes
CUST00526,CON00526,PAY00526,Male,21,36,76.86,2766.96,DSL,7,Yes,No,No,No
CUST00527,CON00527,PAY00527,Female,53,10,34.27,342.7,Fiber Optic,8,No,Yes,Yes,Yes
CUST00528,CON00528,PAY00528,Female,19,62,101.84,6314.08,Fiber Optic,6,No,No,No,Yes
CUST00529,CON00529,PAY00529,Female,62,31,59.91,1857.21,,1,No,No,Yes,Yes
CUST00530,CON00530,PAY00530,Male,21,33,82.67,2728.11,Fiber Optic,8,Yes,Yes,No,Yes
CUST00531,CON00531,PAY00531,Female,69,6,80.71,484.26,,7,No,No,No,Yes
CUST00532,CON00532,PAY00532,Male,35,46,55.84,2568.64,Fiber Optic,9,No,No,Yes,No
CUST00533,CON00533,PAY00533,Male,74,5,28.91,144.55,,4,Yes,No,Yes,No
CUST00534,CON00534,PAY00534,Male,18,20,29.59,591.8,DSL,1,No,Yes,No,Yes
CUST00535,CON00535,PAY00535,Female,59,72,97.45,7016.4,Fiber Optic,2,Yes,Yes,Yes,Yes
CUST00536,CON00536,PAY00536,Male,66,52,84.87,4413.24,,5,No,No,Yes,Yes
CUST00537,CON00537,PAY00537,Male,25,33,61.88,2042.04,Fiber Optic,2,No,No,No,Yes
CUST00538,CON00538,PAY00538,Male,34,49,53.14,2603.86,Fiber Optic,7,No,Yes,No,Yes
CUST00539,CON00539,PAY00539,Male,73,20,104.74,2094.8,,5,Yes,Yes,Yes,No
CUST00540,CON00540,PAY00540,Male,56,61,61.45,3748.45,Cable,9,Yes,Yes,No,No
CUST00541,CON00541,PAY00541,Female,60,29,57.43,1665.47,,2,No,Yes,Yes,Yes
CUST00542,CON00542,PAY00542,Male,48,46,49.76,2288.96,,4,No,No,Yes,No
CUST00543,CON00543,PAY00543,Female,62,6,34.57,207.42,,3,Yes,No,Yes,No
CUST00544,CON00544,PAY00544,Male,21,72,75.55,5439.6,DSL,4,No,No,No,No
CUST00545,CON00545,PAY00545,Male,25,34,62.27,2117.18,Fiber Optic,2,No,No,No,Yes
CUST00546,CON00546,PAY00546,Male,19,32,49.57,1586.24,,3,No,Yes,Yes,No
CUST00547,CON00547,PAY00547,Female,69,44,60.51,2662.44,Fiber Optic,6,No,No,Yes,Yes
CUST00548,CON00548,PAY00548,Female,27,36,31.3,1126.8,,3,No,No,No,Yes
CUST00549,CON00549,PAY00549,Male,33,59,27.28,1609.52,Cable,8,Yes,Yes,Yes,Yes
CUST00550,CON00550,PAY00550,Male,26,47,31.03,1458.41,DSL,6,Yes,No,Yes,Yes
CUST00551,CON00551,PAY00551,Female,46,13,77.27,1004.51,Fiber Optic,2,No,Yes,No,Yes
CUST00552,CON00552,PAY00552,Female,18,10,96.82,968.2,,2,No,Yes,Yes,No
CUST00553,CON00553,PAY00553,Male,50,1,103.19,103.19,DSL,6,No,No,No,No
CUST00554,CON00554,PAY00554,Male,67,18,101.37,1824.66,,4,Yes,Yes,Yes,No
CUST00555,CON00555,PAY00555,Male,65,49,80.08,3923.92,,4,No,No,Yes,Yes
CUST00556,CON00556,PAY00556,Female,18,47,96.1,4516.7,Cable,4,Yes,Yes,Yes,Yes
CUST00557,CON00557,PAY00557,Male,55,41,29.09,1192.69,,4,Yes,Yes,No,No
CUST00558,CON00558,PAY00558,Male,75,24,59.44,1426.56,DSL,1,No,Yes,No,No
CUST00559,CON00559,PAY00559,Male,52,3,104.38,313.14,DSL,7,No,No,No,No
CUST00560,CON00560,PAY00560,Male,72,7,76.48,535.36,,1,Yes,No,Yes,Yes
CUST00561,CON00561,PAY00561,Male,68,44,59.19,2604.36,Cable,6,No,Yes,No,Yes
CUST00562,CON00562,PAY00562,Male,54,23,63.64,1463.72,Cable,6,Yes,Yes,Yes,Yes
CUST00563,CON00563,PAY00563,Female,64,60,100.07,6004.2,Cable,0,No,No,Yes,Yes
CUST00564,CON00564,PAY00564,Female,39,66,30.67,2024.22,DSL,1,No,Yes,No,No
CUST00565,CON00565,PAY00565,Male,18,11,51.66,568.26,Cable,3,Yes,Yes,No,Yes
CUST00566,CON00566,PAY00566,Male,28,56,26.17,1465.52,Cable,8,Yes,Yes,Yes,Yes
CUST00567,CON00567,PAY00567,Female,71,52,62.74,3262.48,Cable,5,Yes,No,Yes,No
CUST00568,CON00568,PAY00568,Female,18,47,95.28,4478.16,Cable,2,Yes,Yes,Yes,Yes
CUST00569,CON00569,PAY00569,Female,48,43,82.99,3568.57,DSL,6,No,No,No,Yes
CUST00570,CON00570,PAY00570,Male,18,33,80.04,2641.32,DSL,7,Yes,No,No,No
CUST00571,CON00571,PAY00571,Female,54,68,27.02,1837.36,Cable,4,Yes,No,Yes,Yes
CUST00572,CON00572,PAY00572,Female,66,42,58.69,2464.98,Fiber Optic,6,No,No,Yes,Yes
CUST00573,CON00573,PAY00573,Male,49,66,83.19,5490.54,Fiber Optic,7,Yes,Yes,Yes,No
CUST00574,CON00574,PAY00574,Female,66,34,53.2,1808.8,Cable,3,No,No,Yes,No
CUST00575,CON00575,PAY00575,Male,19,23,33.01,759.23,DSL,1,No,Yes,No,Yes
CUST00576,CON00576,PAY00576,Female,59,69,102.78,7091.82,Fiber Optic,4,Yes,Yes,Yes,Yes
CUST00577,CON00577,PAY00577,Female,45,13,78.95,1026.35,Fiber Optic,2,No,Yes,No,Yes
CUST00578,CON00578,PAY00578,Male,34,4,64.62,258.48,,9,No,No,Yes,No
CUST00579,CON00579,PAY00579,Male,28,57,26.65,1519.05,Cable,8,Yes,Yes,Yes,Yes
CUST00580,CON00580,PAY00580,Male,57,69,63.46,4378.74,Fiber Optic,1,Yes,No,Yes,No
CUST00581,CON00581,PAY00581,Female,58,35,49.44,1730.4,DSL,6,Yes,Yes,No,Yes
CUST00582,CON00582,PAY00582,Female,49,33,52.33,1726.89,Fiber Optic,3,Yes,No,Yes,No
CUST00583,CON00583,PAY00583,Male,21,35,84.58,2960.3,DSL,7,Yes,No,No,No
CUST00584,CON00584,PAY00584,Female,18,61,97.35,5938.35,Fiber Optic,7,No,No,No,Yes
CUST00585,CON00585,PAY00585,Female,43,68,25.04,1702.72,DSL,1,No,Yes,No,No
CUST00586,CON00586,PAY00586,Male,49,2,34.41,68.82,Cable,1,Yes,Yes,No,Yes
CUST00587,CON00587,PAY00587,Female,72,26,25.98,675.48,Cable,6,No,Yes,Yes,No
CUST00588,CON00588,PAY00588,Female,64,27,57.37,1548.99,,1,No,No,Yes,Yes
CUST00589,CON00589,PAY00589,Female,42,67,28.67,1920.89,DSL,0,No,Yes,No,No
CUST00590,CON00590,PAY00590,Female,27,45,64.41,2898.45,Fiber Optic,6,Yes,No,No,Yes
CUST00591,CON00591,PAY00591,Female,28,48,56.02,2688.96,Fiber Optic,6,Yes,No,No,Yes
CUST00592,CON00592,PAY00592,Female,19,62,101.37,6284.94,Fiber Optic,8,No,No,No,Yes
CUST00593,CON00593,PAY00593,Female,61,29,58.77,1704.33,,1,No,Yes,Yes,Yes
CUST00594,CON00594,PAY00594,Female,31,59,102.72,6060.48,Fiber Optic,5,No,Yes,No,Yes
CUST00595,CON00595,PAY00595,Female,58,34,54.53,1854.02,DSL,7,Yes,Yes,No,Yes
CUST00596,CON00596,PAY00596,Female,18,46,98.35,4524.1,Cable,2,Yes,Yes,Yes,Yes
CUST00597,CON00597,PAY00597,Male,47,48,47.23,2267.04,,2,No,No,Yes,No
CUST00598,CON00598,PAY00598,Female,19,8,101.7,813.6,,1,No,Yes,Yes,No
CUST00599,CON00599,PAY00599,Female,50,42,75.21,3158.82,DSL,8,No,No,No,Yes
CUST00600,CON00600,PAY00600,Female,22,47,97.52,4583.44,DSL,8,Yes,Yes,No,Yes
CUST00601,CON00601,PAY00601,Male,35,44,62.41,2746.04,Fiber Optic,7,No,No,Yes,No
CUST00602,CON00602,PAY00602,Female,45,33,50.15,1654.95,Fiber Optic,3,Yes,No,Yes,No
CUST00603,CON00603,PAY00603,Male,24,49,29.1,1425.9,DSL,5,Yes,No,Yes,Yes
CUST00604,CON00604,PAY00604,Female,60,59,99.52,5871.68,Cable,0,No,No,Yes,Yes
CUST00605,CON00605,PAY00605,Female,66,17,32.16,546.72,Fiber Optic,2,No,Yes,No,Yes
CUST00606,CON00606,PAY00606,Male,73,34,75.98,2583.32,Fiber Optic,5,No,No,No,Yes
CUST00607,CON00607,PAY00607,Male,32,26,53.61,1393.86,,1,No,Yes,No,No
CUST00608,CON00608,PAY00608,Female,53,69,98.18,6774.42,Fiber Optic,2,Yes,Yes,Yes,Yes
CUST00609,CON00609,PAY00609,Female,51,5,63.0,315.0,DSL,5,Yes,No,Yes,No
CUST00610,CON00610,PAY00610,Female,66,42,63.95,2685.9,Fiber Optic,7,No,No,Yes,Yes
CUST00611,CON00611,PAY00611,Male,63,57,81.35,4636.95,Cable,0,No,No,No,No
CUST00612,CON00612,PAY00612,Female,63,20,32.75,655.0,Fiber Optic,1,No,Yes,No,Yes
CUST00613,CON00613,PAY00613,Male,21,36,80.72,2905.92,Fiber Optic,8,Yes,Yes,No,Yes
CUST00614,CON00614,PAY00614,Male,51,45,47.81,2151.45,,4,No,No,Yes,No
CUST00615,CON00615,PAY00615,Female,32,35,100.18,3506.3,Cable,1,Yes,Yes,Yes,No
CUST00616,CON00616,PAY00616,Male,30,7,63.47,444.29,,7,No,No,Yes,No
CUST00617,CON00617,PAY00617,Female,33,46,60.86,2799.56,Fiber Optic,5,Yes,No,No,Yes
CUST00618,CON00618,PAY00618,Female,30,37,31.36,1160.32,,3,No,No,No,Yes
CUST00619,CON00619,PAY00619,Female,68,4,49.88,199.52,,3,No,Yes,Yes,No
CUST00620,CON00620,PAY00620,Female,35,56,62.55,3502.8,Fiber Optic,2,No,No,Yes,Yes
CUST00621,CON00621,PAY00621,Female,27,37,28.65,1060.05,,1,No,No,No,Yes
CUST00622,CON00622,PAY00622,Female,55,71,95.89,6808.19,Fiber Optic,2,Yes,Yes,Yes,Yes
CUST00623,CON00623,PAY00623,Female,71,25,79.24,1981.0,Cable,1,Yes,Yes,No,Yes
CUST00624,CON00624,PAY00624,Female,50,44,98.02,4312.88,DSL,1,No,No,No,No
CUST00625,CON00625,PAY00625,Female,49,31,53.8,1667.8,Fiber Optic,3,Yes,No,Yes,No
CUST00626,CON00626,PAY00626,Male,69,5,29.14,145.7,,4,Yes,No,Yes,No
CUST00627,CON00627,PAY00627,Female,24,70,45.4,3178.0,DSL,8,No,No,No,Yes
CUST00628,CON00628,PAY00628,Female,61,25,80.86,2021.5,DSL,4,Yes,Yes,No,No
CUST00629,CON00629,PAY00629,Male,57,28,97.55,2731.4,,9,Yes,No,Yes,No
CUST00630,CON00630,PAY00630,Male,39,17,59.36,1009.12,Fiber Optic,4,No,No,No,Yes
CUST00631,CON00631,PAY00631,Female,27,40,34.4,1376.0,,3,No,No,No,Yes
CUST00632,CON00632,PAY00632,Male,18,21,31.11,653.31,DSL,1,No,Yes,No,Yes
CUST00633,CON00633,PAY00633,Female,38,46,57.61,2650.06,,4,Yes,Yes,No,No
CUST00634,CON00634,PAY00634,Male,18,31,48.84,1514.04,,2,No,Yes,Yes,No
CUST00635,CON00635,PAY00635,Male,54,3,81.09,243.27,Fiber Optic,0,No,No,No,No
CUST00636,CON00636,PAY00636,Male,71,53,75.55,4004.15,,4,No,No,Yes,Yes
CUST00637,CON00637,PAY00637,Male,46,48,53.07,2547.36,,2,No,No,Yes,No
CUST00638,CON00638,PAY00638,Female,44,49,60.97,2987.53,,3,Yes,Yes,No,No
CUST00639,CON00639,PAY00639,Male,29,42,77.83,3268.86,DSL,5,No,No,No,No
CUST00640,CON00640,PAY00640,Female,52,66,25.93,1711.38,Cable,3,Yes,No,Yes,Yes
CUST00641,CON00641,PAY00641,Female,43,69,30.66,2115.54,DSL,1,No,Yes,No,No
CUST00642,CON00642,PAY00642,Female,73,72,46.77,3367.44,Cable,0,No,No,Yes,Yes
CUST00643,CON00643,PAY00643,Male,56,44,30.03,1321.32,,3,Yes,Yes,No,No
CUST00644,CON00644,PAY00644,Male,25,29,80.62,2337.98,Cable,1,No,No,Yes,No
CUST00645,CON00645,PAY00645,Male,69,56,83.22,4660.32,Cable,0,No,No,No,No
CUST00646,CON00646,PAY00646,Female,62,61,102.53,6254.33,Cable,1,No,No,Yes,Yes
CUST00647,CON00647,PAY00647,Female,40,46,57.27,2634.42,,4,Yes,Yes,No,No
CUST00648,CON00648,PAY00648,Male,49,1,28.47,28.47,Cable,3,Yes,Yes,No,Yes
CUST00649,CON00649,PAY00649,Female,73,2,27.92,55.84,Cable,2,Yes,Yes,Yes,Yes
CUST00650,CON00650,PAY00650,Female,31,62,54.07,3352.34,Cable,2,No,Yes,Yes,No
CUST00651,CON00651,PAY00651,Male,55,61,57.66,3517.26,Cable,9,Yes,Yes,No,No
CUST00652,CON00652,PAY00652,Male,28,43,81.88,3520.84,DSL,3,No,No,No,No
CUST00653,CON00653,PAY00653,Female,55,68,29.98,2038.64,Cable,4,Yes,No,Yes,Yes
CUST00654,CON00654,PAY00654,Female,69,25,75.12,1878.0,Cable,1,Yes,Yes,No,Yes
CUST00655,CON00655,PAY00655,Female,44,46,64.79,2980.34,,3,Yes,Yes,No,No
CUST00656,CON00656,PAY00656,Female,67,20,95.75,1915.0,Cable,4,No,No,Yes,No
CUST00657,CON00657,PAY00657,Male,28,27,80.34,2169.18,Cable,0,No,No,Yes,No
CUST00658,CON00658,PAY00658,Female,58,72,99.92,7194.24,Fiber Optic,2,Yes,Yes,Yes,Yes
CUST00659,CON00659,PAY00659,Female,54,32,47.64,1524.48,DSL,7,Yes,Yes,No,Yes
CUST00660,CON00660,PAY00660,Male,35,27,46.65,1259.55,,0,No,Yes,No,No
CUST00661,CON00661,PAY00661,Female,72,37,58.1,2149.7,DSL,1,Yes,No,Yes,No
CUST00662,CON00662,PAY00662,Male,57,51,100.13,5106.63,Cable,2,No,No,Yes,No
CUST00663,CON00663,PAY00663,Female,51,30,31.14,934.2,,4,No,No,Yes,Yes
CUST00664,CON00664,PAY00664,Male,32,27,104.8,2829.6,Fiber Optic,3,Yes,No,Yes,Yes
CUST00665,CON00665,PAY00665,Female,58,65,27.2,1768.0,Cable,3,Yes,No,Yes,Yes
CUST00666,CON00666,PAY00666,Male,27,33,61.57,2031.81,Fiber Optic,2,No,No,No,Yes
CUST00667,CON00667,PAY00667,Female,39,67,34.66,2322.22,DSL,0,No,Yes,No,No
CUST00668,CON00668,PAY00668,Male,74,48,56.57,2715.36,Cable,8,No,Yes,No,Yes
CUST00669,CON00669,PAY00669,Female,42,15,75.07,1126.05,Fiber Optic,1,No,Yes,No,Yes
CUST00670,CON00670,PAY00670,Male,70,26,58.36,1517.36,Cable,0,Yes,No,Yes,Yes
CUST00671,CON00671,PAY00671,Female,77,72,52.31,3766.32,Cable,1,No,No,Yes,Yes
CUST00672,CON00672,PAY00672,Female,71,70,49.54,3467.8,Cable,2,No,No,Yes,Yes
CUST00673,CON00673,PAY00673,Male,63,69,78.25,5399.25,Fiber Optic,5,No,Yes,Yes,Yes
CUST00674,CON00674,PAY00674,Male,32,7,58.74,411.18,,8,No,No,Yes,No
CUST00675,CON00675,PAY00675,Male,51,50,104.62,5231.0,Cable,0,No,No,Yes,No
CUST00676,CON00676,PAY00676,Female,30,59,53.5,3156.5,Cable,0,No,Yes,Yes,No
CUST00677,CON00677,PAY00677,Male,24,36,53.15,1913.4,Fiber Optic,0,Yes,No,No,No
CUST00678,CON00678,PAY00678,Female,24,67,51.87,3475.29,DSL,7,No,No,No,Yes
CUST00679,CON00679,PAY00679,Male,50,4,97.5,390.0,DSL,5,No,No,No,No
CUST00680,CON00680,PAY00680,Male,37,45,57.98,2609.1,Fiber Optic,8,No,No,Yes,No
CUST00681,CON00681,PAY00681,Male,68,53,25.56,1354.68,,5,No,Yes,Yes,No
CUST00682,CON00682,PAY00682,Male,27,27,82.6,2230.2,Cable,0,No,No,Yes,No
CUST00683,CON00683,PAY00683,Female,41,63,29.85,1880.55,DSL,1,No,No,Yes,Yes
CUST00684,CON00684,PAY00684,Male,28,27,79.02,2133.54,Cable,1,No,No,Yes,No
CUST00685,CON00685,PAY00685,Male,48,5,25.0,125.0,Cable,1,Yes,Yes,No,Yes
CUST00686,CON00686,PAY00686,Female,69,24,27.86,668.64,Fiber Optic,0,No,Yes,Yes,Yes
CUST00687,CON00687,PAY00687,Male,26,72,79.53,5726.16,DSL,5,No,No,No,No
CUST00688,CON00688,PAY00688,Male,31,43,81.54,3506.22,DSL,4,No,No,No,No
CUST00689,CON00689,PAY00689,Female,60,27,64.18,1732.86,,0,No,Yes,Yes,Yes
CUST00690,CON00690,PAY00690,Female,43,13,75.51,981.63,Fiber Optic,2,No,Yes,No,Yes
CUST00691,CON00691,PAY00691,Female,59,51,55.45,2827.95,,6,Yes,Yes,No,No
CUST00692,CON00692,PAY00692,Female,26,61,48.28,2945.08,Cable,2,No,Yes,Yes,No
CUST00693,CON00693,PAY00693,Female,21,46,99.43,4573.78,DSL,7,Yes,Yes,No,Yes
CUST00694,CON00694,PAY00694,Female,54,44,100.08,4403.52,DSL,2,No,No,No,No
CUST00695,CON00695,PAY00695,Male,55,3,55.52,166.56,Cable,3,Yes,Yes,No,No
CUST00696,CON00696,PAY00696,Male,71,44,56.67,2493.48,Cable,6,No,Yes,No,Yes
CUST00697,CON00697,PAY00697,Female,56,72,102.26,7362.72,Fiber Optic,2,Yes,Yes,Yes,Yes
CUST00698,CON00698,PAY00698,Female,39,65,30.28,1968.2,DSL,2,No,No,Yes,Yes
CUST00699,CON00699,PAY00699,Female,69,42,57.07,2396.94,Fiber Optic,6,No,No,Yes,Yes
CUST00700,CON00700,PAY00700,Male,31,34,61.95,2106.3,Fiber Optic,1,No,No,No,Yes
CUST00701,CON00701,PAY00701,Male,56,41,31.02,1271.82,,3,Yes,Yes,No,No
CUST00702,CON00702,PAY00702,Female,70,28,25.85,723.8,Cable,6,No,Yes,Yes,No
CUST00703,CON00703,PAY00703,Female,37,64,30.8,1971.2,DSL,2,No,No,Yes,Yes
CUST00704,CON00704,PAY00704,Female,30,39,32.24,1257.36,,2,No,No,No,Yes
CUST00705,CON00705,PAY00705,Female,67,48,64.81,3110.88,Cable,6,Yes,No,Yes,No
CUST00706,CON00706,PAY00706,Female,59,72,100.01,7200.72,Fiber Optic,2,Yes,Yes,Yes,Yes
CUST00707,CON00707,PAY00707,Female,38,68,30.31,2061.08,DSL,0,No,Yes,No,No
CUST00708,CON00708,PAY00708,Male,23,46,33.17,1525.82,DSL,6,Yes,No,Yes,Yes
CUST00709,CON00709,PAY00709,Female,72,45,55.35,2490.75,Fiber Optic,6,No,No,Yes,Yes
CUST00710,CON00710,PAY00710,Male,20,14,49.17,688.38,Cable,3,Yes,Yes,No,Yes
CUST00711,CON00711,PAY00711,Male,77,36,76.02,2736.72,Fiber Optic,7,No,No,No,Yes
CUST00712,CON00712,PAY00712,Male,28,39,53.36,2081.04,Fiber Optic,1,Yes,No,No,No
CUST00713,CON00713,PAY00713,Male,68,56,82.75,4634.0,Cable,0,No,No,No,No
CUST00714,CON00714,PAY00714,Male,48,2,103.85,207.7,DSL,6,No,No,No,No
CUST00715,CON00715,PAY00715,Female,42,7,61.31,429.17,DSL,6,No,Yes,Yes,No
CUST00716,CON00716,PAY00716,Male,55,61,62.69,3824.09,Cable,7,Yes,Yes,No,No
CUST00717,CON00717,PAY00717,Male,25,34,83.83,2850.22,Fiber Optic,7,Yes,Yes,No,Yes
CUST00718,CON00718,PAY00718,Male,18,20,27.78,555.6,DSL,1,No,Yes,No,Yes
CUST00719,CON00719,PAY00719,Male,21,34,82.9,2818.6,Fiber Optic,7,Yes,Yes,No,Yes
CUST00720,CON00720,PAY00720,Female,30,59,104.93,6190.87,Fiber Optic,6,No,Yes,No,Yes
CUST00721,CON00721,PAY00721,Female,72,72,50.95,3668.4,Cable,1,No,No,Yes,Yes
CUST00722,CON00722,PAY00722,Male,71,36,80.23,2888.28,Fiber Optic,5,No,No,No,Yes
CUST00723,CON00723,PAY00723,Female,55,31,26.31,815.61,,4,No,No,Yes,Yes
CUST00724,CON00724,PAY00724,Female,47,32,53.35,1707.2,Fiber Optic,4,Yes,No,Yes,No
CUST00725,CON00725,PAY00725,Male,31,27,99.58,2688.66,Fiber Optic,3,Yes,No,Yes,Yes
CUST00726,CON00726,PAY00726,Male,64,60,28.85,1731.0,,1,No,Yes,Yes,No
CUST00727,CON00727,PAY00727,Female,51,11,33.44,367.84,Fiber Optic,8,No,Yes,Yes,Yes
CUST00728,CON00728,PAY00728,Male,73,8,31.7,253.6,,6,Yes,No,Yes,No
CUST00729,CON00729,PAY00729,Female,26,61,51.13,3118.93,Cable,0,No,Yes,Yes,No
CUST00730,CON00730,PAY00730,Male,73,6,26.49,158.94,,5,Yes,No,Yes,No
CUST00731,CON00731,PAY00731,Female,36,51,25.31,1290.81,Fiber Optic,6,No,Yes,No,Yes
CUST00732,CON00732,PAY00732,Male,49,5,104.46,522.3,DSL,7,No,No,No,No
CUST00733,CON00733,PAY00733,Female,55,32,97.59,3122.88,,7,No,No,No,No
CUST00734,CON00734,PAY00734,Female,54,33,51.91,1713.03,DSL,7,Yes,Yes,No,Yes
CUST00735,CON00735,PAY00735,Male,46,48,52.59,2524.32,,3,No,No,Yes,No
CUST00736,CON00736,PAY00736,Male,52,31,104.57,3241.67,,9,Yes,No,Yes,No
CUST00737,CON00737,PAY00737,Male,65,59,27.26,1608.34,,1,No,Yes,Yes,No
CUST00738,CON00738,PAY00738,Female,31,38,98.74,3752.12,Cable,1,Yes,Yes,Yes,No
CUST00739,CON00739,PAY00739,Male,56,6,62.17,373.02,Cable,4,Yes,Yes,No,No
CUST00740,CON00740,PAY00740,Male,52,5,95.24,476.2,DSL,6,No,No,No,No
CUST00741,CON00741,PAY00741,Male,52,65,79.63,5175.95,Fiber Optic,6,Yes,Yes,Yes,No
CUST00742,CON00742,PAY00742,Male,53,60,59.85,3591.0,Cable,8,Yes,Yes,No,No
CUST00743,CON00743,PAY00743,Male,26,36,57.21,2059.56,Fiber Optic,0,No,No,No,Yes
CUST00744,CON00744,PAY00744,Male,54,41,26.81,1099.21,,4,Yes,Yes,No,No
CUST00745,CON00745,PAY00745,Male,54,2,28.5,57.0,Cable,2,Yes,Yes,No,Yes
CUST00746,CON00746,PAY00746,Female,69,25,76.34,1908.5,Cable,0,Yes,Yes,No,Yes
CUST00747,CON00747,PAY00747,Male,67,49,82.48,4041.52,,6,No,No,Yes,Yes
CUST00748,CON00748,PAY00748,Male,70,4,30.47,121.88,,4,Yes,No,Yes,No
CUST00749,CON00749,PAY00749,Female,76,72,54.87,3950.64,Cable,1,No,No,Yes,Yes
CUST00750,CON00750,PAY00750,Female,28,10,95.09,950.9,Fiber Optic,2,Yes,Yes,No,No
CUST00751,CON00751,PAY00751,Female,71,29,34.78,1008.62,Cable,6,No,Yes,Yes,No
CUST00752,CON00752,PAY00752,Female,24,20,33.21,664.2,DSL,7,No,No,No,Yes
CUST00753,CON00753,PAY00753,Female,66,31,64.4,1996.4,Cable,2,Yes,No,Yes,Yes
CUST00754,CON00754,PAY00754,Female,33,50,31.64,1582.0,Fiber Optic,5,No,Yes,No,Yes
CUST00755,CON00755,PAY00755,Female,45,33,46.36,1529.88,Fiber Optic,4,Yes,No,Yes,No
CUST00756,CON00756,PAY00756,Male,27,37,60.87,2252.19,Fiber Optic,1,No,No,No,Yes
CUST00757,CON00757,PAY00757,Female,72,72,50.98,3670.56,Cable,1,No,No,Yes,Yes
CUST00758,CON00758,PAY00758,Female,42,46,58.71,2700.66,,3,Yes,Yes,No,No
CUST00759,CON00759,PAY00759,Male,20,13,45.98,597.74,Cable,5,Yes,Yes,No,Yes
CUST00760,CON00760,PAY00760,Male,22,22,29.58,650.76,DSL,0,No,Yes,No,Yes
CUST00761,CON00761,PAY00761,Male,33,45,58.15,2616.75,Fiber Optic,8,No,No,Yes,No
CUST00762,CON00762,PAY00762,Female,32,53,62.4,3307.2,Fiber Optic,4,No,No,Yes,Yes
CUST00763,CON00763,PAY00763,Male,34,60,103.9,6234.0,,5,Yes,No,Yes,Yes
CUST00764,CON00764,PAY00764,Female,25,70,48.47,3392.9,DSL,8,No,No,No,Yes
CUST00765,CON00765,PAY00765,Female,56,65,31.51,2048.15,Cable,5,Yes,No,Yes,Yes
CUST00766,CON00766,PAY00766,Female,57,25,77.19,1929.75,DSL,4,Yes,Yes,No,No
CUST00767,CON00767,PAY00767,Male,53,58,55.62,3225.96,Cable,7,Yes,Yes,No,No
CUST00768,CON00768,PAY00768,Female,36,48,28.06,1346.88,Fiber Optic,5,No,Yes,No,Yes
CUST00769,CON00769,PAY00769,Female,32,53,57.1,3026.3,Fiber Optic,3,No,No,Yes,Yes
CUST00770,CON00770,PAY00770,Female,48,2,63.55,127.1,DSL,4,Yes,No,Yes,No
CUST00771,CON00771,PAY00771,Female,66,27,30.69,828.63,Fiber Optic,0,No,Yes,Yes,Yes
CUST00772,CON00772,PAY00772,Male,36,61,99.04,6041.44,,5,Yes,No,Yes,Yes
CUST00773,CON00773,PAY00773,Male,29,36,58.52,2106.72,Fiber Optic,2,No,No,No,Yes
CUST00774,CON00774,PAY00774,Male,70,50,76.68,3834.0,,4,No,No,Yes,Yes
CUST00775,CON00775,PAY00775,Male,27,49,28.86,1414.14,DSL,4,Yes,No,Yes,Yes
CUST00776,CON00776,PAY00776,Female,71,41,56.4,2312.4,DSL,0,Yes,No,Yes,No
CUST00777,CON00777,PAY00777,Male,57,23,58.43,1343.89,Cable,4,Yes,Yes,Yes,Yes
CUST00778,CON00778,PAY00778,Female,52,66,31.15,2055.9,Cable,3,Yes,No,Yes,Yes
CUST00779,CON00779,PAY00779,Female,57,32,101.49,3247.68,,7,No,No,No,No
CUST00780,CON00780,PAY00780,Female,31,55,56.75,3121.25,Fiber Optic,2,No,No,Yes,Yes
CUST00781,CON00781,PAY00781,Female,25,23,30.68,705.64,Fiber Optic,2,No,No,No,No
CUST00782,CON00782,PAY00782,Male,75,35,82.78,2897.3,Fiber Optic,7,No,No,No,Yes
CUST00783,CON00783,PAY00783,Male,37,44,57.52,2530.88,Fiber Optic,8,No,No,Yes,No
CUST00784,CON00784,PAY00784,Female,66,37,53.64,1984.68,Cable,3,No,No,Yes,No
CUST00785,CON00785,PAY00785,Female,45,8,59.73,477.84,DSL,5,No,Yes,Yes,No
CUST00786,CON00786,PAY00786,Female,52,32,54.12,1731.84,DSL,5,Yes,Yes,No,Yes
CUST00787,CON00787,PAY00787,Female,69,37,51.8,1916.6,Cable,3,No,No,Yes,No
CUST00788,CON00788,PAY00788,Male,58,23,59.56,1369.88,Cable,5,Yes,Yes,Yes,Yes
CUST00789,CON00789,PAY00789,Female,74,37,57.07,2111.59,DSL,0,Yes,No,Yes,No
CUST00790,CON00790,PAY00790,Female,66,2,46.73,93.46,,1,No,Yes,Yes,No
CUST00791,CON00791,PAY00791,Female,68,51,59.13,3015.63,Cable,6,Yes,No,Yes,No
CUST00792,CON00792,PAY00792,Male,67,18,96.81,1742.58,,4,Yes,Yes,Yes,No
CUST00793,CON00793,PAY00793,Female,32,60,98.32,5899.2,Fiber Optic,4,No,Yes,No,Yes
CUST00794,CON00794,PAY00794,Male,72,22,96.46,2122.12,,5,Yes,Yes,Yes,No
CUST00795,CON00795,PAY00795,Female,37,65,31.19,2027.35,DSL,1,No,No,Yes,Yes
CUST00796,CON00796,PAY00796,Female,26,24,25.9,621.6,Fiber Optic,1,No,No,No,No
CUST00797,CON00797,PAY00797,Female,18,47,102.15,4801.05,DSL,6,Yes,Yes,No,Yes
CUST00798,CON00798,PAY00798,Male,18,32,47.97,1535.04,,2,No,Yes,Yes,No
CUST00799,CON00799,PAY00799,Male,20,14,53.89,754.46,Cable,5,Yes,Yes,No,Yes
CUST00800,CON00800,PAY00800,Female,49,45,104.52,4703.4,DSL,0,No,No,No,No
CUST00801,CON00801,PAY00801,Male,52,45,47.45,2135.25,,2,No,No,Yes,No
CUST00802,CON00802,PAY00802,Male,51,68,81.6,5548.8,Fiber Optic,7,Yes,Yes,Yes,No
CUST00803,CON00803,PAY00803,Female,57,52,60.98,3170.96,,5,Yes,Yes,No,No
CUST00804,CON00804,PAY00804,Female,34,60,103.9,6234.0,Fiber Optic,6,No,Yes,No,Yes
CUST00805,CON00805,PAY00805,Male,55,41,25.53,1046.73,,3,Yes,Yes,No,No
CUST00806,CON00806,PAY00806,Male,49,66,75.82,5004.12,Fiber Optic,5,Yes,Yes,Yes,No
CUST00807,CON00807,PAY00807,Male,26,42,81.88,3438.96,DSL,4,No,No,No,No
CUST00808,CON00808,PAY00808,Male,23,33,77.39,2553.87,Fiber Optic,7,Yes,Yes,No,Yes
CUST00809,CON00809,PAY00809,Male,67,59,75.59,4459.81,Cable,1,No,No,No,No
CUST00810,CON00810,PAY00810,Male,67,20,98.23,1964.6,,4,Yes,Yes,Yes,No
CUST00811,CON00811,PAY00811,Female,66,7,28.24,197.68,,2,Yes,No,Yes,No
CUST00812,CON00812,PAY00812,Female,71,2,31.8,63.6,Cable,3,Yes,Yes,Yes,Yes
CUST00813,CON00813,PAY00813,Female,25,24,30.87,740.88,Fiber Optic,1,No,No,No,No
CUST00814,CON00814,PAY00814,Female,46,11,77.71,854.81,Fiber Optic,2,No,Yes,No,Yes
CUST00815,CON00815,PAY00815,Female,71,49,59.81,2930.69,Cable,6,Yes,No,Yes,No
CUST00816,CON00816,PAY00816,Male,71,44,64.52,2838.88,Cable,6,No,Yes,No,Yes
CUST00817,CON00817,PAY00817,Male,25,39,45.89,1789.71,Fiber Optic,2,Yes,No,No,No
CUST00818,CON00818,PAY00818,Male,24,50,33.64,1682.0,DSL,5,Yes,No,Yes,Yes
CUST00819,CON00819,PAY00819,Female,47,29,99.67,2890.43,Cable,4,Yes,No,No,Yes
CUST00820,CON00820,PAY00820,Female,40,62,30.68,1902.16,DSL,3,No,No,Yes,Yes
CUST00821,CON00821,PAY00821,Male,49,5,34.55,172.75,Cable,1,Yes,Yes,No,Yes
CUST00822,CON00822,PAY00822,Female,33,57,95.5,5443.5,Fiber Optic,5,No,Yes,No,Yes
CUST00823,CON00823,PAY00823,Female,44,8,58.2,465.6,DSL,6,No,Yes,Yes,No
CUST00824,CON00824,PAY00824,Female,71,41,57.93,2375.13,DSL,1,Yes,No,Yes,No
CUST00825,CON00825,PAY00825,Male,66,53,83.49,4424.97,,4,No,No,Yes,Yes
CUST00826,CON00826,PAY00826,Male,59,66,60.82,4014.12,Fiber Optic,1,Yes,No,Yes,No
CUST00827,CON00827,PAY00827,Female,35,56,63.47,3554.32,Fiber Optic,4,No,No,Yes,Yes
CUST00828,CON00828,PAY00828,Female,57,65,27.99,1819.35,Cable,4,Yes,No,Yes,Yes
CUST00829,CON00829,PAY00829,Female,67,26,25.25,656.5,Cable,5,No,Yes,Yes,No
CUST00830,CON00830,PAY00830,Male,21,33,48.24,1591.92,,1,No,Yes,Yes,No
CUST00831,CON00831,PAY00831,Male,50,68,78.45,5334.6,Fiber Optic,6,Yes,Yes,Yes,No
CUST00832,CON00832,PAY00832,Female,45,11,76.55,842.05,Fiber Optic,2,No,Yes,No,Yes
CUST00833,CON00833,PAY00833,Female,63,27,58.24,1572.48,,1,No,Yes,Yes,Yes
CUST00834,CON00834,PAY00834,Male,28,43,76.62,3294.66,DSL,4,No,No,No,No
CUST00835,CON00835,PAY00835,Female,22,19,27.9,530.1,DSL,6,No,No,No,Yes
CUST00836,CON00836,PAY00836,Female,74,3,29.04,87.12,Cable,3,Yes,Yes,Yes,Yes
CUST00837,CON00837,PAY00837,Female,31,46,64.2,2953.2,Fiber Optic,5,Yes,No,No,Yes
CUST00838,CON00838,PAY00838,Female,67,27,25.53,689.31,Fiber Optic,0,No,Yes,Yes,Yes
CUST00839,CON00839,PAY00839,Female,55,34,54.93,1867.62,DSL,7,Yes,Yes,No,Yes
CUST00840,CON00840,PAY00840,Male,18,30,53.05,1591.5,,2,No,Yes,Yes,No
CUST00841,CON00841,PAY00841,Male,24,46,25.26,1161.96,DSL,5,Yes,No,Yes,Yes
CUST00842,CON00842,PAY00842,Female,43,14,81.95,1147.3,Fiber Optic,2,No,Yes,No,Yes
CUST00843,CON00843,PAY00843,Male,19,22,25.46,560.12,DSL,1,No,Yes,No,Yes
CUST00844,CON00844,PAY00844,Female,64,29,62.7,1818.3,,2,No,No,Yes,Yes
CUST00845,CON00845,PAY00845,Female,18,8,97.97,783.76,,3,No,Yes,Yes,No
CUST00846,CON00846,PAY00846,Male,74,47,56.07,2635.29,Cable,8,No,Yes,No,Yes
CUST00847,CON00847,PAY00847,Male,18,30,50.31,1509.3,,3,No,Yes,Yes,No
CUST00848,CON00848,PAY00848,Male,72,6,25.2,151.2,,5,Yes,No,Yes,No
CUST00849,CON00849,PAY00849,Female,51,32,26.31,841.92,,4,No,No,Yes,Yes
CUST00850,CON00850,PAY00850,Female,44,7,63.81,446.67,DSL,5,No,Yes,Yes,No
CUST00851,CON00851,PAY00851,Male,39,62,95.59,5926.58,,5,Yes,No,Yes,Yes
CUST00852,CON00852,PAY00852,Female,60,27,64.81,1749.87,,0,No,Yes,Yes,Yes
CUST00853,CON00853,PAY00853,Female,41,70,27.23,1906.1,DSL,0,No,Yes,No,No
CUST00854,CON00854,PAY00854,Male,69,51,33.84,1725.84,,4,No,Yes,Yes,No
CUST00855,CON00855,PAY00855,Female,72,3,31.11,93.33,Cable,2,Yes,Yes,Yes,Yes
CUST00856,CON00856,PAY00856,Female,54,68,33.26,2261.68,Cable,4,Yes,No,Yes,Yes
CUST00857,CON00857,PAY00857,Male,37,64,102.32,6548.48,,7,Yes,No,Yes,Yes
CUST00858,CON00858,PAY00858,Male,24,70,84.08,5885.6,DSL,4,No,No,No,No
CUST00859,CON00859,PAY00859,Female,66,21,97.91,2056.11,Cable,4,No,No,Yes,No
CUST00860,CON00860,PAY00860,Female,62,61,104.55,6377.55,Cable,1,No,No,Yes,Yes
CUST00861,CON00861,PAY00861,Female,27,63,47.92,3018.96,Cable,2,No,Yes,Yes,No
CUST00862,CON00862,PAY00862,Female,56,33,51.99,1715.67,DSL,7,Yes,Yes,No,Yes
CUST00863,CON00863,PAY00863,Male,18,52,25.73,1337.96,DSL,2,No,No,Yes,Yes
CUST00864,CON00864,PAY00864,Female,74,2,77.64,155.28,,8,No,No,No,Yes
CUST00865,CON00865,PAY00865,Male,70,53,30.93,1639.29,,5,No,Yes,Yes,No
CUST00866,CON00866,PAY00866,Female,66,25,27.21,680.25,Fiber Optic,0,No,Yes,Yes,Yes
CUST00867,CON00867,PAY00867,Male,33,46,58.93,2710.78,Fiber Optic,7,No,No,Yes,No
CUST00868,CON00868,PAY00868,Male,67,55,29.05,1597.75,,4,No,Yes,Yes,No
CUST00869,CON00869,PAY00869,Male,53,66,79.14,5223.24,Fiber Optic,5,Yes,Yes,Yes,No
CUST00870,CON00870,PAY00870,Male,24,36,80.25,2889.0,Fiber Optic,8,Yes,Yes,No,Yes
CUST00871,CON00871,PAY00871,Male,73,18,100.31,1805.58,,5,Yes,Yes,Yes,No
CUST00872,CON00872,PAY00872,Female,49,11,34.27,376.97,Fiber Optic,6,No,Yes,Yes,Yes
CUST00873,CON00873,PAY00873,Male,18,33,84.07,2774.31,DSL,9,Yes,No,No,No
CUST00874,CON00874,PAY00874,Female,43,12,78.28,939.36,Fiber Optic,3,No,Yes,No,Yes
CUST00875,CON00875,PAY00875,Male,30,24,48.35,1160.4,,0,No,Yes,No,No
CUST00876,CON00876,PAY00876,Female,59,72,76.67,5520.24,,5,Yes,No,No,Yes
CUST00877,CON00877,PAY00877,Male,18,12,50.61,607.32,Cable,5,Yes,Yes,No,Yes
CUST00878,CON00878,PAY00878,Male,26,71,79.86,5670.06,DSL,4,No,No,No,No
CUST00879,CON00879,PAY00879,Male,56,31,99.51,3084.81,,9,Yes,No,Yes,No
CUST00880,CON00880,PAY00880,Female,70,1,47.49,47.49,,1,No,Yes,Yes,No
CUST00881,CON00881,PAY00881,Female,63,30,61.6,1848.0,,0,No,Yes,Yes,Yes
CUST00882,CON00882,PAY00882,Female,28,39,26.63,1038.57,,2,No,No,No,Yes
CUST00883,CON00883,PAY00883,Female,41,64,27.52,1761.28,DSL,3,No,No,Yes,Yes
CUST00884,CON00884,PAY00884,Male,25,47,33.46,1572.62,DSL,5,Yes,No,Yes,Yes
CUST00885,CON00885,PAY00885,Female,32,52,60.04,3122.08,Fiber Optic,4,No,No,Yes,Yes
CUST00886,CON00886,PAY00886,Female,55,50,64.05,3202.5,,6,Yes,Yes,No,No
CUST00887,CON00887,PAY00887,Female,75,39,61.98,2417.22,DSL,0,Yes,No,Yes,No
CUST00888,CON00888,PAY00888,Female,32,46,59.12,2719.52,Fiber Optic,6,Yes,No,No,Yes
CUST00889,CON00889,PAY00889,Female,71,49,59.35,2908.15,Cable,5,Yes,No,Yes,No
CUST00890,CON00890,PAY00890,Male,65,60,82.83,4969.8,Cable,0,No,No,No,No
CUST00891,CON00891,PAY00891,Female,51,2,59.47,118.94,DSL,3,Yes,No,Yes,No
CUST00892,CON00892,PAY00892,Female,64,21,28.78,604.38,Fiber Optic,2,No,Yes,No,Yes
CUST00893,CON00893,PAY00893,Male,61,68,58.84,4001.12,Fiber Optic,0,Yes,No,Yes,No
CUST00894,CON00894,PAY00894,Male,69,5,31.47,157.35,,4,Yes,No,Yes,No
CUST00895,CON00895,PAY00895,Male,25,35,78.67,2753.45,Fiber Optic,8,Yes,Yes,No,Yes
CUST00896,CON00896,PAY00896,Female,24,21,27.31,573.51,Fiber Optic,2,No,No,No,No
CUST00897,CON00897,PAY00897,Female,56,67,31.51,2111.17,Cable,4,Yes,No,Yes,Yes
CUST00898,CON00898,PAY00898,Female,70,23,84.37,1940.51,Cable,0,Yes,Yes,No,Yes
CUST00899,CON00899,PAY00899,Female,35,39,96.41,3759.99,Cable,0,Yes,Yes,Yes,No
CUST00900,CON00900,PAY00900,Male,46,5,100.38,501.9,DSL,7,No,No,No,No
CUST00901,CON00901,PAY00901,Male,52,20,63.07,1261.4,Cable,4,Yes,Yes,Yes,Yes
CUST00902,CON00902,PAY00902,Female,75,39,57.27,2233.53,DSL,1,Yes,No,Yes,No
CUST00903,CON00903,PAY00903,Female,52,68,31.3,2128.4,Cable,4,Yes,No,Yes,Yes
CUST00904,CON00904,PAY00904,Male,70,6,30.67,184.02,,6,Yes,No,Yes,No
CUST00905,CON00905,PAY00905,Female,70,28,34.13,955.64,Cable,4,No,Yes,Yes,No
CUST00906,CON00906,PAY00906,Female,33,50,29.67,1483.5,Fiber Optic,6,No,Yes,No,Yes
CUST00907,CON00907,PAY00907,Female,19,47,101.75,4782.25,DSL,6,Yes,Yes,No,Yes
CUST00908,CON00908,PAY00908,Male,64,61,34.43,2100.23,,1,No,Yes,Yes,No
CUST00909,CON00909,PAY00909,Male,53,31,96.47,2990.57,,9,Yes,No,Yes,No
CUST00910,CON00910,PAY00910,Female,69,5,75.75,378.75,,8,No,No,No,Yes
CUST00911,CON00911,PAY00911,Female,53,9,26.1,234.9,Fiber Optic,8,No,Yes,Yes,Yes
CUST00912,CON00912,PAY00912,Male,32,57,28.49,1623.93,Cable,8,Yes,Yes,Yes,Yes
CUST00913,CON00913,PAY00913,Female,60,23,76.87,1768.01,DSL,4,Yes,Yes,No,No
CUST00914,CON00914,PAY00914,Female,57,67,25.05,1678.35,Cable,5,Yes,No,Yes,Yes
CUST00915,CON00915,PAY00915,Female,55,33,27.67,913.11,,3,No,No,Yes,Yes
CUST00916,CON00916,PAY00916,Female,53,33,34.39,1134.87,,5,No,No,Yes,Yes
CUST00917,CON00917,PAY00917,Female,24,8,97.78,782.24,,2,No,Yes,Yes,No
CUST00918,CON00918,PAY00918,Female,19,8,98.51,788.08,,2,No,Yes,Yes,No
CUST00919,CON00919,PAY00919,Male,23,29,81.69,2369.01,Cable,1,No,No,Yes,No
CUST00920,CON00920,PAY00920,Female,69,50,62.13,3106.5,Cable,4,Yes,No,Yes,No
CUST00921,CON00921,PAY00921,Male,31,41,76.77,3147.57,DSL,5,No,No,No,No
CUST00922,CON00922,PAY00922,Female,63,17,33.29,565.93,Fiber Optic,2,No,Yes,No,Yes
CUST00923,CON00923,PAY00923,Male,67,52,27.44,1426.88,,3,No,Yes,Yes,No
CUST00924,CON00924,PAY00924,Female,65,28,60.15,1684.2,,2,No,No,Yes,Yes
CUST00925,CON00925,PAY00925,Female,66,27,27.02,729.54,Fiber Optic,0,No,Yes,Yes,Yes
CUST00926,CON00926,PAY00926,Male,69,52,29.31,1524.12,,5,No,Yes,Yes,No
CUST00927,CON00927,PAY00927,Male,35,6,63.27,379.62,,7,No,No,Yes,No
CUST00928,CON00928,PAY00928,Female,44,33,52.59,1735.47,Fiber Optic,3,Yes,No,Yes,No
CUST00929,CON00929,PAY00929,Male,54,6,59.01,354.06,Cable,4,Yes,Yes,No,No
CUST00930,CON00930,PAY00930,Female,30,59,46.23,2727.57,Cable,2,No,Yes,Yes,No
CUST00931,CON00931,PAY00931,Female,57,33,53.55,1767.15,DSL,7,Yes,Yes,No,Yes
CUST00932,CON00932,PAY00932,Female,64,31,59.67,1849.77,,1,No,Yes,Yes,Yes
CUST00933,CON00933,PAY00933,Male,29,56,30.92,1731.52,Cable,7,Yes,Yes,Yes,Yes
CUST00934,CON00934,PAY00934,Female,67,20,25.08,501.6,Fiber Optic,2,No,Yes,No,Yes
CUST00935,CON00935,PAY00935,Male,34,49,50.98,2498.02,Fiber Optic,8,No,Yes,No,Yes
CUST00936,CON00936,PAY00936,Male,19,36,75.36,2712.96,Fiber Optic,7,Yes,Yes,No,Yes
CUST00937,CON00937,PAY00937,Male,66,53,25.75,1364.75,,4,No,Yes,Yes,No
CUST00938,CON00938,PAY00938,Female,22,45,99.72,4487.4,DSL,8,Yes,Yes,No,Yes
CUST00939,CON00939,PAY00939,Male,26,41,75.87,3110.67,DSL,5,No,No,No,No
CUST00940,CON00940,PAY00940,Male,19,12,54.6,655.2,Cable,5,Yes,Yes,No,Yes
CUST00941,CON00941,PAY00941,Female,18,44,98.34,4326.96,Cable,3,Yes,Yes,Yes,Yes
CUST00942,CON00942,PAY00942,Female,75,24,75.18,1804.32,Cable,0,Yes,Yes,No,Yes
CUST00943,CON00943,PAY00943,Female,70,5,76.5,382.5,,8,No,No,No,Yes
CUST00944,CON00944,PAY00944,Female,31,63,47.79,3010.77,Cable,0,No,Yes,Yes,No
CUST00945,CON00945,PAY00945,Male,25,37,63.36,2344.32,Fiber Optic,1,No,No,No,Yes
CUST00946,CON00946,PAY00946,Male,29,6,58.64,351.84,,9,No,No,Yes,No
CUST00947,CON00947,PAY00947,Female,70,51,58.32,2974.32,Cable,6,Yes,No,Yes,No
CUST00948,CON00948,PAY00948,Female,46,6,64.26,385.56,DSL,4,No,Yes,Yes,No
CUST00949,CON00949,PAY00949,Female,45,31,51.2,1587.2,Fiber Optic,4,Yes,No,Yes,No
CUST00950,CON00950,PAY00950,Female,42,66,34.65,2286.9,DSL,0,No,Yes,No,No
CUST00951,CON00951,PAY00951,Female,46,32,48.09,1538.88,Fiber Optic,4,Yes,No,Yes,No
CUST00952,CON00952,PAY00952,Male,20,51,27.24,1389.24,DSL,1,No,No,Yes,Yes
CUST00953,CON00953,PAY00953,Male,18,13,54.74,711.62,Cable,5,Yes,Yes,No,Yes
CUST00954,CON00954,PAY00954,Female,22,45,99.67,4485.15,Cable,3,Yes,Yes,Yes,Yes
CUST00955,CON00955,PAY00955,Male,20,21,31.53,662.13,DSL,0,No,Yes,No,Yes
CUST00956,CON00956,PAY00956,Female,22,68,53.23,3619.64,DSL,8,No,No,No,Yes
CUST00957,CON00957,PAY00957,Female,60,30,64.59,1937.7,,1,No,No,Yes,Yes
CUST00958,CON00958,PAY00958,Female,71,35,49.97,1748.95,Cable,2,No,No,Yes,No
CUST00959,CON00959,PAY00959,Female,35,50,25.12,1256.0,Fiber Optic,6,No,Yes,No,Yes
CUST00960,CON00960,PAY00960,Male,64,71,77.77,5521.67,Fiber Optic,4,No,Yes,Yes,Yes
CUST00961,CON00961,PAY00961,Female,33,48,63.71,3058.08,Fiber Optic,7,Yes,No,No,Yes
CUST00962,CON00962,PAY00962,Female,23,6,104.67,628.02,,3,No,Yes,Yes,No
CUST00963,CON00963,PAY00963,Female,64,4,33.97,135.88,,4,Yes,No,Yes,No
CUST00964,CON00964,PAY00964,Female,66,4,54.81,219.24,,1,No,Yes,Yes,No
CUST00965,CON00965,PAY00965,Male,26,46,26.78,1231.88,DSL,5,Yes,No,Yes,Yes
CUST00966,CON00966,PAY00966,Female,58,72,96.46,6945.12,Fiber Optic,4,Yes,Yes,Yes,Yes
CUST00967,CON00967,PAY00967,Male,18,36,83.03,2989.08,DSL,9,Yes,No,No,No
CUST00968,CON00968,PAY00968,Female,65,27,60.95,1645.65,,2,No,Yes,Yes,Yes
CUST00969,CON00969,PAY00969,Female,47,43,75.52,3247.36,DSL,6,No,No,No,Yes
CUST00970,CON00970,PAY00970,Male,54,3,82.98,248.94,Fiber Optic,1,No,No,No,No
CUST00971,CON00971,PAY00971,Female,50,43,95.76,4117.68,DSL,2,No,No,No,No
CUST00972,CON00972,PAY00972,Male,56,20,64.25,1285.0,Cable,4,Yes,Yes,Yes,Yes
CUST00973,CON00973,PAY00973,Female,63,28,56.75,1589.0,,1,No,Yes,Yes,Yes
CUST00974,CON00974,PAY00974,Female,38,50,33.96,1698.0,Fiber Optic,7,No,Yes,No,Yes
CUST00975,CON00975,PAY00975,Male,37,60,103.27,6196.2,,5,Yes,No,Yes,Yes
CUST00976,CON00976,PAY00976,Female,41,67,34.67,2322.89,DSL,1,No,Yes,No,No
CUST00977,CON00977,PAY00977,Female,30,59,48.19,2843.21,Cable,0,No,Yes,Yes,No
CUST00978,CON00978,PAY00978,Male,21,30,47.98,1439.4,,1,No,Yes,Yes,No
CUST00979,CON00979,PAY00979,Male,38,47,58.04,2727.88,Fiber Optic,8,No,No,Yes,No
CUST00980,CON00980,PAY00980,Male,25,35,60.78,2127.3,Fiber Optic,0,No,No,No,Yes
CUST00981,CON00981,PAY00981,Male,19,33,81.27,2681.91,DSL,7,Yes,No,No,No
CUST00982,CON00982,PAY00982,Female,39,64,30.52,1953.28,DSL,2,No,No,Yes,Yes
CUST00983,CON00983,PAY00983,Female,43,13,82.04,1066.52,Fiber Optic,1,No,Yes,No,Yes
CUST00984,CON00984,PAY00984,Male,35,24,54.11,1298.64,,1,No,Yes,No,No
CUST00985,CON00985,PAY00985,Female,25,12,96.82,1161.84,Fiber Optic,3,Yes,Yes,No,No
CUST00986,CON00986,PAY00986,Male,72,6,76.73,460.38,,2,Yes,No,Yes,Yes
CUST00987,CON00987,PAY00987,Female,70,3,50.34,151.02,,1,No,Yes,Yes,No
CUST00988,CON00988,PAY00988,Female,66,3,54.22,162.66,,3,No,Yes,Yes,No
CUST00989,CON00989,PAY00989,Female,55,42,104.85,4403.7,DSL,1,No,No,No,No
CUST00990,CON00990,PAY00990,Male,18,14,52.71,737.94,Cable,4,Yes,Yes,No,Yes
CUST00991,CON00991,PAY00991,Female,55,64,27.74,1775.36,Cable,5,Yes,No,Yes,Yes
CUST00992,CON00992,PAY00992,Male,59,45,33.18,1493.1,,5,Yes,Yes,No,No
CUST00993,CON00993,PAY00993,Male,22,32,75.14,2404.48,Fiber Optic,6,Yes,Yes,No,Yes
CUST00994,CON00994,PAY00994,Female,30,63,48.34,3045.42,Cable,1,No,Yes,Yes,No
CUST00995,CON00995,PAY00995,Male,19,11,50.34,553.74,Cable,3,Yes,Yes,No,Yes
CUST00996,CON00996,PAY00996,Female,68,19,96.89,1840.91,Cable,3,No,No,Yes,No
CUST00997,CON00997,PAY00997,Female,69,2,79.79,159.58,,8,No,No,No,Yes
CUST00998,CON00998,PAY00998,Female,66,31,62.34,1932.54,Cable,0,Yes,No,Yes,Yes
CUST00999,CON00999,PAY00999,Female,73,49,59.93,2936.57,Cable,6,Yes,No,Yes,No
CUST01000,CON01000,PAY01000,Female,74,1,32.06,32.06,Cable,2,Yes,Yes,Yes,Yes
CUST01001,CON01001,PAY01001,Female,22,9,102.87,925.83,,2,No,Yes,Yes,No
CUST01002,CON01002,PAY01002,Male,48,1,31.63,31.63,Cable,3,Yes,Yes,No,Yes
CUST01003,CON01003,PAY01003,Female,30,59,96.57,5697.63,Fiber Optic,5,No,Yes,No,Yes
CUST01004,CON01004,PAY01004,Male,25,42,79.66,3345.72,DSL,3,No,No,No,No
CUST01005,CON01005,PAY01005,Female,32,37,32.54,1203.98,,2,No,No,No,Yes
CUST01006,CON01006,PAY01006,Female,32,38,31.76,1206.88,,1,No,No,No,Yes
CUST01007,CON01007,PAY01007,Male,52,57,58.14,3313.98,Cable,1,No,Yes,No,No
CUST01008,CON01008,PAY01008,Female,54,35,46.53,1628.55,DSL,5,Yes,Yes,No,Yes
CUST01009,CON01009,PAY01009,Male,52,22,59.64,1312.08,Cable,5,Yes,Yes,Yes,Yes
CUST01010,CON01010,PAY01010,Male,53,49,97.84,4794.16,Cable,1,No,No,Yes,No
CUST01011,CON01011,PAY01011,Female,55,65,32.54,2115.1,Cable,3,Yes,No,Yes,Yes
CUST01012,CON01012,PAY01012,Female,70,24,25.22,605.28,Fiber Optic,0,No,Yes,Yes,Yes
CUST01013,CON01013,PAY01013,Female,21,8,95.81,766.48,,3,No,Yes,Yes,No
CUST01014,CON01014,PAY01014,Male,30,60,29.22,1753.2,Cable,6,Yes,Yes,Yes,Yes
CUST01015,CON01015,PAY01015,Female,42,48,58.74,2819.52,,4,Yes,Yes,No,No
CUST01016,CON01016,PAY01016,Male,56,31,102.52,3178.12,,8,Yes,No,Yes,No
CUST01017,CON01017,PAY01017,Female,44,49,62.26,3050.74,,3,Yes,Yes,No,No
CUST01018,CON01018,PAY01018,Male,56,65,29.43,1912.95,Cable,5,No,No,No,Yes
CUST01019,CON01019,PAY01019,Male,51,68,84.6,5752.8,Fiber Optic,5,Yes,Yes,Yes,No
CUST01020,CON01020,PAY01020,Female,21,48,95.48,4583.04,DSL,7,Yes,Yes,No,Yes
CUST01021,CON01021,PAY01021,Male,19,33,52.42,1729.86,,2,No,Yes,Yes,No
CUST01022,CON01022,PAY01022,Female,46,11,80.89,889.79,Fiber Optic,1,No,Yes,No,Yes
CUST01023,CON01023,PAY01023,Female,65,6,32.81,196.86,,3,Yes,No,Yes,No
CUST01024,CON01024,PAY01024,Female,41,68,30.0,2040.0,DSL,1,No,Yes,No,No
CUST01025,CON01025,PAY01025,Male,53,47,99.11,4658.17,Cable,0,No,No,Yes,No
CUST01026,CON01026,PAY01026,Female,26,18,31.4,565.2,DSL,5,No,No,No,Yes
CUST01027,CON01027,PAY01027,Female,53,45,97.27,4377.15,DSL,2,No,No,No,No
CUST01028,CON01028,PAY01028,Male,22,22,34.61,761.42,DSL,0,No,Yes,No,Yes
CUST01029,CON01029,PAY01029,Male,32,17,79.08,1344.36,DSL,2,Yes,No,Yes,No
CUST01030,CON01030,PAY01030,Male,19,13,51.31,667.03,Cable,4,Yes,Yes,No,Yes
CUST01031,CON01031,PAY01031,Male,70,46,64.86,2983.56,Cable,7,No,Yes,No,Yes
CUST01032,CON01032,PAY01032,Female,57,70,81.56,5709.2,,5,Yes,No,No,Yes
CUST01033,CON01033,PAY01033,Female,64,18,30.15,542.7,Fiber Optic,0,No,Yes,No,Yes
CUST01034,CON01034,PAY01034,Female,59,62,97.32,6033.84,Cable,1,No,No,Yes,Yes
CUST01035,CON01035,PAY01035,Female,71,18,96.83,1742.94,Cable,4,No,No,Yes,No
CUST01036,CON01036,PAY01036,Male,73,4,79.35,317.4,,2,Yes,No,Yes,Yes
CUST01037,CON01037,PAY01037,Female,69,6,83.23,499.38,,6,No,No,No,Yes
CUST01038,CON01038,PAY01038,Female,56,67,29.06,1947.02,Cable,5,Yes,No,Yes,Yes
CUST01039,CON01039,PAY01039,Male,65,61,26.66,1626.26,,0,No,Yes,Yes,No
CUST01040,CON01040,PAY01040,Female,70,31,60.37,1871.47,Cable,0,Yes,No,Yes,Yes
CUST01041,CON01041,PAY01041,Female,49,4,55.1,220.4,DSL,3,Yes,No,Yes,No
CUST01042,CON01042,PAY01042,Female,55,69,103.79,7161.51,Fiber Optic,3,Yes,Yes,Yes,Yes
CUST01043,CON01043,PAY01043,Male,31,7,60.06,420.42,,9,No,No,Yes,No
CUST01044,CON01044,PAY01044,Male,64,58,75.43,4374.94,Cable,1,No,No,No,No
CUST01045,CON01045,PAY01045,Male,23,39,48.79,1902.81,Fiber Optic,1,Yes,No,No,No
CUST01046,CON01046,PAY01046,Male,67,52,84.06,4371.12,,4,No,No,Yes,Yes
CUST01047,CON01047,PAY01047,Male,73,23,60.92,1401.16,Cable,0,Yes,No,Yes,Yes
CUST01048,CON01048,PAY01048,Male,34,6,55.96,335.76,,8,No,No,Yes,No
CUST01049,CON01049,PAY01049,Male,74,44,59.33,2610.52,Cable,8,No,Yes,No,Yes
CUST01050,CON01050,PAY01050,Male,71,47,56.41,2651.27,Cable,6,No,Yes,No,Yes
CUST01051,CON01051,PAY01051,Female,48,30,48.15,1444.5,Fiber Optic,3,Yes,No,Yes,No
CUST01052,CON01052,PAY01052,Female,51,9,27.83,250.47,Fiber Optic,8,No,Yes,Yes,Yes
CUST01053,CON01053,PAY01053,Male,59,66,57.3,3781.8,Fiber Optic,1,Yes,No,Yes,No
CUST01054,CON01054,PAY01054,Male,65,51,77.85,3970.35,,4,No,No,Yes,Yes
CUST01055,CON01055,PAY01055,Male,34,62,104.07,6452.34,,7,Yes,No,Yes,Yes
CUST01056,CON01056,PAY01056,Female,73,39,62.29,2429.31,DSL,1,Yes,No,Yes,No
CUST01057,CON01057,PAY01057,Female,69,25,28.27,706.75,Fiber Optic,1,No,Yes,Yes,Yes
CUST01058,CON01058,PAY01058,Male,74,47,63.58,2988.26,Cable,8,No,Yes,No,Yes
CUST01059,CON01059,PAY01059,Female,65,17,25.11,426.87,Fiber Optic,2,No,Yes,No,Yes
CUST01060,CON01060,PAY01060,Male,64,67,82.1,5500.7,Fiber Optic,4,No,Yes,Yes,Yes
CUST01061,CON01061,PAY01061,Male,69,53,29.11,1542.83,,3,No,Yes,Yes,No
CUST01062,CON01062,PAY01062,Female,71,18,96.65,1739.7,Cable,2,No,No,Yes,No
CUST01063,CON01063,PAY01063,Female,72,2,78.93,157.86,,7,No,No,No,Yes
CUST01064,CON01064,PAY01064,Male,20,36,79.33,2855.88,DSL,7,Yes,No,No,No
CUST01065,CON01065,PAY01065,Male,25,37,58.56,2166.72,Fiber Optic,1,No,No,No,Yes
CUST01066,CON01066,PAY01066,Female,28,23,30.12,692.76,Fiber Optic,1,No,No,No,No
CUST01067,CON01067,PAY01067,Female,40,9,57.29,515.61,DSL,4,No,Yes,Yes,No
CUST01068,CON01068,PAY01068,Female,59,60,98.19,5891.4,Cable,1,No,No,Yes,Yes
CUST01069,CON01069,PAY01069,Male,61,71,77.24,5484.04,Fiber Optic,6,No,Yes,Yes,Yes
CUST01070,CON01070,PAY01070,Female,32,35,104.77,3666.95,Cable,1,Yes,Yes,Yes,No
CUST01071,CON01071,PAY01071,Male,55,30,98.82,2964.6,,9,Yes,No,Yes,No
CUST01072,CON01072,PAY01072,Male,25,42,84.67,3556.14,DSL,4,No,No,No,No
CUST01073,CON01073,PAY01073,Female,64,29,59.37,1721.73,,1,No,Yes,Yes,Yes
CUST01074,CON01074,PAY01074,Male,54,45,29.32,1319.4,,5,Yes,Yes,No,No
CUST01075,CON01075,PAY01075,Female,58,50,60.07,3003.5,,7,Yes,Yes,No,No
CUST01076,CON01076,PAY01076,Male,54,2,77.19,154.38,Fiber Optic,0,No,No,No,No
CUST01077,CON01077,PAY01077,Male,72,26,64.48,1676.48,Cable,0,Yes,No,Yes,Yes
CUST01078,CON01078,PAY01078,Female,20,9,104.59,941.31,,1,No,Yes,Yes,No
CUST01079,CON01079,PAY01079,Female,74,4,81.07,324.28,,6,No,No,No,Yes
CUST01080,CON01080,PAY01080,Male,59,67,77.54,5195.18,Fiber Optic,5,No,Yes,Yes,Yes
CUST01081,CON01081,PAY01081,Female,33,44,56.26,2475.44,Fiber Optic,5,Yes,No,No,Yes
CUST01082,CON01082,PAY01082,Male,20,55,31.95,1757.25,DSL,1,No,No,Yes,Yes
CUST01083,CON01083,PAY01083,Female,44,48,56.32,2703.36,,4,Yes,Yes,No,No
CUST01084,CON01084,PAY01084,Male,24,35,84.15,2945.25,Fiber Optic,8,Yes,Yes,No,Yes
CUST01085,CON01085,PAY01085,Female,60,28,61.59,1724.52,,0,No,Yes,Yes,Yes
CUST01086,CON01086,PAY01086,Male,28,35,63.64,2227.4,Fiber Optic,1,No,No,No,Yes
CUST01087,CON01087,PAY01087,Male,75,38,84.57,3213.66,Fiber Optic,7,No,No,No,Yes
CUST01088,CON01088,PAY01088,Male,68,52,76.96,4001.92,,5,No,No,Yes,Yes
CUST01089,CON01089,PAY01089,Female,41,48,62.01,2976.48,,3,Yes,Yes,No,No
CUST01090,CON01090,PAY01090,Male,71,4,33.03,132.12,,4,Yes,No,Yes,No
CUST01091,CON01091,PAY01091,Male,65,50,80.26,4013.0,,6,No,No,Yes,Yes
CUST01092,CON01092,PAY01092,Male,52,3,59.82,179.46,Cable,4,Yes,Yes,No,No
CUST01093,CON01093,PAY01093,Female,30,36,30.4,1094.4,,2,No,No,No,Yes
CUST01094,CON01094,PAY01094,Female,64,6,31.52,189.12,,2,Yes,No,Yes,No
CUST01095,CON01095,PAY01095,Female,57,23,75.42,1734.66,DSL,5,Yes,Yes,No,No
CUST01096,CON01096,PAY01096,Female,27,23,25.62,589.26,Fiber Optic,2,No,No,No,No
CUST01097,CON01097,PAY01097,Male,46,48,49.6,2380.8,,2,No,No,Yes,No
CUST01098,CON01098,PAY01098,Female,29,25,25.05,626.25,Fiber Optic,0,No,No,No,No
CUST01099,CON01099,PAY01099,Female,44,68,32.36,2200.48,DSL,0,No,Yes,No,No
CUST01100,CON01100,PAY01100,Female,26,71,53.89,3826.19,DSL,6,No,No,No,Yes
CUST01101,CON01101,PAY01101,Male,53,6,58.54,351.24,Cable,5,Yes,Yes,No,No
CUST01102,CON01102,PAY01102,Male,74,4,29.84,119.36,,4,Yes,No,Yes,No
CUST01103,CON01103,PAY01103,Female,26,23,29.78,684.94,Fiber Optic,1,No,No,No,No
CUST01104,CON01104,PAY01104,Male,64,70,77.39,5417.3,Fiber Optic,4,No,Yes,Yes,Yes
CUST01105,CON01105,PAY01105,Male,74,36,84.96,3058.56,Fiber Optic,7,No,No,No,Yes
CUST01106,CON01106,PAY01106,Male,53,64,78.09,4997.76,Fiber Optic,6,Yes,Yes,Yes,No
CUST01107,CON01107,PAY01107,Female,44,5,59.28,296.4,DSL,5,No,Yes,Yes,No
CUST01108,CON01108,PAY01108,Female,53,72,97.32,7007.04,Fiber Optic,2,Yes,Yes,Yes,Yes
CUST01109,CON01109,PAY01109,Male,29,43,79.48,3417.64,DSL,5,No,No,No,No
CUST01110,CON01110,PAY01110,Male,54,67,29.9,2003.3,Cable,5,No,No,No,Yes
CUST01111,CON01111,PAY01111,Female,49,12,25.24,302.88,Fiber Optic,7,No,Yes,Yes,Yes
CUST01112,CON01112,PAY01112,Male,50,66,78.76,5198.16,Fiber Optic,6,Yes,Yes,Yes,No
CUST01113,CON01113,PAY01113,Female,70,24,83.96,2015.04,Cable,0,Yes,Yes,No,Yes
CUST01114,CON01114,PAY01114,Male,19,31,52.49,1627.19,,1,No,Yes,Yes,No
CUST01115,CON01115,PAY01115,Female,57,70,102.98,7208.6,Fiber Optic,4,Yes,Yes,Yes,Yes
CUST01116,CON01116,PAY01116,Female,28,37,25.79,954.23,,1,No,No,No,Yes
CUST01117,CON01117,PAY01117,Female,59,33,98.38,3246.54,,6,No,No,No,No
CUST01118,CON01118,PAY01118,Male,61,60,32.01,1920.6,,1,No,Yes,Yes,No
CUST01119,CON01119,PAY01119,Female,30,39,103.54,4038.06,Cable,1,Yes,Yes,Yes,No
CUST01120,CON01120,PAY01120,Male,28,46,32.42,1491.32,DSL,4,Yes,No,Yes,Yes
CUST01121,CON01121,PAY01121,Female,30,22,26.22,576.84,Fiber Optic,0,No,No,No,No
CUST01122,CON01122,PAY01122,Female,64,19,30.59,581.21,Fiber Optic,0,No,Yes,No,Yes
CUST01123,CON01123,PAY01123,Male,50,2,30.94,61.88,Cable,2,Yes,Yes,No,Yes
CUST01124,CON01124,PAY01124,Female,71,18,100.02,1800.36,Cable,3,No,No,Yes,No
CUST01125,CON01125,PAY01125,Male,58,1,81.42,81.42,Fiber Optic,1,No,No,No,No
CUST01126,CON01126,PAY01126,Male,19,14,54.4,761.6,Cable,4,Yes,Yes,No,Yes
CUST01127,CON01127,PAY01127,Female,73,23,75.8,1743.4,Cable,1,Yes,Yes,No,Yes
CUST01128,CON01128,PAY01128,Male,76,34,80.56,2739.04,Fiber Optic,7,No,No,No,Yes
CUST01129,CON01129,PAY01129,Female,27,47,60.35,2836.45,Fiber Optic,7,Yes,No,No,Yes
CUST01130,CON01130,PAY01130,Female,70,26,26.73,694.98,Fiber Optic,0,No,Yes,Yes,Yes
CUST01131,CON01131,PAY01131,Female,59,50,55.73,2786.5,,6,Yes,Yes,No,No
CUST01132,CON01132,PAY01132,Female,26,25,32.36,809.0,Fiber Optic,2,No,No,No,No
CUST01133,CON01133,PAY01133,Male,64,56,78.22,4380.32,Cable,1,No,No,No,No
CUST01134,CON01134,PAY01134,Male,69,8,33.64,269.12,,4,Yes,No,Yes,No
CUST01135,CON01135,PAY01135,Female,63,28,61.47,1721.16,,1,No,Yes,Yes,Yes
CUST01136,CON01136,PAY01136,Female,31,10,101.75,1017.5,Fiber Optic,1,Yes,Yes,No,No
CUST01137,CON01137,PAY01137,Male,25,28,83.21,2329.88,Cable,1,No,No,Yes,No
CUST01138,CON01138,PAY01138,Male,77,25,57.7,1442.5,DSL,0,No,Yes,No,No
CUST01139,CON01139,PAY01139,Male,54,1,31.37,31.37,Cable,1,Yes,Yes,No,Yes
CUST01140,CON01140,PAY01140,Female,55,22,78.27,1721.94,DSL,3,Yes,Yes,No,No
CUST01141,CON01141,PAY01141,Male,18,12,47.85,574.2,Cable,5,Yes,Yes,No,Yes
CUST01142,CON01142,PAY01142,Female,28,40,32.44,1297.6,,1,No,No,No,Yes
CUST01143,CON01143,PAY01143,Male,50,5,31.59,157.95,Cable,1,Yes,Yes,No,Yes
CUST01144,CON01144,PAY01144,Female,70,24,25.61,614.64,Fiber Optic,0,No,Yes,Yes,Yes
CUST01145,CON01145,PAY01145,Female,21,45,96.94,4362.3,Cable,2,Yes,Yes,Yes,Yes
CUST01146,CON01146,PAY01146,Male,71,55,31.04,1707.2,,5,No,Yes,Yes,No
CUST01147,CON01147,PAY01147,Male,35,19,59.85,1137.15,Fiber Optic,5,No,No,No,Yes
CUST01148,CON01148,PAY01148,Female,60,48,56.96,2734.08,,6,Yes,Yes,No,No
CUST01149,CON01149,PAY01149,Female,67,19,103.36,1963.84,Cable,4,No,No,Yes,No
CUST01150,CON01150,PAY01150,Male,71,21,61.39,1289.19,DSL,0,No,Yes,No,No
CUST01151,CON01151,PAY01151,Male,24,27,83.7,2259.9,Cable,0,No,No,Yes,No
CUST01152,CON01152,PAY01152,Male,65,56,83.02,4649.12,Cable,0,No,No,No,No
CUST01153,CON01153,PAY01153,Female,26,16,33.43,534.88,DSL,6,No,No,No,Yes
CUST01154,CON01154,PAY01154,Male,72,51,30.18,1539.18,,3,No,Yes,Yes,No
CUST01155,CON01155,PAY01155,Male,30,23,54.84,1261.32,,0,No,Yes,No,No
CUST01156,CON01156,PAY01156,Female,27,46,55.02,2530.92,Fiber Optic,5,Yes,No,No,Yes
CUST01157,CON01157,PAY01157,Female,61,31,56.78,1760.18,,1,No,Yes,Yes,Yes
CUST01158,CON01158,PAY01158,Male,58,32,104.55,3345.6,,7,Yes,No,Yes,No
CUST01159,CON01159,PAY01159,Male,73,22,58.42,1285.24,DSL,0,No,Yes,No,No
CUST01160,CON01160,PAY01160,Female,36,36,98.02,3528.72,Cable,1,Yes,Yes,Yes,No
CUST01161,CON01161,PAY01161,Male,23,38,51.55,1958.9,Fiber Optic,0,Yes,No,No,No
CUST01162,CON01162,PAY01162,Male,71,48,56.74,2723.52,Cable,8,No,Yes,No,Yes
CUST01163,CON01163,PAY01163,Female,62,29,64.7,1876.3,,0,No,Yes,Yes,Yes
CUST01164,CON01164,PAY01164,Female,27,14,96.98,1357.72,Fiber Optic,3,Yes,Yes,No,No
CUST01165,CON01165,PAY01165,Female,72,45,63.26,2846.7,Fiber Optic,7,No,No,Yes,Yes
CUST01166,CON01166,PAY01166,Female,58,26,75.89,1973.14,DSL,5,Yes,Yes,No,No
CUST01167,CON01167,PAY01167,Male,19,32,48.58,1554.56,,3,No,Yes,Yes,No
CUST01168,CON01168,PAY01168,Male,47,4,97.53,390.12,DSL,7,No,No,No,No
CUST01169,CON01169,PAY01169,Female,52,31,34.7,1075.7,,4,No,No,Yes,Yes
CUST01170,CON01170,PAY01170,Female,20,70,53.78,3764.6,DSL,6,No,No,No,Yes
CUST01171,CON01171,PAY01171,Male,54,1,32.12,32.12,Cable,3,Yes,Yes,No,Yes
CUST01172,CON01172,PAY01172,Female,69,48,63.98,3071.04,Cable,5,Yes,No,Yes,No
CUST01173,CON01173,PAY01173,Male,50,48,54.22,2602.56,,2,No,No,Yes,No
CUST01174,CON01174,PAY01174,Female,52,31,26.6,824.6,,3,No,No,Yes,Yes
CUST01175,CON01175,PAY01175,Male,57,31,97.87,3033.97,,9,Yes,No,Yes,No
CUST01176,CON01176,PAY01176,Male,47,46,46.99,2161.54,,2,No,No,Yes,No
CUST01177,CON01177,PAY01177,Female,26,22,30.95,680.9,Fiber Optic,0,No,No,No,No
CUST01178,CON01178,PAY01178,Female,57,30,30.67,920.1,,3,No,No,Yes,Yes
CUST01179,CON01179,PAY01179,Female,71,3,81.59,244.77,,6,No,No,No,Yes
CUST01180,CON01180,PAY01180,Male,54,32,102.09,3266.88,,7,Yes,No,Yes,No
CUST01181,CON01181,PAY01181,Female,44,69,30.15,2080.35,DSL,0,No,Yes,No,No
CUST01182,CON01182,PAY01182,Male,73,35,77.98,2729.3,Fiber Optic,5,No,No,No,Yes
CUST01183,CON01183,PAY01183,Female,43,29,51.44,1491.76,Fiber Optic,5,Yes,No,Yes,No
CUST01184,CON01184,PAY01184,Female,75,37,60.71,2246.27,DSL,0,Yes,No,Yes,No
CUST01185,CON01185,PAY01185,Male,65,60,78.62,4717.2,Cable,0,No,No,No,No
CUST01186,CON01186,PAY01186,Male,26,27,78.66,2123.82,Cable,0,No,No,Yes,No
CUST01187,CON01187,PAY01187,Female,34,47,34.33,1613.51,Fiber Optic,5,No,Yes,No,Yes
CUST01188,CON01188,PAY01188,Female,71,27,27.97,755.19,Cable,4,No,Yes,Yes,No
CUST01189,CON01189,PAY01189,Male,67,22,97.78,2151.16,,6,Yes,Yes,Yes,No
CUST01190,CON01190,PAY01190,Female,25,10,104.29,1042.9,Fiber Optic,1,Yes,Yes,No,No
CUST01191,CON01191,PAY01191,Female,53,30,29.53,885.9,,4,No,No,Yes,Yes
CUST01192,CON01192,PAY01192,Male,34,44,58.01,2552.44,Fiber Optic,7,No,No,Yes,No
CUST01193,CON01193,PAY01193,Male,56,62,57.5,3565.0,Cable,9,Yes,Yes,No,No
CUST01194,CON01194,PAY01194,Female,41,14,83.75,1172.5,Fiber Optic,3,No,Yes,No,Yes
CUST01195,CON01195,PAY01195,Male,71,45,58.8,2646.0,Cable,8,No,Yes,No,Yes
CUST01196,CON01196,PAY01196,Male,35,47,64.15,3015.05,Fiber Optic,8,No,No,Yes,No
CUST01197,CON01197,PAY01197,Male,56,69,59.29,4091.01,Fiber Optic,1,Yes,No,Yes,No
CUST01198,CON01198,PAY01198,Female,68,6,29.29,175.74,,4,Yes,No,Yes,No
CUST01199,CON01199,PAY01199,Female,69,2,48.63,97.26,,1,No,Yes,Yes,No
CUST01200,CON01200,PAY01200,Female,48,44,76.65,3372.6,DSL,8,No,No,No,Yes
CUST01201,CON01201,PAY01201,Female,70,23,28.14,647.22,Fiber Optic,0,No,Yes,Yes,Yes
CUST01202,CON01202,PAY01202,Female,71,36,47.14,1697.04,Cable,3,No,No,Yes,No
CUST01203,CON01203,PAY01203,Male,37,50,52.55,2627.5,Fiber Optic,8,No,Yes,No,Yes
CUST01204,CON01204,PAY01204,Male,35,26,46.83,1217.58,,0,No,Yes,No,No
CUST01205,CON01205,PAY01205,Male,55,69,25.5,1759.5,Cable,5,No,No,No,Yes
CUST01206,CON01206,PAY01206,Female,27,48,55.39,2658.72,Fiber Optic,6,Yes,No,No,Yes
CUST01207,CON01207,PAY01207,Male,56,23,60.94,1401.62,Cable,6,Yes,Yes,Yes,Yes
CUST01208,CON01208,PAY01208,Female,61,20,25.58,511.6,Fiber Optic,2,No,Yes,No,Yes
CUST01209,CON01209,PAY01209,Female,68,27,33.95,916.65,Cable,5,No,Yes,Yes,No
CUST01210,CON01210,PAY01210,Male,60,68,29.97,2037.96,Cable,5,No,No,No,Yes
CUST01211,CON01211,PAY01211,Female,67,18,29.64,533.52,Fiber Optic,2,No,Yes,No,Yes
CUST01212,CON01212,PAY01212,Female,75,71,46.0,3266.0,Cable,1,No,No,Yes,Yes
CUST01213,CON01213,PAY01213,Female,59,62,97.19,6025.78,Cable,1,No,No,Yes,Yes
CUST01214,CON01214,PAY01214,Female,26,23,30.49,701.27,Fiber Optic,0,No,No,No,No
CUST01215,CON01215,PAY01215,Male,50,46,51.71,2378.66,,3,No,No,Yes,No
CUST01216,CON01216,PAY01216,Female,66,45,57.12,2570.4,Fiber Optic,6,No,No,Yes,Yes
CUST01217,CON01217,PAY01217,Female,30,37,29.92,1107.04,,1,No,No,No,Yes
CUST01218,CON01218,PAY01218,Female,61,68,81.83,5564.44,,4,Yes,No,No,Yes
CUST01219,CON01219,PAY01219,Male,57,65,64.71,4206.15,Fiber Optic,1,Yes,No,Yes,No
CUST01220,CON01220,PAY01220,Female,51,30,96.61,2898.3,Cable,4,Yes,No,No,Yes
CUST01221,CON01221,PAY01221,Female,47,29,97.51,2827.79,Cable,3,Yes,No,No,Yes
CUST01222,CON01222,PAY01222,Female,48,29,47.02,1363.58,Fiber Optic,3,Yes,No,Yes,No
CUST01223,CON01223,PAY01223,Male,18,34,83.48,2838.32,DSL,8,Yes,No,No,No
CUST01224,CON01224,PAY01224,Female,36,65,30.36,1973.4,DSL,2,No,No,Yes,Yes
CUST01225,CON01225,PAY01225,Female,76,70,52.44,3670.8,Cable,2,No,No,Yes,Yes
CUST01226,CON01226,PAY01226,Male,71,4,27.15,108.6,,4,Yes,No,Yes,No
CUST01227,CON01227,PAY01227,Female,62,27,55.08,1487.16,,1,No,No,Yes,Yes
CUST01228,CON01228,PAY01228,Male,56,2,62.69,125.38,Cable,4,Yes,Yes,No,No
CUST01229,CON01229,PAY01229,Male,28,58,32.77,1900.66,Cable,7,Yes,Yes,Yes,Yes
CUST01230,CON01230,PAY01230,Male,56,1,83.45,83.45,Fiber Optic,0,No,No,No,No
CUST01231,CON01231,PAY01231,Male,57,68,30.28,2059.04,Cable,4,No,No,No,Yes
CUST01232,CON01232,PAY01232,Female,57,31,31.15,965.65,,4,No,No,Yes,Yes
CUST01233,CON01233,PAY01233,Female,36,66,28.51,1881.66,DSL,3,No,No,Yes,Yes
CUST01234,CON01234,PAY01234,Male,18,23,33.44,769.12,DSL,1,No,Yes,No,Yes
CUST01235,CON01235,PAY01235,Male,55,61,60.6,3696.6,Cable,7,Yes,Yes,No,No
CUST01236,CON01236,PAY01236,Female,70,18,96.28,1733.04,Cable,2,No,No,Yes,No
CUST01237,CON01237,PAY01237,Male,18,33,78.52,2591.16,DSL,7,Yes,No,No,No
CUST01238,CON01238,PAY01238,Female,54,64,27.08,1733.12,Cable,4,Yes,No,Yes,Yes
CUST01239,CON01239,PAY01239,Female,49,43,98.95,4254.85,DSL,1,No,No,No,No
CUST01240,CON01240,PAY01240,Female,73,22,83.42,1835.24,Cable,0,Yes,Yes,No,Yes
CUST01241,CON01241,PAY01241,Male,54,29,101.68,2948.72,,8,Yes,No,Yes,No
CUST01242,CON01242,PAY01242,Female,54,33,32.84,1083.72,,5,No,No,Yes,Yes
CUST01243,CON01243,PAY01243,Female,51,32,32.4,1036.8,,3,No,No,Yes,Yes
CUST01244,CON01244,PAY01244,Male,35,50,54.03,2701.5,Fiber Optic,9,No,Yes,No,Yes
CUST01245,CON01245,PAY01245,Male,19,38,46.15,1753.7,Cable,9,Yes,Yes,Yes,Yes
CUST01246,CON01246,PAY01246,Female,22,9,95.3,857.7,,2,No,Yes,Yes,No
CUST01247,CON01247,PAY01247,Female,77,4,25.99,103.96,Cable,2,Yes,Yes,Yes,Yes
CUST01248,CON01248,PAY01248,Male,67,5,78.73,393.65,,1,Yes,No,Yes,Yes
CUST01249,CON01249,PAY01249,Female,33,38,103.15,3919.7,Cable,0,Yes,Yes,Yes,No
CUST01250,CON01250,PAY01250,Female,53,35,49.27,1724.45,DSL,6,Yes,Yes,No,Yes
CUST01251,CON01251,PAY01251,Female,70,5,75.51,377.55,,7,No,No,No,Yes
CUST01252,CON01252,PAY01252,Female,37,49,33.73,1652.77,Fiber Optic,7,No,Yes,No,Yes
CUST01253,CON01253,PAY01253,Male,26,39,49.33,1923.87,Fiber Optic,1,Yes,No,No,No
CUST01254,CON01254,PAY01254,Female,32,53,60.56,3209.68,Fiber Optic,2,No,No,Yes,Yes
CUST01255,CON01255,PAY01255,Female,52,5,56.0,280.0,DSL,5,Yes,No,Yes,No
CUST01256,CON01256,PAY01256,Female,19,45,102.95,4632.75,Cable,2,Yes,Yes,Yes,Yes
CUST01257,CON01257,PAY01257,Male,70,4,31.73,126.92,,4,Yes,No,Yes,No
CUST01258,CON01258,PAY01258,Female,36,50,25.46,1273.0,Fiber Optic,6,No,Yes,No,Yes
CUST01259,CON01259,PAY01259,Female,22,10,104.19,1041.9,,2,No,Yes,Yes,No
CUST01260,CON01260,PAY01260,Female,58,49,58.42,2862.58,,6,Yes,Yes,No,No
CUST01261,CON01261,PAY01261,Male,69,53,31.65,1677.45,,3,No,Yes,Yes,No
CUST01262,CON01262,PAY01262,Female,29,58,101.9,5910.2,Fiber Optic,5,No,Yes,No,Yes
CUST01263,CON01263,PAY01263,Male,21,34,77.93,2649.62,Fiber Optic,6,Yes,Yes,No,Yes
CUST01264,CON01264,PAY01264,Male,18,15,49.72,745.8,Cable,4,Yes,Yes,No,Yes
CUST01265,CON01265,PAY01265,Female,77,72,47.51,3420.72,Cable,0,No,No,Yes,Yes
CUST01266,CON01266,PAY01266,Female,30,57,99.78,5687.46,Fiber Optic,5,No,Yes,No,Yes
CUST01267,CON01267,PAY01267,Male,19,36,80.82,2909.52,DSL,8,Yes,No,No,No
CUST01268,CON01268,PAY01268,Female,33,49,34.4,1685.6,Fiber Optic,7,No,Yes,No,Yes
CUST01269,CON01269,PAY01269,Male,63,60,77.0,4620.0,Cable,0,No,No,No,No
CUST01270,CON01270,PAY01270,Male,54,24,61.27,1470.48,Cable,6,Yes,Yes,Yes,Yes
CUST01271,CON01271,PAY01271,Male,56,50,98.5,4925.0,Cable,0,No,No,Yes,No
CUST01272,CON01272,PAY01272,Female,67,25,31.36,784.0,Fiber Optic,1,No,Yes,Yes,Yes
CUST01273,CON01273,PAY01273,Male,53,60,62.43,3745.8,Cable,9,Yes,Yes,No,No
CUST01274,CON01274,PAY01274,Female,24,23,28.11,646.53,Fiber Optic,0,No,No,No,No
CUST01275,CON01275,PAY01275,Male,20,36,83.49,3005.64,Fiber Optic,8,Yes,Yes,No,Yes
CUST01276,CON01276,PAY01276,Male,35,21,55.8,1171.8,Fiber Optic,4,No,No,No,Yes
CUST01277,CON01277,PAY01277,Male,40,21,62.93,1321.53,Fiber Optic,5,No,No,No,Yes
CUST01278,CON01278,PAY01278,Male,76,38,75.88,2883.44,Fiber Optic,5,No,No,No,Yes
CUST01279,CON01279,PAY01279,Female,71,27,59.72,1612.44,Cable,1,Yes,No,Yes,Yes
CUST01280,CON01280,PAY01280,Female,67,46,59.97,2758.62,Fiber Optic,8,No,No,Yes,Yes
CUST01281,CON01281,PAY01281,Male,36,48,59.57,2859.36,Fiber Optic,7,No,No,Yes,No
CUST01282,CON01282,PAY01282,Male,55,47,102.19,4802.93,Cable,1,No,No,Yes,No
CUST01283,CON01283,PAY01283,Female,28,14,102.26,1431.64,Fiber Optic,2,Yes,Yes,No,No
CUST01284,CON01284,PAY01284,Female,65,31,60.12,1863.72,,1,No,No,Yes,Yes
CUST01285,CON01285,PAY01285,Male,26,34,61.56,2093.04,Fiber Optic,2,No,No,No,Yes
CUST01286,CON01286,PAY01286,Female,26,19,28.65,544.35,DSL,5,No,No,No,Yes
CUST01287,CON01287,PAY01287,Female,44,41,83.95,3441.95,DSL,6,No,No,No,Yes
CUST01288,CON01288,PAY01288,Female,18,46,98.5,4531.0,Cable,2,Yes,Yes,Yes,Yes
CUST01289,CON01289,PAY01289,Female,70,21,100.1,2102.1,Cable,4,No,No,Yes,No
CUST01290,CON01290,PAY01290,Female,34,35,103.53,3623.55,Cable,0,Yes,Yes,Yes,No
CUST01291,CON01291,PAY01291,Male,76,25,55.21,1380.25,DSL,1,No,Yes,No,No
CUST01292,CON01292,PAY01292,Male,48,2,97.18,194.36,DSL,5,No,No,No,No
CUST01293,CON01293,PAY01293,Female,21,48,103.62,4973.76,DSL,8,Yes,Yes,No,Yes
CUST01294,CON01294,PAY01294,Male,29,24,103.93,2494.32,Fiber Optic,2,Yes,No,Yes,Yes
CUST01295,CON01295,PAY01295,Male,30,33,55.94,1846.02,Fiber Optic,1,No,No,No,Yes
CUST01296,CON01296,PAY01296,Male,33,5,63.33,316.65,,8,No,No,Yes,No
CUST01297,CON01297,PAY01297,Male,27,36,45.97,1654.92,Fiber Optic,1,Yes,No,No,No
CUST01298,CON01298,PAY01298,Male,51,1,28.82,28.82,Cable,3,Yes,Yes,No,Yes
CUST01299,CON01299,PAY01299,Female,18,45,99.31,4468.95,Cable,3,Yes,Yes,Yes,Yes
CUST01300,CON01300,PAY01300,Male,71,22,98.85,2174.7,,6,Yes,Yes,Yes,No
CUST01301,CON01301,PAY01301,Male,28,50,25.42,1271.0,DSL,6,Yes,No,Yes,Yes
CUST01302,CON01302,PAY01302,Male,34,27,49.5,1336.5,,0,No,Yes,No,No
CUST01303,CON01303,PAY01303,Female,49,32,50.23,1607.36,Fiber Optic,5,Yes,No,Yes,No
CUST01304,CON01304,PAY01304,Female,58,59,96.45,5690.55,Cable,1,No,No,Yes,Yes
CUST01305,CON01305,PAY01305,Male,31,44,78.7,3462.8,DSL,4,No,No,No,No
CUST01306,CON01306,PAY01306,Male,56,66,63.55,4194.3,Fiber Optic,1,Yes,No,Yes,No
CUST01307,CON01307,PAY01307,Male,18,33,49.19,1623.27,,1,No,Yes,Yes,No
CUST01308,CON01308,PAY01308,Male,18,34,81.82,2781.88,DSL,7,Yes,No,No,No
CUST01309,CON01309,PAY01309,Male,68,56,78.31,4385.36,Cable,0,No,No,No,No
CUST01310,CON01310,PAY01310,Female,65,5,25.74,128.7,,2,Yes,No,Yes,No
CUST01311,CON01311,PAY01311,Male,22,28,81.99,2295.72,Cable,0,No,No,Yes,No
CUST01312,CON01312,PAY01312,Female,62,60,102.25,6135.0,Cable,0,No,No,Yes,Yes
CUST01313,CON01313,PAY01313,Male,58,28,103.94,2910.32,,8,Yes,No,Yes,No
CUST01314,CON01314,PAY01314,Male,21,24,34.21,821.04,DSL,0,No,Yes,No,Yes
CUST01315,CON01315,PAY01315,Male,57,61,61.8,3769.8,Cable,7,Yes,Yes,No,No
CUST01316,CON01316,PAY01316,Female,59,22,80.28,1766.16,DSL,5,Yes,Yes,No,No
CUST01317,CON01317,PAY01317,Male,47,46,52.14,2398.44,,2,No,No,Yes,No
CUST01318,CON01318,PAY01318,Male,70,51,76.6,3906.6,,5,No,No,Yes,Yes
CUST01319,CON01319,PAY01319,Female,71,18,98.72,1776.96,Cable,2,No,No,Yes,No
CUST01320,CON01320,PAY01320,Female,18,44,103.54,4555.76,Cable,2,Yes,Yes,Yes,Yes
CUST01321,CON01321,PAY01321,Male,18,20,25.1,502.0,DSL,0,No,Yes,No,Yes
CUST01322,CON01322,PAY01322,Male,66,53,83.89,4446.17,,6,No,No,Yes,Yes
CUST01323,CON01323,PAY01323,Male,47,2,98.77,197.54,DSL,7,No,No,No,No
CUST01324,CON01324,PAY01324,Female,29,10,100.4,1004.0,Fiber Optic,3,Yes,Yes,No,No
CUST01325,CON01325,PAY01325,Female,68,38,54.82,2083.16,Cable,3,No,No,Yes,No
CUST01326,CON01326,PAY01326,Male,55,42,27.83,1168.86,,5,Yes,Yes,No,No
CUST01327,CON01327,PAY01327,Female,46,15,78.15,1172.25,Fiber Optic,2,No,Yes,No,Yes
CUST01328,CON01328,PAY01328,Female,69,6,80.04,480.24,,8,No,No,No,Yes
CUST01329,CON01329,PAY01329,Female,23,6,101.36,608.16,,2,No,Yes,Yes,No
CUST01330,CON01330,PAY01330,Male,48,67,78.1,5232.7,Fiber Optic,7,Yes,Yes,Yes,No
CUST01331,CON01331,PAY01331,Female,55,72,102.87,7406.64,Fiber Optic,2,Yes,Yes,Yes,Yes
CUST01332,CON01332,PAY01332,Female,62,28,62.49,1749.72,,2,No,No,Yes,Yes
CUST01333,CON01333,PAY01333,Female,35,53,61.7,3270.1,Fiber Optic,3,No,No,Yes,Yes
CUST01334,CON01334,PAY01334,Male,70,51,25.89,1320.39,,4,No,Yes,Yes,No
CUST01335,CON01335,PAY01335,Male,56,62,60.38,3743.56,Cable,9,Yes,Yes,No,No
CUST01336,CON01336,PAY01336,Female,49,43,77.87,3348.41,DSL,7,No,No,No,Yes
CUST01337,CON01337,PAY01337,Female,66,18,29.07,523.26,Fiber Optic,1,No,Yes,No,Yes
CUST01338,CON01338,PAY01338,Female,57,31,27.62,856.22,,5,No,No,Yes,Yes
CUST01339,CON01339,PAY01339,Male,38,45,57.41,2583.45,Fiber Optic,9,No,No,Yes,No
CUST01340,CON01340,PAY01340,Female,67,27,31.17,841.59,Cable,4,No,Yes,Yes,No
CUST01341,CON01341,PAY01341,Female,18,47,99.3,4667.1,Cable,4,Yes,Yes,Yes,Yes
CUST01342,CON01342,PAY01342,Male,55,2,77.66,155.32,Fiber Optic,0,No,No,No,No
CUST01343,CON01343,PAY01343,Female,70,48,61.13,2934.24,Cable,6,Yes,No,Yes,No
CUST01344,CON01344,PAY01344,Male,30,24,46.34,1112.16,,0,No,Yes,No,No
CUST01345,CON01345,PAY01345,Female,57,64,27.94,1788.16,Cable,3,Yes,No,Yes,Yes
CUST01346,CON01346,PAY01346,Male,49,5,100.91,504.55,DSL,7,No,No,No,No
CUST01347,CON01347,PAY01347,Female,53,9,29.71,267.39,Fiber Optic,6,No,Yes,Yes,Yes
CUST01348,CON01348,PAY01348,Female,33,47,59.77,2809.19,Fiber Optic,7,Yes,No,No,Yes
CUST01349,CON01349,PAY01349,Female,35,38,95.82,3641.16,Cable,0,Yes,Yes,Yes,No
CUST01350,CON01350,PAY01350,Female,62,70,77.98,5458.6,,5,Yes,No,No,Yes
CUST01351,CON01351,PAY01351,Male,19,33,77.04,2542.32,DSL,8,Yes,No,No,No
CUST01352,CON01352,PAY01352,Female,65,23,26.75,615.25,Fiber Optic,0,No,Yes,Yes,Yes
CUST01353,CON01353,PAY01353,Male,18,11,51.4,565.4,Cable,5,Yes,Yes,No,Yes
CUST01354,CON01354,PAY01354,Male,51,2,63.33,126.66,Cable,5,Yes,Yes,No,No
CUST01355,CON01355,PAY01355,Female,70,18,95.12,1712.16,Cable,4,No,No,Yes,No
CUST01356,CON01356,PAY01356,Male,38,64,101.69,6508.16,,5,Yes,No,Yes,Yes
CUST01357,CON01357,PAY01357,Female,55,35,47.47,1661.45,DSL,5,Yes,Yes,No,Yes
CUST01358,CON01358,PAY01358,Male,52,54,56.79,3066.66,Cable,2,No,Yes,No,No
CUST01359,CON01359,PAY01359,Female,63,59,101.39,5982.01,Cable,0,No,No,Yes,Yes
CUST01360,CON01360,PAY01360,Female,70,29,55.42,1607.18,Cable,0,Yes,No,Yes,Yes
CUST01361,CON01361,PAY01361,Male,59,67,34.73,2326.91,Cable,4,No,No,No,Yes
CUST01362,CON01362,PAY01362,Female,18,47,101.51,4770.97,Cable,4,Yes,Yes,Yes,Yes
CUST01363,CON01363,PAY01363,Male,24,36,51.85,1866.6,Fiber Optic,0,Yes,No,No,No
CUST01364,CON01364,PAY01364,Male,55,48,99.15,4759.2,Cable,1,No,No,Yes,No
CUST01365,CON01365,PAY01365,Male,70,47,59.57,2799.79,Cable,8,No,Yes,No,Yes
CUST01366,CON01366,PAY01366,Female,69,28,63.62,1781.36,Cable,0,Yes,No,Yes,Yes
CUST01367,CON01367,PAY01367,Female,54,72,96.64,6958.08,Fiber Optic,2,Yes,Yes,Yes,Yes
CUST01368,CON01368,PAY01368,Male,53,42,25.71,1079.82,,5,Yes,Yes,No,No
CUST01369,CON01369,PAY01369,Female,44,49,60.68,2973.32,,4,Yes,Yes,No,No
CUST01370,CON01370,PAY01370,Male,66,57,80.03,4561.71,Cable,1,No,No,No,No
CUST01371,CON01371,PAY01371,Female,71,46,61.63,2834.98,Fiber Optic,8,No,No,Yes,Yes
CUST01372,CON01372,PAY01372,Female,29,45,55.23,2485.35,Fiber Optic,5,Yes,No,No,Yes
CUST01373,CON01373,PAY01373,Female,32,37,28.15,1041.55,,1,No,No,No,Yes
CUST01374,CON01374,PAY01374,Female,29,45,63.77,2869.65,Fiber Optic,7,Yes,No,No,Yes
CUST01375,CON01375,PAY01375,Female,73,6,82.88,497.28,,6,No,No,No,Yes
CUST01376,CON01376,PAY01376,Male,52,2,104.81,209.62,DSL,6,No,No,No,No
CUST01377,CON01377,PAY01377,Male,54,51,100.0,5100.0,Cable,2,No,No,Yes,No
CUST01378,CON01378,PAY01378,Male,26,41,82.03,3363.23,DSL,5,No,No,No,No
CUST01379,CON01379,PAY01379,Female,72,3,33.21,99.63,Cable,1,Yes,Yes,Yes,Yes
CUST01380,CON01380,PAY01380,Female,44,12,79.59,955.08,Fiber Optic,3,No,Yes,No,Yes
CUST01381,CON01381,PAY01381,Male,57,6,61.59,369.54,Cable,5,Yes,Yes,No,No
CUST01382,CON01382,PAY01382,Male,59,68,56.77,3860.36,Fiber Optic,0,Yes,No,Yes,No
CUST01383,CON01383,PAY01383,Female,32,47,26.71,1255.37,Fiber Optic,5,No,Yes,No,Yes
CUST01384,CON01384,PAY01384,Female,68,26,29.8,774.8,Cable,4,No,Yes,Yes,No
CUST01385,CON01385,PAY01385,Female,62,28,62.84,1759.52,,1,No,No,Yes,Yes
CUST01386,CON01386,PAY01386,Male,70,53,28.02,1485.06,,5,No,Yes,Yes,No
CUST01387,CON01387,PAY01387,Male,27,58,32.61,1891.38,Cable,6,Yes,Yes,Yes,Yes
CUST01388,CON01388,PAY01388,Female,21,68,53.39,3630.52,DSL,8,No,No,No,Yes
CUST01389,CON01389,PAY01389,Male,73,20,100.67,2013.4,,6,Yes,Yes,Yes,No
CUST01390,CON01390,PAY01390,Female,74,21,84.57,1775.97,Cable,1,Yes,Yes,No,Yes
CUST01391,CON01391,PAY01391,Male,74,21,58.51,1228.71,DSL,0,No,Yes,No,No
CUST01392,CON01392,PAY01392,Female,61,30,64.18,1925.4,,0,No,No,Yes,Yes
CUST01393,CON01393,PAY01393,Female,64,7,34.23,239.61,,2,Yes,No,Yes,No
CUST01394,CON01394,PAY01394,Male,19,24,26.77,642.48,DSL,0,No,Yes,No,Yes
CUST01395,CON01395,PAY01395,Male,21,51,33.8,1723.8,DSL,2,No,No,Yes,Yes
CUST01396,CON01396,PAY01396,Female,60,51,56.77,2895.27,,7,Yes,Yes,No,No
CUST01397,CON01397,PAY01397,Male,48,44,54.41,2394.04,,2,No,No,Yes,No
CUST01398,CON01398,PAY01398,Female,21,60,102.12,6127.2,Fiber Optic,7,No,No,No,Yes
CUST01399,CON01399,PAY01399,Male,58,1,77.16,77.16,Fiber Optic,1,No,No,No,No
CUST01400,CON01400,PAY01400,Female,35,37,104.23,3856.51,Cable,0,Yes,Yes,Yes,No
CUST01401,CON01401,PAY01401,Male,71,6,31.14,186.84,,4,Yes,No,Yes,No
CUST01402,CON01402,PAY01402,Female,28,60,53.01,3180.6,Cable,2,No,Yes,Yes,No
CUST01403,CON01403,PAY01403,Female,50,13,29.39,382.07,Fiber Optic,6,No,Yes,Yes,Yes
CUST01404,CON01404,PAY01404,Male,53,64,77.78,4977.92,Fiber Optic,5,Yes,Yes,Yes,No
CUST01405,CON01405,PAY01405,Male,38,44,57.02,2508.88,Fiber Optic,7,No,No,Yes,No
CUST01406,CON01406,PAY01406,Female,49,33,104.31,3442.23,Cable,3,Yes,No,No,Yes
CUST01407,CON01407,PAY01407,Female,54,64,27.81,1779.84,Cable,5,Yes,No,Yes,Yes
CUST01408,CON01408,PAY01408,Male,69,46,61.82,2843.72,Cable,8,No,Yes,No,Yes
CUST01409,CON01409,PAY01409,Male,53,29,97.61,2830.69,,8,Yes,No,Yes,No
CUST01410,CON01410,PAY01410,Female,51,32,30.53,976.96,,3,No,No,Yes,Yes
CUST01411,CON01411,PAY01411,Female,52,6,59.94,359.64,DSL,3,Yes,No,Yes,No
CUST01412,CON01412,PAY01412,Female,29,48,58.59,2812.32,Fiber Optic,5,Yes,No,No,Yes
CUST01413,CON01413,PAY01413,Female,22,59,95.46,5632.14,Fiber Optic,7,No,No,No,Yes
CUST01414,CON01414,PAY01414,Male,46,4,102.39,409.56,DSL,7,No,No,No,No
CUST01415,CON01415,PAY01415,Female,76,72,52.86,3805.92,Cable,2,No,No,Yes,Yes
CUST01416,CON01416,PAY01416,Female,57,31,34.08,1056.48,,4,No,No,Yes,Yes
CUST01417,CON01417,PAY01417,Male,38,19,57.72,1096.68,Fiber Optic,3,No,No,No,Yes
CUST01418,CON01418,PAY01418,Female,75,4,34.97,139.88,Cable,1,Yes,Yes,Yes,Yes
CUST01419,CON01419,PAY01419,Female,27,25,25.41,635.25,Fiber Optic,2,No,No,No,No
CUST01420,CON01420,PAY01420,Male,73,6,84.51,507.06,,2,Yes,No,Yes,Yes
CUST01421,CON01421,PAY01421,Female,58,72,78.4,5644.8,,5,Yes,No,No,Yes
CUST01422,CON01422,PAY01422,Female,21,7,104.98,734.86,,3,No,Yes,Yes,No
CUST01423,CON01423,PAY01423,Female,46,3,61.27,183.81,DSL,3,Yes,No,Yes,No
CUST01424,CON01424,PAY01424,Female,26,10,96.51,965.1,Fiber Optic,1,Yes,Yes,No,No
CUST01425,CON01425,PAY01425,Male,22,27,80.38,2170.26,Cable,0,No,No,Yes,No
CUST01426,CON01426,PAY01426,Male,51,5,57.03,285.15,Cable,5,Yes,Yes,No,No
CUST01427,CON01427,PAY01427,Male,70,52,25.24,1312.48,,4,No,Yes,Yes,No
CUST01428,CON01428,PAY01428,Male,19,31,48.44,1501.64,,1,No,Yes,Yes,No
CUST01429,CON01429,PAY01429,Female,50,2,62.09,124.18,DSL,3,Yes,No,Yes,No
CUST01430,CON01430,PAY01430,Female,56,64,28.26,1808.64,Cable,4,Yes,No,Yes,Yes
CUST01431,CON01431,PAY01431,Male,61,59,26.98,1591.82,,2,No,Yes,Yes,No
CUST01432,CON01432,PAY01432,Male,21,36,76.53,2755.08,DSL,9,Yes,No,No,No
CUST01433,CON01433,PAY01433,Male,34,51,49.61,2530.11,Fiber Optic,9,No,Yes,No,Yes
CUST01434,CON01434,PAY01434,Male,23,32,75.35,2411.2,Fiber Optic,6,Yes,Yes,No,Yes
CUST01435,CON01435,PAY01435,Male,21,13,51.23,665.99,Cable,3,Yes,Yes,No,Yes
CUST01436,CON01436,PAY01436,Female,69,45,60.95,2742.75,Fiber Optic,6,No,No,Yes,Yes
CUST01437,CON01437,PAY01437,Female,30,37,98.71,3652.27,Cable,1,Yes,Yes,Yes,No
CUST01438,CON01438,PAY01438,Male,30,13,82.7,1075.1,DSL,2,Yes,No,Yes,No
CUST01439,CON01439,PAY01439,Female,67,31,56.79,1760.49,Cable,0,Yes,No,Yes,Yes
CUST01440,CON01440,PAY01440,Male,33,60,33.47,2008.2,Cable,7,Yes,Yes,Yes,Yes
CUST01441,CON01441,PAY01441,Male,51,48,102.22,4906.56,Cable,1,No,No,Yes,No
CUST01442,CON01442,PAY01442,Female,32,47,30.52,1434.44,Fiber Optic,5,No,Yes,No,Yes
CUST01443,CON01443,PAY01443,Male,53,2,28.6,57.2,Cable,3,Yes,Yes,No,Yes
CUST01444,CON01444,PAY01444,Female,31,44,63.18,2779.92,Fiber Optic,5,Yes,No,No,Yes
CUST01445,CON01445,PAY01445,Female,35,60,101.04,6062.4,Fiber Optic,6,No,Yes,No,Yes
CUST01446,CON01446,PAY01446,Female,77,70,47.07,3294.9,Cable,0,No,No,Yes,Yes
CUST01447,CON01447,PAY01447,Male,54,59,61.3,3616.7,Cable,7,Yes,Yes,No,No
CUST01448,CON01448,PAY01448,Female,28,47,56.26,2644.22,Fiber Optic,6,Yes,No,No,Yes
CUST01449,CON01449,PAY01449,Male,23,29,79.59,2308.11,Cable,0,No,No,Yes,No
CUST01450,CON01450,PAY01450,Male,70,46,57.44,2642.24,Cable,6,No,Yes,No,Yes
CUST01451,CON01451,PAY01451,Male,58,71,84.38,5990.98,Fiber Optic,5,No,Yes,Yes,Yes
CUST01452,CON01452,PAY01452,Male,18,21,25.16,528.36,DSL,0,No,Yes,No,Yes
CUST01453,CON01453,PAY01453,Female,57,48,60.24,2891.52,,5,Yes,Yes,No,No
CUST01454,CON01454,PAY01454,Male,22,23,28.52,655.96,DSL,0,No,Yes,No,Yes
CUST01455,CON01455,PAY01455,Female,71,28,31.23,874.44,Cable,6,No,Yes,Yes,No
CUST01456,CON01456,PAY01456,Male,51,48,98.83,4743.84,Cable,2,No,No,Yes,No
CUST01457,CON01457,PAY01457,Female,60,32,104.38,3340.16,,5,No,No,No,No
CUST01458,CON01458,PAY01458,Male,35,60,104.38,6262.8,,7,Yes,No,Yes,Yes
CUST01459,CON01459,PAY01459,Female,50,12,33.1,397.2,Fiber Optic,6,No,Yes,Yes,Yes
CUST01460,CON01460,PAY01460,Female,49,11,33.37,367.07,Fiber Optic,8,No,Yes,Yes,Yes
CUST01461,CON01461,PAY01461,Male,71,45,57.25,2576.25,Cable,8,No,Yes,No,Yes
CUST01462,CON01462,PAY01462,Female,41,9,61.38,552.42,DSL,5,No,Yes,Yes,No
CUST01463,CON01463,PAY01463,Female,72,4,29.3,117.2,Cable,2,Yes,Yes,Yes,Yes
CUST01464,CON01464,PAY01464,Female,72,38,58.39,2218.82,DSL,1,Yes,No,Yes,No
CUST01465,CON01465,PAY01465,Male,52,57,58.44,3331.08,Cable,0,No,Yes,No,No
CUST01466,CON01466,PAY01466,Male,55,68,63.85,4341.8,Fiber Optic,0,Yes,No,Yes,No
CUST01467,CON01467,PAY01467,Male,22,40,52.47,2098.8,Cable,9,Yes,Yes,Yes,Yes
CUST01468,CON01468,PAY01468,Female,24,70,53.76,3763.2,DSL,6,No,No,No,Yes
CUST01469,CON01469,PAY01469,Female,25,14,104.42,1461.88,Fiber Optic,2,Yes,Yes,No,No
CUST01470,CON01470,PAY01470,Female,29,52,57.9,3010.8,Fiber Optic,2,No,No,Yes,Yes
CUST01471,CON01471,PAY01471,Female,69,21,83.43,1752.03,Cable,1,Yes,Yes,No,Yes
CUST01472,CON01472,PAY01472,Male,20,35,81.12,2839.2,DSL,7,Yes,No,No,No
CUST01473,CON01473,PAY01473,Female,30,61,53.59,3268.99,Cable,1,No,Yes,Yes,No
CUST01474,CON01474,PAY01474,Female,70,42,55.86,2346.12,Fiber Optic,8,No,No,Yes,Yes
CUST01475,CON01475,PAY01475,Male,61,71,77.66,5513.86,Fiber Optic,5,No,Yes,Yes,Yes
CUST01476,CON01476,PAY01476,Male,66,56,79.42,4447.52,Cable,0,No,No,No,No
CUST01477,CON01477,PAY01477,Male,29,46,33.51,1541.46,DSL,5,Yes,No,Yes,Yes
CUST01478,CON01478,PAY01478,Female,43,31,49.13,1523.03,Fiber Optic,5,Yes,No,Yes,No
CUST01479,CON01479,PAY01479,Female,77,72,51.25,3690.0,Cable,0,No,No,Yes,Yes
CUST01480,CON01480,PAY01480,Female,30,54,62.37,3367.98,Fiber Optic,2,No,No,Yes,Yes
CUST01481,CON01481,PAY01481,Male,19,29,46.39,1345.31,,1,No,Yes,Yes,No
CUST01482,CON01482,PAY01482,Male,18,37,82.07,3036.59,DSL,7,Yes,No,No,No
CUST01483,CON01483,PAY01483,Male,51,6,57.38,344.28,Cable,3,Yes,Yes,No,No
CUST01484,CON01484,PAY01484,Male,66,52,34.84,1811.68,,5,No,Yes,Yes,No
CUST01485,CON01485,PAY01485,Male,68,19,98.19,1865.61,,4,Yes,Yes,Yes,No
CUST01486,CON01486,PAY01486,Female,20,47,102.88,4835.36,DSL,7,Yes,Yes,No,Yes
CUST01487,CON01487,PAY01487,Female,63,8,33.96,271.68,,2,Yes,No,Yes,No
CUST01488,CON01488,PAY01488,Female,31,55,56.49,3106.95,Fiber Optic,3,No,No,Yes,Yes
CUST01489,CON01489,PAY01489,Male,22,29,76.13,2207.77,Cable,0,No,No,Yes,No
CUST01490,CON01490,PAY01490,Male,70,52,81.74,4250.48,,4,No,No,Yes,Yes
CUST01491,CON01491,PAY01491,Female,69,4,48.85,195.4,,1,No,Yes,Yes,No
CUST01492,CON01492,PAY01492,Female,75,39,58.85,2295.15,DSL,0,Yes,No,Yes,No
CUST01493,CON01493,PAY01493,Male,51,56,62.2,3483.2,Cable,1,No,Yes,No,No
CUST01494,CON01494,PAY01494,Male,65,62,27.44,1701.28,,1,No,Yes,Yes,No
CUST01495,CON01495,PAY01495,Female,59,30,61.7,1851.0,,0,No,No,Yes,Yes
CUST01496,CON01496,PAY01496,Female,33,60,103.26,6195.6,Fiber Optic,5,No,Yes,No,Yes
CUST01497,CON01497,PAY01497,Male,54,1,29.71,29.71,Cable,2,Yes,Yes,No,Yes
CUST01498,CON01498,PAY01498,Male,55,67,55.65,3728.55,Fiber Optic,0,Yes,No,Yes,No
CUST01499,CON01499,PAY01499,Female,76,40,60.65,2426.0,DSL,1,Yes,No,Yes,No
CUST01500,CON01500,PAY01500,Male,76,34,78.0,2652.0,Fiber Optic,6,No,No,No,Yes
CUST01501,CON01501,PAY01501,Male,68,54,34.9,1884.6,,5,No,Yes,Yes,No
CUST01502,CON01502,PAY01502,Male,55,50,95.39,4769.5,Cable,0,No,No,Yes,No
CUST01503,CON01503,PAY01503,Female,43,67,34.24,2294.08,DSL,0,No,Yes,No,No
CUST01504,CON01504,PAY01504,Female,33,51,30.9,1575.9,Fiber Optic,5,No,Yes,No,Yes
CUST01505,CON01505,PAY01505,Female,55,11,33.25,365.75,Fiber Optic,7,No,Yes,Yes,Yes
CUST01506,CON01506,PAY01506,Female,60,63,96.84,6100.92,Cable,0,No,No,Yes,Yes
CUST01507,CON01507,PAY01507,Female,22,47,102.85,4833.95,Cable,4,Yes,Yes,Yes,Yes
CUST01508,CON01508,PAY01508,Female,73,2,77.01,154.02,,6,No,No,No,Yes
CUST01509,CON01509,PAY01509,Female,57,35,52.83,1849.05,DSL,5,Yes,Yes,No,Yes
CUST01510,CON01510,PAY01510,Male,21,36,46.31,1667.16,Cable,9,Yes,Yes,Yes,Yes
CUST01511,CON01511,PAY01511,Male,36,60,97.01,5820.6,,6,Yes,No,Yes,Yes
CUST01512,CON01512,PAY01512,Male,20,72,83.8,6033.6,DSL,5,No,No,No,No
CUST01513,CON01513,PAY01513,Female,41,67,27.5,1842.5,DSL,1,No,Yes,No,No
CUST01514,CON01514,PAY01514,Female,56,32,49.3,1577.6,DSL,7,Yes,Yes,No,Yes
CUST01515,CON01515,PAY01515,Female,70,21,98.78,2074.38,Cable,3,No,No,Yes,No
CUST01516,CON01516,PAY01516,Female,64,24,31.9,765.6,Fiber Optic,0,No,Yes,Yes,Yes
CUST01517,CON01517,PAY01517,Female,63,27,56.64,1529.28,,2,No,Yes,Yes,Yes
CUST01518,CON01518,PAY01518,Male,22,33,79.61,2627.13,Fiber Optic,7,Yes,Yes,No,Yes
CUST01519,CON01519,PAY01519,Male,19,20,27.31,546.2,DSL,0,No,Yes,No,Yes
CUST01520,CON01520,PAY01520,Female,24,17,32.4,550.8,DSL,6,No,No,No,Yes
CUST01521,CON01521,PAY01521,Male,74,44,56.86,2501.84,Cable,7,No,Yes,No,Yes
CUST01522,CON01522,PAY01522,Female,19,45,99.61,4482.45,DSL,6,Yes,Yes,No,Yes
CUST01523,CON01523,PAY01523,Female,40,67,25.9,1735.3,DSL,0,No,Yes,No,No
CUST01524,CON01524,PAY01524,Female,67,21,34.82,731.22,Fiber Optic,0,No,Yes,No,Yes
CUST01525,CON01525,PAY01525,Female,64,62,102.57,6359.34,Cable,0,No,No,Yes,Yes
CUST01526,CON01526,PAY01526,Female,58,31,96.71,2998.01,,6,No,No,No,No
CUST01527,CON01527,PAY01527,Female,60,51,63.96,3261.96,,6,Yes,Yes,No,No
CUST01528,CON01528,PAY01528,Male,64,56,84.44,4728.64,Cable,0,No,No,No,No
CUST01529,CON01529,PAY01529,Male,28,56,28.16,1576.96,Cable,7,Yes,Yes,Yes,Yes
CUST01530,CON01530,PAY01530,Male,66,54,26.43,1427.22,,4,No,Yes,Yes,No
CUST01531,CON01531,PAY01531,Male,56,68,57.28,3895.04,Fiber Optic,0,Yes,No,Yes,No
CUST01532,CON01532,PAY01532,Female,22,47,98.07,4609.29,DSL,8,Yes,Yes,No,Yes
CUST01533,CON01533,PAY01533,Female,46,6,64.66,387.96,DSL,6,No,Yes,Yes,No
CUST01534,CON01534,PAY01534,Female,55,32,32.45,1038.4,,5,No,No,Yes,Yes
CUST01535,CON01535,PAY01535,Female,44,49,56.86,2786.14,,4,Yes,Yes,No,No
CUST01536,CON01536,PAY01536,Female,27,16,31.26,500.16,DSL,5,No,No,No,Yes
CUST01537,CON01537,PAY01537,Male,52,49,101.71,4983.79,Cable,1,No,No,Yes,No
CUST01538,CON01538,PAY01538,Male,69,6,27.32,163.92,,6,Yes,No,Yes,No
CUST01539,CON01539,PAY01539,Male,68,4,79.43,317.72,,2,Yes,No,Yes,Yes
CUST01540,CON01540,PAY01540,Female,40,7,64.67,452.69,DSL,5,No,Yes,Yes,No
CUST01541,CON01541,PAY01541,Female,66,4,25.99,103.96,,4,Yes,No,Yes,No
CUST01542,CON01542,PAY01542,Female,72,22,81.2,1786.4,Cable,1,Yes,Yes,No,Yes
CUST01543,CON01543,PAY01543,Female,34,58,101.62,5893.96,Fiber Optic,6,No,Yes,No,Yes
CUST01544,CON01544,PAY01544,Male,29,41,76.81,3149.21,DSL,5,No,No,No,No
CUST01545,CON01545,PAY01545,Male,33,47,47.87,2249.89,Fiber Optic,8,No,Yes,No,Yes
CUST01546,CON01546,PAY01546,Female,18,48,104.61,5021.28,Cable,2,Yes,Yes,Yes,Yes
CUST01547,CON01547,PAY01547,Female,60,33,104.73,3456.09,,6,No,No,No,No
CUST01548,CON01548,PAY01548,Male,76,35,83.47,2921.45,Fiber Optic,5,No,No,No,Yes
CUST01549,CON01549,PAY01549,Female,38,49,26.78,1312.22,Fiber Optic,7,No,Yes,No,Yes
CUST01550,CON01550,PAY01550,Female,52,10,30.06,300.6,Fiber Optic,8,No,Yes,Yes,Yes
CUST01551,CON01551,PAY01551,Male,73,22,104.61,2301.42,,5,Yes,Yes,Yes,No
CUST01552,CON01552,PAY01552,Female,35,62,29.84,1850.08,DSL,2,No,No,Yes,Yes
CUST01553,CON01553,PAY01553,Male,20,53,31.04,1645.12,DSL,2,No,No,Yes,Yes
CUST01554,CON01554,PAY01554,Male,56,23,55.06,1266.38,Cable,5,Yes,Yes,Yes,Yes
CUST01555,CON01555,PAY01555,Female,26,23,28.6,657.8,Fiber Optic,2,No,No,No,No
CUST01556,CON01556,PAY01556,Female,57,33,30.75,1014.75,,4,No,No,Yes,Yes
CUST01557,CON01557,PAY01557,Female,30,40,32.13,1285.2,,3,No,No,No,Yes
CUST01558,CON01558,PAY01558,Female,64,61,99.33,6059.13,Cable,1,No,No,Yes,Yes
CUST01559,CON01559,PAY01559,Male,22,53,25.6,1356.8,DSL,1,No,No,Yes,Yes
CUST01560,CON01560,PAY01560,Male,28,34,61.54,2092.36,Fiber Optic,0,No,No,No,Yes
CUST01561,CON01561,PAY01561,Male,63,58,75.0,4350.0,Cable,0,No,No,No,No
CUST01562,CON01562,PAY01562,Female,47,41,77.83,3191.03,DSL,8,No,No,No,Yes
CUST01563,CON01563,PAY01563,Male,50,55,57.42,3158.1,Cable,2,No,Yes,No,No
CUST01564,CON01564,PAY01564,Female,50,42,77.64,3260.88,DSL,8,No,No,No,Yes
CUST01565,CON01565,PAY01565,Male,49,64,83.39,5336.96,Fiber Optic,7,Yes,Yes,Yes,No
CUST01566,CON01566,PAY01566,Female,30,58,102.54,5947.32,Fiber Optic,4,No,Yes,No,Yes
CUST01567,CON01567,PAY01567,Male,27,37,64.38,2382.06,Fiber Optic,0,No,No,No,Yes
CUST01568,CON01568,PAY01568,Male,73,45,56.73,2552.85,Cable,8,No,Yes,No,Yes
CUST01569,CON01569,PAY01569,Female,31,58,100.82,5847.56,Fiber Optic,6,No,Yes,No,Yes
CUST01570,CON01570,PAY01570,Male,51,57,55.47,3161.79,Cable,1,No,Yes,No,No
CUST01571,CON01571,PAY01571,Male,53,31,104.56,3241.36,,9,Yes,No,Yes,No
CUST01572,CON01572,PAY01572,Male,63,68,84.71,5760.28,Fiber Optic,5,No,Yes,Yes,Yes
CUST01573,CON01573,PAY01573,Male,47,57,62.73,3575.61,Cable,1,No,Yes,No,No
CUST01574,CON01574,PAY01574,Female,74,3,82.83,248.49,,6,No,No,No,Yes
CUST01575,CON01575,PAY01575,Female,44,44,74.99,3299.56,DSL,8,No,No,No,Yes
CUST01576,CON01576,PAY01576,Male,58,2,76.67,153.34,Fiber Optic,1,No,No,No,No
CUST01577,CON01577,PAY01577,Male,57,20,62.76,1255.2,Cable,4,Yes,Yes,Yes,Yes
CUST01578,CON01578,PAY01578,Female,27,25,33.33,833.25,Fiber Optic,2,No,No,No,No
CUST01579,CON01579,PAY01579,Female,72,72,54.0,3888.0,Cable,1,No,No,Yes,Yes
CUST01580,CON01580,PAY01580,Male,65,57,77.01,4389.57,Cable,1,No,No,No,No
CUST01581,CON01581,PAY01581,Female,57,31,101.96,3160.76,,6,No,No,No,No
CUST01582,CON01582,PAY01582,Female,33,45,63.62,2862.9,Fiber Optic,7,Yes,No,No,Yes
CUST01583,CON01583,PAY01583,Female,67,4,45.88,183.52,,2,No,Yes,Yes,No
CUST01584,CON01584,PAY01584,Female,74,38,61.86,2350.68,DSL,0,Yes,No,Yes,No
CUST01585,CON01585,PAY01585,Male,18,35,83.67,2928.45,DSL,8,Yes,No,No,No
CUST01586,CON01586,PAY01586,Male,23,37,52.81,1953.97,Cable,7,Yes,Yes,Yes,Yes
CUST01587,CON01587,PAY01587,Male,54,1,75.36,75.36,Fiber Optic,1,No,No,No,No
CUST01588,CON01588,PAY01588,Male,19,35,75.98,2659.3,DSL,9,Yes,No,No,No
CUST01589,CON01589,PAY01589,Male,52,49,104.77,5133.73,Cable,0,No,No,Yes,No
CUST01590,CON01590,PAY01590,Female,37,51,34.76,1772.76,Fiber Optic,6,No,Yes,No,Yes
CUST01591,CON01591,PAY01591,Female,72,46,55.04,2531.84,Fiber Optic,7,No,No,Yes,Yes
CUST01592,CON01592,PAY01592,Female,75,21,81.14,1703.94,Cable,0,Yes,Yes,No,Yes
CUST01593,CON01593,PAY01593,Male,48,66,78.87,5205.42,Fiber Optic,7,Yes,Yes,Yes,No
CUST01594,CON01594,PAY01594,Male,33,44,61.23,2694.12,Fiber Optic,7,No,No,Yes,No
CUST01595,CON01595,PAY01595,Female,44,45,75.74,3408.3,DSL,6,No,No,No,Yes
CUST01596,CON01596,PAY01596,Male,70,53,83.21,4410.13,,6,No,No,Yes,Yes
CUST01597,CON01597,PAY01597,Female,34,39,100.81,3931.59,Cable,1,Yes,Yes,Yes,No
CUST01598,CON01598,PAY01598,Female,42,9,55.54,499.86,DSL,6,No,Yes,Yes,No
CUST01599,CON01599,PAY01599,Female,62,60,95.91,5754.6,Cable,1,No,No,Yes,Yes
CUST01600,CON01600,PAY01600,Male,67,55,31.72,1744.6,,3,No,Yes,Yes,No
CUST01601,CON01601,PAY01601,Male,68,45,55.64,2503.8,Cable,7,No,Yes,No,Yes
CUST01602,CON01602,PAY01602,Male,70,49,84.85,4157.65,,6,No,No,Yes,Yes
CUST01603,CON01603,PAY01603,Female,71,2,52.23,104.46,,2,No,Yes,Yes,No
CUST01604,CON01604,PAY01604,Female,77,4,30.94,123.76,Cable,1,Yes,Yes,Yes,Yes
CUST01605,CON01605,PAY01605,Female,41,69,25.16,1736.04,DSL,1,No,Yes,No,No
CUST01606,CON01606,PAY01606,Female,61,48,55.71,2674.08,,5,Yes,Yes,No,No
CUST01607,CON01607,PAY01607,Male,68,6,84.84,509.04,,1,Yes,No,Yes,Yes
CUST01608,CON01608,PAY01608,Female,46,12,78.43,941.16,Fiber Optic,1,No,Yes,No,Yes
CUST01609,CON01609,PAY01609,Female,69,28,30.79,862.12,Cable,4,No,Yes,Yes,No
CUST01610,CON01610,PAY01610,Female,20,48,95.83,4599.84,Cable,4,Yes,Yes,Yes,Yes
CUST01611,CON01611,PAY01611,Male,34,51,48.07,2451.57,Fiber Optic,9,No,Yes,No,Yes
CUST01612,CON01612,PAY01612,Female,40,66,30.83,2034.78,DSL,0,No,Yes,No,No
CUST01613,CON01613,PAY01613,Male,53,61,57.86,3529.46,Cable,9,Yes,Yes,No,No
CUST01614,CON01614,PAY01614,Male,70,52,31.22,1623.44,,4,No,Yes,Yes,No
CUST01615,CON01615,PAY01615,Female,58,33,99.14,3271.62,,6,No,No,No,No
CUST01616,CON01616,PAY01616,Male,36,20,63.73,1274.6,Fiber Optic,5,No,No,No,Yes
CUST01617,CON01617,PAY01617,Female,27,46,60.63,2788.98,Fiber Optic,6,Yes,No,No,Yes
CUST01618,CON01618,PAY01618,Male,58,2,75.07,150.14,Fiber Optic,1,No,No,No,No
CUST01619,CON01619,PAY01619,Female,18,63,100.55,6334.65,Fiber Optic,7,No,No,No,Yes
CUST01620,CON01620,PAY01620,Male,34,49,52.93,2593.57,Fiber Optic,8,No,Yes,No,Yes
CUST01621,CON01621,PAY01621,Female,64,29,58.88,1707.52,,2,No,Yes,Yes,Yes
CUST01622,CON01622,PAY01622,Female,29,62,48.98,3036.76,Cable,1,No,Yes,Yes,No
CUST01623,CON01623,PAY01623,Female,31,58,98.76,5728.08,Fiber Optic,4,No,Yes,No,Yes
CUST01624,CON01624,PAY01624,Male,39,62,96.95,6010.9,,6,Yes,No,Yes,Yes
CUST01625,CON01625,PAY01625,Male,33,26,97.62,2538.12,Fiber Optic,2,Yes,No,Yes,Yes
CUST01626,CON01626,PAY01626,Male,20,33,79.78,2632.74,DSL,9,Yes,No,No,No
CUST01627,CON01627,PAY01627,Female,72,4,53.32,213.28,,3,No,Yes,Yes,No
CUST01628,CON01628,PAY01628,Male,37,47,52.94,2488.18,Fiber Optic,7,No,Yes,No,Yes
CUST01629,CON01629,PAY01629,Female,36,64,31.56,2019.84,DSL,2,No,No,Yes,Yes
CUST01630,CON01630,PAY01630,Male,22,29,84.22,2442.38,Cable,0,No,No,Yes,No
CUST01631,CON01631,PAY01631,Female,46,6,60.37,362.22,DSL,6,No,Yes,Yes,No
CUST01632,CON01632,PAY01632,Female,43,5,58.45,292.25,DSL,4,No,Yes,Yes,No
CUST01633,CON01633,PAY01633,Female,30,48,56.27,2700.96,Fiber Optic,7,Yes,No,No,Yes
CUST01634,CON01634,PAY01634,Male,38,20,60.26,1205.2,Fiber Optic,3,No,No,No,Yes
CUST01635,CON01635,PAY01635,Male,75,24,57.8,1387.2,Cable,0,Yes,No,Yes,Yes
CUST01636,CON01636,PAY01636,Female,33,59,101.56,5992.04,Fiber Optic,5,No,Yes,No,Yes
CUST01637,CON01637,PAY01637,Female,66,5,31.4,157.0,,2,Yes,No,Yes,No
CUST01638,CON01638,PAY01638,Female,45,32,53.77,1720.64,Fiber Optic,3,Yes,No,Yes,No
CUST01639,CON01639,PAY01639,Male,20,39,53.07,2069.73,Cable,8,Yes,Yes,Yes,Yes
CUST01640,CON01640,PAY01640,Male,76,22,61.04,1342.88,DSL,1,No,Yes,No,No
CUST01641,CON01641,PAY01641,Female,45,11,80.08,880.88,Fiber Optic,2,No,Yes,No,Yes
CUST01642,CON01642,PAY01642,Female,66,24,31.02,744.48,Fiber Optic,1,No,Yes,Yes,Yes
CUST01643,CON01643,PAY01643,Male,60,59,28.93,1706.87,,1,No,Yes,Yes,No
CUST01644,CON01644,PAY01644,Male,35,17,83.14,1413.38,DSL,2,Yes,No,Yes,No
CUST01645,CON01645,PAY01645,Female,76,70,48.05,3363.5,Cable,0,No,No,Yes,Yes
CUST01646,CON01646,PAY01646,Female,32,56,103.47,5794.32,Fiber Optic,5,No,Yes,No,Yes
CUST01647,CON01647,PAY01647,Female,45,45,83.18,3743.1,DSL,7,No,No,No,Yes
CUST01648,CON01648,PAY01648,Female,32,50,31.63,1581.5,Fiber Optic,7,No,Yes,No,Yes
CUST01649,CON01649,PAY01649,Female,75,1,33.26,33.26,Cable,2,Yes,Yes,Yes,Yes
CUST01650,CON01650,PAY01650,Male,18,21,34.97,734.37,DSL,1,No,Yes,No,Yes
CUST01651,CON01651,PAY01651,Female,35,38,100.64,3824.32,Cable,0,Yes,Yes,Yes,No
CUST01652,CON01652,PAY01652,Male,76,37,80.01,2960.37,Fiber Optic,7,No,No,No,Yes
CUST01653,CON01653,PAY01653,Male,18,36,80.52,2898.72,DSL,8,Yes,No,No,No
CUST01654,CON01654,PAY01654,Female,29,60,103.33,6199.8,Fiber Optic,4,No,Yes,No,Yes
CUST01655,CON01655,PAY01655,Male,57,62,58.46,3624.52,Cable,7,Yes,Yes,No,No
CUST01656,CON01656,PAY01656,Male,35,27,103.87,2804.49,Fiber Optic,2,Yes,No,Yes,Yes
CUST01657,CON01657,PAY01657,Female,63,31,59.79,1853.49,,1,No,Yes,Yes,Yes
CUST01658,CON01658,PAY01658,Male,26,37,52.19,1931.03,Fiber Optic,2,Yes,No,No,No
CUST01659,CON01659,PAY01659,Male,26,72,76.43,5502.96,DSL,5,No,No,No,No
CUST01660,CON01660,PAY01660,Female,41,15,77.4,1161.0,Fiber Optic,1,No,Yes,No,Yes
CUST01661,CON01661,PAY01661,Male,46,45,51.01,2295.45,,4,No,No,Yes,No
CUST01662,CON01662,PAY01662,Female,58,70,75.53,5287.1,,6,Yes,No,No,Yes
CUST01663,CON01663,PAY01663,Male,73,24,64.16,1539.84,Cable,0,Yes,No,Yes,Yes
CUST01664,CON01664,PAY01664,Female,69,48,63.75,3060.0,Cable,6,Yes,No,Yes,No
CUST01665,CON01665,PAY01665,Female,62,72,83.47,6009.84,,6,Yes,No,No,Yes
CUST01666,CON01666,PAY01666,Female,49,12,33.66,403.92,Fiber Optic,6,No,Yes,Yes,Yes
CUST01667,CON01667,PAY01667,Female,28,37,34.25,1267.25,,3,No,No,No,Yes
CUST01668,CON01668,PAY01668,Female,48,42,78.09,3279.78,DSL,7,No,No,No,Yes
CUST01669,CON01669,PAY01669,Male,73,20,104.38,2087.6,,6,Yes,Yes,Yes,No
CUST01670,CON01670,PAY01670,Female,57,35,96.98,3394.3,,5,No,No,No,No
CUST01671,CON01671,PAY01671,Female,26,22,27.14,597.08,Fiber Optic,1,No,No,No,No
CUST01672,CON01672,PAY01672,Female,57,33,48.55,1602.15,DSL,6,Yes,Yes,No,Yes
CUST01673,CON01673,PAY01673,Female,71,4,81.34,325.36,,6,No,No,No,Yes
CUST01674,CON01674,PAY01674,Male,58,22,58.6,1289.2,Cable,6,Yes,Yes,Yes,Yes
CUST01675,CON01675,PAY01675,Female,71,27,29.87,806.49,Cable,6,No,Yes,Yes,No
CUST01676,CON01676,PAY01676,Male,63,68,80.08,5445.44,Fiber Optic,5,No,Yes,Yes,Yes
CUST01677,CON01677,PAY01677,Female,63,68,82.57,5614.76,,6,Yes,No,No,Yes
CUST01678,CON01678,PAY01678,Female,44,15,82.89,1243.35,Fiber Optic,1,No,Yes,No,Yes
CUST01679,CON01679,PAY01679,Male,64,60,31.43,1885.8,,2,No,Yes,Yes,No
CUST01680,CON01680,PAY01680,Female,72,2,75.88,151.76,,8,No,No,No,Yes
CUST01681,CON01681,PAY01681,Female,21,61,100.35,6121.35,Fiber Optic,7,No,No,No,Yes
CUST01682,CON01682,PAY01682,Female,55,25,77.87,1946.75,DSL,5,Yes,Yes,No,No
CUST01683,CON01683,PAY01683,Female,30,14,96.64,1352.96,Fiber Optic,2,Yes,Yes,No,No
CUST01684,CON01684,PAY01684,Female,71,22,102.25,2249.5,Cable,3,No,No,Yes,No
CUST01685,CON01685,PAY01685,Female,59,72,97.8,7041.6,Fiber Optic,4,Yes,Yes,Yes,Yes
CUST01686,CON01686,PAY01686,Male,35,24,97.83,2347.92,Fiber Optic,4,Yes,No,Yes,Yes
CUST01687,CON01687,PAY01687,Male,69,53,78.78,4175.34,,4,No,No,Yes,Yes
CUST01688,CON01688,PAY01688,Female,44,47,63.32,2976.04,,4,Yes,Yes,No,No
CUST01689,CON01689,PAY01689,Female,38,47,56.1,2636.7,,5,Yes,Yes,No,No
CUST01690,CON01690,PAY01690,Male,52,4,25.67,102.68,Cable,1,Yes,Yes,No,Yes
CUST01691,CON01691,PAY01691,Male,54,30,96.12,2883.6,,8,Yes,No,Yes,No
CUST01692,CON01692,PAY01692,Female,61,27,62.64,1691.28,,2,No,No,Yes,Yes
CUST01693,CON01693,PAY01693,Male,53,23,55.4,1274.2,Cable,4,Yes,Yes,Yes,Yes
CUST01694,CON01694,PAY01694,Male,35,62,104.89,6503.18,,5,Yes,No,Yes,Yes
CUST01695,CON01695,PAY01695,Male,18,31,47.38,1468.78,,3,No,Yes,Yes,No
CUST01696,CON01696,PAY01696,Female,60,71,81.33,5774.43,,4,Yes,No,No,Yes
CUST01697,CON01697,PAY01697,Female,63,63,100.12,6307.56,Cable,0,No,No,Yes,Yes
CUST01698,CON01698,PAY01698,Male,22,23,34.37,790.51,DSL,0,No,Yes,No,Yes
CUST01699,CON01699,PAY01699,Male,52,67,76.19,5104.73,Fiber Optic,6,Yes,Yes,Yes,No
CUST01700,CON01700,PAY01700,Male,32,5,57.43,287.15,,9,No,No,Yes,No
CUST01701,CON01701,PAY01701,Male,69,50,78.24,3912.0,,6,No,No,Yes,Yes
CUST01702,CON01702,PAY01702,Male,77,37,75.31,2786.47,Fiber Optic,7,No,No,No,Yes
CUST01703,CON01703,PAY01703,Female,58,26,75.07,1951.82,DSL,4,Yes,Yes,No,No
CUST01704,CON01704,PAY01704,Male,65,61,29.05,1772.05,,1,No,Yes,Yes,No
CUST01705,CON01705,PAY01705,Male,54,6,62.01,372.06,Cable,5,Yes,Yes,No,No
CUST01706,CON01706,PAY01706,Male,58,31,99.28,3077.68,,8,Yes,No,Yes,No
CUST01707,CON01707,PAY01707,Female,70,24,29.12,698.88,Fiber Optic,0,No,Yes,Yes,Yes
CUST01708,CON01708,PAY01708,Female,36,65,27.66,1797.9,DSL,2,No,No,Yes,Yes
CUST01709,CON01709,PAY01709,Female,68,4,50.55,202.2,,1,No,Yes,Yes,No
CUST01710,CON01710,PAY01710,Female,74,5,84.18,420.9,,7,No,No,No,Yes
CUST01711,CON01711,PAY01711,Male,18,31,50.35,1560.85,,3,No,Yes,Yes,No
CUST01712,CON01712,PAY01712,Female,74,1,28.42,28.42,Cable,2,Yes,Yes,Yes,Yes
CUST01713,CON01713,PAY01713,Female,35,56,63.03,3529.68,Fiber Optic,4,No,No,Yes,Yes
CUST01714,CON01714,PAY01714,Male,29,56,27.37,1532.72,Cable,8,Yes,Yes,Yes,Yes
CUST01715,CON01715,PAY01715,Female,32,48,26.68,1280.64,Fiber Optic,6,No,Yes,No,Yes
CUST01716,CON01716,PAY01716,Male,34,48,61.05,2930.4,Fiber Optic,9,No,No,Yes,No
CUST01717,CON01717,PAY01717,Male,56,32,97.21,3110.72,,8,Yes,No,Yes,No
CUST01718,CON01718,PAY01718,Female,34,50,33.06,1653.0,Fiber Optic,6,No,Yes,No,Yes
CUST01719,CON01719,PAY01719,Male,69,50,76.41,3820.5,,5,No,No,Yes,Yes
CUST01720,CON01720,PAY01720,Female,67,20,101.84,2036.8,Cable,2,No,No,Yes,No
CUST01721,CON01721,PAY01721,Male,20,36,78.52,2826.72,Fiber Optic,6,Yes,Yes,No,Yes
CUST01722,CON01722,PAY01722,Female,77,41,59.01,2419.41,DSL,1,Yes,No,Yes,No
CUST01723,CON01723,PAY01723,Male,27,57,30.73,1751.61,Cable,8,Yes,Yes,Yes,Yes
CUST01724,CON01724,PAY01724,Male,36,24,47.74,1145.76,,1,No,Yes,No,No
CUST01725,CON01725,PAY01725,Male,18,29,47.24,1369.96,,1,No,Yes,Yes,No
CUST01726,CON01726,PAY01726,Female,32,58,101.18,5868.44,Fiber Optic,6,No,Yes,No,Yes
CUST01727,CON01727,PAY01727,Female,38,67,26.89,1801.63,DSL,1,No,Yes,No,No
CUST01728,CON01728,PAY01728,Male,72,19,101.4,1926.6,,4,Yes,Yes,Yes,No
CUST01729,CON01729,PAY01729,Female,49,41,102.58,4205.78,DSL,1,No,No,No,No
CUST01730,CON01730,PAY01730,Female,56,22,78.69,1731.18,DSL,5,Yes,Yes,No,No
CUST01731,CON01731,PAY01731,Male,25,37,59.18,2189.66,Fiber Optic,2,No,No,No,Yes
CUST01732,CON01732,PAY01732,Female,76,41,57.36,2351.76,DSL,1,Yes,No,Yes,No
CUST01733,CON01733,PAY01733,Female,51,12,32.45,389.4,Fiber Optic,7,No,Yes,Yes,Yes
CUST01734,CON01734,PAY01734,Female,35,58,98.67,5722.86,Fiber Optic,5,No,Yes,No,Yes
CUST01735,CON01735,PAY01735,Female,69,27,28.57,771.39,Fiber Optic,1,No,Yes,Yes,Yes
CUST01736,CON01736,PAY01736,Female,67,7,26.2,183.4,,2,Yes,No,Yes,No
CUST01737,CON01737,PAY01737,Male,54,49,104.2,5105.8,Cable,0,No,No,Yes,No
CUST01738,CON01738,PAY01738,Male,69,51,84.01,4284.51,,6,No,No,Yes,Yes
CUST01739,CON01739,PAY01739,Male,20,54,25.86,1396.44,DSL,0,No,No,Yes,Yes
CUST01740,CON01740,PAY01740,Female,39,69,30.79,2124.51,DSL,1,No,Yes,No,No
CUST01741,CON01741,PAY01741,Female,22,46,101.1,4650.6,Cable,2,Yes,Yes,Yes,Yes
CUST01742,CON01742,PAY01742,Male,75,36,83.44,3003.84,Fiber Optic,7,No,No,No,Yes
CUST01743,CON01743,PAY01743,Male,50,3,96.87,290.61,DSL,6,No,No,No,No
CUST01744,CON01744,PAY01744,Male,27,59,27.79,1639.61,Cable,7,Yes,Yes,Yes,Yes
CUST01745,CON01745,PAY01745,Female,40,6,57.65,345.9,DSL,4,No,Yes,Yes,No
CUST01746,CON01746,PAY01746,Male,71,26,64.55,1678.3,Cable,0,Yes,No,Yes,Yes
CUST01747,CON01747,PAY01747,Female,66,43,61.67,2651.81,Fiber Optic,8,No,No,Yes,Yes
CUST01748,CON01748,PAY01748,Female,29,39,30.53,1190.67,,2,No,No,No,Yes
CUST01749,CON01749,PAY01749,Female,26,13,99.36,1291.68,Fiber Optic,3,Yes,Yes,No,No
CUST01750,CON01750,PAY01750,Male,66,59,81.53,4810.27,Cable,1,No,No,No,No
CUST01751,CON01751,PAY01751,Male,52,6,60.32,361.92,Cable,4,Yes,Yes,No,No
CUST01752,CON01752,PAY01752,Female,54,33,34.85,1150.05,,3,No,No,Yes,Yes
CUST01753,CON01753,PAY01753,Female,60,28,59.44,1664.32,,2,No,Yes,Yes,Yes
CUST01754,CON01754,PAY01754,Female,67,27,33.41,902.07,Fiber Optic,1,No,Yes,Yes,Yes
CUST01755,CON01755,PAY01755,Female,32,51,32.3,1647.3,Fiber Optic,6,No,Yes,No,Yes
CUST01756,CON01756,PAY01756,Male,18,29,51.3,1487.7,,3,No,Yes,Yes,No
CUST01757,CON01757,PAY01757,Male,59,67,80.26,5377.42,Fiber Optic,4,No,Yes,Yes,Yes
CUST01758,CON01758,PAY01758,Male,56,23,64.28,1478.44,Cable,5,Yes,Yes,Yes,Yes
CUST01759,CON01759,PAY01759,Male,31,15,80.9,1213.5,DSL,0,Yes,No,Yes,No
CUST01760,CON01760,PAY01760,Male,49,65,76.79,4991.35,Fiber Optic,5,Yes,Yes,Yes,No
CUST01761,CON01761,PAY01761,Male,30,24,102.43,2458.32,Fiber Optic,3,Yes,No,Yes,Yes
CUST01762,CON01762,PAY01762,Female,70,28,25.16,704.48,Cable,4,No,Yes,Yes,No
CUST01763,CON01763,PAY01763,Female,69,2,53.26,106.52,,2,No,Yes,Yes,No
CUST01764,CON01764,PAY01764,Male,54,5,26.36,131.8,Cable,2,Yes,Yes,No,Yes
CUST01765,CON01765,PAY01765,Male,51,49,96.53,4729.97,Cable,2,No,No,Yes,No
CUST01766,CON01766,PAY01766,Female,51,11,29.06,319.66,Fiber Optic,8,No,Yes,Yes,Yes
CUST01767,CON01767,PAY01767,Male,33,26,47.84,1243.84,,1,No,Yes,No,No
CUST01768,CON01768,PAY01768,Male,69,6,31.05,186.3,,5,Yes,No,Yes,No
CUST01769,CON01769,PAY01769,Female,45,6,59.22,355.32,DSL,6,No,Yes,Yes,No
CUST01770,CON01770,PAY01770,Female,21,16,26.67,426.72,DSL,5,No,No,No,Yes
CUST01771,CON01771,PAY01771,Male,21,32,45.86,1467.52,,3,No,Yes,Yes,No
CUST01772,CON01772,PAY01772,Female,69,18,100.76,1813.68,Cable,2,No,No,Yes,No
CUST01773,CON01773,PAY01773,Male,63,59,28.69,1692.71,,2,No,Yes,Yes,No
CUST01774,CON01774,PAY01774,Female,62,60,104.83,6289.8,Cable,0,No,No,Yes,Yes
CUST01775,CON01775,PAY01775,Male,70,49,75.1,3679.9,,4,No,No,Yes,Yes
CUST01776,CON01776,PAY01776,Female,61,31,55.07,1707.17,,1,No,No,Yes,Yes
CUST01777,CON01777,PAY01777,Male,76,35,81.27,2844.45,Fiber Optic,6,No,No,No,Yes
CUST01778,CON01778,PAY01778,Female,49,11,32.94,362.34,Fiber Optic,6,No,Yes,Yes,Yes
CUST01779,CON01779,PAY01779,Male,72,25,63.78,1594.5,Cable,0,Yes,No,Yes,Yes
CUST01780,CON01780,PAY01780,Male,26,72,82.22,5919.84,DSL,4,No,No,No,No
CUST01781,CON01781,PAY01781,Male,22,54,33.97,1834.38,DSL,1,No,No,Yes,Yes
CUST01782,CON01782,PAY01782,Male,68,60,76.35,4581.0,Cable,0,No,No,No,No
CUST01783,CON01783,PAY01783,Male,51,67,77.35,5182.45,Fiber Optic,5,Yes,Yes,Yes,No
CUST01784,CON01784,PAY01784,Male,52,56,60.38,3381.28,Cable,0,No,Yes,No,No
CUST01785,CON01785,PAY01785,Female,70,43,57.93,2490.99,Fiber Optic,7,No,No,Yes,Yes
CUST01786,CON01786,PAY01786,Female,55,33,98.04,3235.32,,6,No,No,No,No
CUST01787,CON01787,PAY01787,Female,73,1,34.9,34.9,Cable,3,Yes,Yes,Yes,Yes
CUST01788,CON01788,PAY01788,Female,69,49,64.12,3141.88,Cable,4,Yes,No,Yes,No
CUST01789,CON01789,PAY01789,Male,36,23,48.74,1121.02,,0,No,Yes,No,No
CUST01790,CON01790,PAY01790,Female,38,70,32.09,2246.3,DSL,0,No,Yes,No,No
CUST01791,CON01791,PAY01791,Male,34,20,59.98,1199.6,Fiber Optic,4,No,No,No,Yes
CUST01792,CON01792,PAY01792,Female,50,11,32.87,361.57,Fiber Optic,8,No,Yes,Yes,Yes
CUST01793,CON01793,PAY01793,Female,50,2,55.05,110.1,DSL,4,Yes,No,Yes,No
CUST01794,CON01794,PAY01794,Male,20,13,50.19,652.47,Cable,5,Yes,Yes,No,Yes
CUST01795,CON01795,PAY01795,Female,53,43,101.53,4365.79,DSL,1,No,No,No,No
CUST01796,CON01796,PAY01796,Male,30,26,53.24,1384.24,,0,No,Yes,No,No
CUST01797,CON01797,PAY01797,Male,32,14,79.15,1108.1,DSL,0,Yes,No,Yes,No
CUST01798,CON01798,PAY01798,Male,64,59,78.28,4618.52,Cable,0,No,No,No,No
CUST01799,CON01799,PAY01799,Female,29,23,30.42,699.66,Fiber Optic,0,No,No,No,No
CUST01800,CON01800,PAY01800,Female,53,31,34.05,1055.55,,4,No,No,Yes,Yes
CUST01801,CON01801,PAY01801,Female,41,48,57.96,2782.08,,3,Yes,Yes,No,No
CUST01802,CON01802,PAY01802,Female,62,71,80.76,5733.96,,5,Yes,No,No,Yes
CUST01803,CON01803,PAY01803,Female,51,30,33.07,992.1,,4,No,No,Yes,Yes
CUST01804,CON01804,PAY01804,Female,20,47,95.41,4484.27,Cable,2,Yes,Yes,Yes,Yes
CUST01805,CON01805,PAY01805,Male,48,64,75.61,4839.04,Fiber Optic,7,Yes,Yes,Yes,No
CUST01806,CON01806,PAY01806,Female,61,30,63.54,1906.2,,2,No,No,Yes,Yes
CUST01807,CON01807,PAY01807,Female,32,47,59.86,2813.42,Fiber Optic,6,Yes,No,No,Yes
CUST01808,CON01808,PAY01808,Male,51,61,62.23,3796.03,Cable,7,Yes,Yes,No,No
CUST01809,CON01809,PAY01809,Female,44,43,75.5,3246.5,DSL,6,No,No,No,Yes
CUST01810,CON01810,PAY01810,Female,65,30,62.49,1874.7,Cable,1,Yes,No,Yes,Yes
CUST01811,CON01811,PAY01811,Female,51,33,25.42,838.86,,4,No,No,Yes,Yes
CUST01812,CON01812,PAY01812,Female,72,3,52.29,156.87,,3,No,Yes,Yes,No
CUST01813,CON01813,PAY01813,Male,35,17,81.91,1392.47,DSL,0,Yes,No,Yes,No
CUST01814,CON01814,PAY01814,Female,66,21,30.4,638.4,Fiber Optic,0,No,Yes,No,Yes
CUST01815,CON01815,PAY01815,Male,21,20,31.73,634.6,DSL,0,No,Yes,No,Yes
CUST01816,CON01816,PAY01816,Male,54,2,27.28,54.56,Cable,1,Yes,Yes,No,Yes
CUST01817,CON01817,PAY01817,Female,72,72,46.7,3362.4,Cable,2,No,No,Yes,Yes
CUST01818,CON01818,PAY01818,Female,75,38,58.49,2222.62,DSL,0,Yes,No,Yes,No
CUST01819,CON01819,PAY01819,Male,21,30,47.89,1436.7,,3,No,Yes,Yes,No
CUST01820,CON01820,PAY01820,Male,58,66,56.97,3760.02,Fiber Optic,0,Yes,No,Yes,No
CUST01821,CON01821,PAY01821,Female,56,52,61.5,3198.0,,5,Yes,Yes,No,No
CUST01822,CON01822,PAY01822,Female,28,46,56.88,2616.48,Fiber Optic,5,Yes,No,No,Yes
CUST01823,CON01823,PAY01823,Male,31,41,80.69,3308.29,DSL,3,No,No,No,No
CUST01824,CON01824,PAY01824,Female,39,49,59.76,2928.24,,3,Yes,Yes,No,No
CUST01825,CON01825,PAY01825,Female,18,47,95.77,4501.19,Cable,3,Yes,Yes,Yes,Yes
CUST01826,CON01826,PAY01826,Female,25,21,28.36,595.56,Fiber Optic,2,No,No,No,No
CUST01827,CON01827,PAY01827,Female,77,37,60.47,2237.39,DSL,0,Yes,No,Yes,No
CUST01828,CON01828,PAY01828,Female,71,27,60.75,1640.25,Cable,1,Yes,No,Yes,Yes
CUST01829,CON01829,PAY01829,Female,71,51,62.04,3164.04,Cable,4,Yes,No,Yes,No
CUST01830,CON01830,PAY01830,Male,40,20,62.86,1257.2,Fiber Optic,5,No,No,No,Yes
CUST01831,CON01831,PAY01831,Male,52,3,97.11,291.33,DSL,5,No,No,No,No
CUST01832,CON01832,PAY01832,Female,62,31,60.55,1877.05,,0,No,Yes,Yes,Yes
CUST01833,CON01833,PAY01833,Male,56,58,56.69,3288.02,Cable,8,Yes,Yes,No,No
CUST01834,CON01834,PAY01834,Female,75,72,48.0,3456.0,Cable,0,No,No,Yes,Yes
CUST01835,CON01835,PAY01835,Female,60,52,61.04,3174.08,,7,Yes,Yes,No,No
CUST01836,CON01836,PAY01836,Male,70,55,29.95,1647.25,,5,No,Yes,Yes,No
CUST01837,CON01837,PAY01837,Male,27,49,30.29,1484.21,DSL,6,Yes,No,Yes,Yes
CUST01838,CON01838,PAY01838,Female,58,50,61.8,3090.0,,5,Yes,Yes,No,No
CUST01839,CON01839,PAY01839,Male,25,33,56.52,1865.16,Fiber Optic,0,No,No,No,Yes
CUST01840,CON01840,PAY01840,Male,29,24,98.18,2356.32,Fiber Optic,3,Yes,No,Yes,Yes
CUST01841,CON01841,PAY01841,Female,72,41,55.88,2291.08,DSL,0,Yes,No,Yes,No
CUST01842,CON01842,PAY01842,Male,29,15,78.78,1181.7,DSL,2,Yes,No,Yes,No
CUST01843,CON01843,PAY01843,Female,70,49,59.93,2936.57,Cable,5,Yes,No,Yes,No
CUST01844,CON01844,PAY01844,Female,21,16,32.64,522.24,DSL,5,No,No,No,Yes
CUST01845,CON01845,PAY01845,Male,48,54,56.63,3058.02,Cable,1,No,Yes,No,No
CUST01846,CON01846,PAY01846,Male,74,22,59.84,1316.48,DSL,0,No,Yes,No,No
CUST01847,CON01847,PAY01847,Female,47,44,80.24,3530.56,DSL,7,No,No,No,Yes
CUST01848,CON01848,PAY01848,Male,72,4,33.47,133.88,,4,Yes,No,Yes,No
CUST01849,CON01849,PAY01849,Female,54,44,99.95,4397.8,DSL,0,No,No,No,No
CUST01850,CON01850,PAY01850,Male,55,6,63.63,381.78,Cable,4,Yes,Yes,No,No
CUST01851,CON01851,PAY01851,Male,62,59,30.51,1800.09,,1,No,Yes,Yes,No
CUST01852,CON01852,PAY01852,Female,67,50,60.13,3006.5,Cable,6,Yes,No,Yes,No
CUST01853,CON01853,PAY01853,Male,18,54,26.76,1445.04,DSL,2,No,No,Yes,Yes
CUST01854,CON01854,PAY01854,Female,50,43,84.89,3650.27,DSL,8,No,No,No,Yes
CUST01855,CON01855,PAY01855,Female,67,25,33.15,828.75,Cable,5,No,Yes,Yes,No
CUST01856,CON01856,PAY01856,Male,67,4,77.06,308.24,,1,Yes,No,Yes,Yes
CUST01857,CON01857,PAY01857,Male,68,59,76.02,4485.18,Cable,0,No,No,No,No
CUST01858,CON01858,PAY01858,Female,56,24,81.99,1967.76,DSL,4,Yes,Yes,No,No
CUST01859,CON01859,PAY01859,Male,56,68,26.75,1819.0,Cable,5,No,No,No,Yes
CUST01860,CON01860,PAY01860,Male,21,32,49.36,1579.52,,3,No,Yes,Yes,No
CUST01861,CON01861,PAY01861,Male,53,4,63.0,252.0,Cable,5,Yes,Yes,No,No
CUST01862,CON01862,PAY01862,Female,71,21,97.97,2057.37,Cable,2,No,No,Yes,No
CUST01863,CON01863,PAY01863,Male,48,3,101.11,303.33,DSL,5,No,No,No,No
CUST01864,CON01864,PAY01864,Male,30,26,101.39,2636.14,Fiber Optic,3,Yes,No,Yes,Yes
CUST01865,CON01865,PAY01865,Male,33,47,53.51,2514.97,Fiber Optic,9,No,Yes,No,Yes
CUST01866,CON01866,PAY01866,Female,34,53,57.78,3062.34,Fiber Optic,2,No,No,Yes,Yes
CUST01867,CON01867,PAY01867,Female,52,31,31.49,976.19,,4,No,No,Yes,Yes
CUST01868,CON01868,PAY01868,Female,28,36,30.32,1091.52,,2,No,No,No,Yes
CUST01869,CON01869,PAY01869,Male,73,22,56.17,1235.74,Cable,0,Yes,No,Yes,Yes
CUST01870,CON01870,PAY01870,Male,20,29,54.09,1568.61,,2,No,Yes,Yes,No
CUST01871,CON01871,PAY01871,Female,66,30,56.59,1697.7,Cable,2,Yes,No,Yes,Yes
CUST01872,CON01872,PAY01872,Female,61,50,64.29,3214.5,,7,Yes,Yes,No,No
CUST01873,CON01873,PAY01873,Female,58,24,79.52,1908.48,DSL,3,Yes,Yes,No,No
CUST01874,CON01874,PAY01874,Male,54,28,100.59,2816.52,,7,Yes,No,Yes,No
CUST01875,CON01875,PAY01875,Male,39,47,61.32,2882.04,Fiber Optic,8,No,No,Yes,No
CUST01876,CON01876,PAY01876,Female,34,50,32.87,1643.5,Fiber Optic,7,No,Yes,No,Yes
CUST01877,CON01877,PAY01877,Male,54,5,63.85,319.25,Cable,4,Yes,Yes,No,No
CUST01878,CON01878,PAY01878,Female,26,60,51.92,3115.2,Cable,1,No,Yes,Yes,No
CUST01879,CON01879,PAY01879,Male,39,62,104.17,6458.54,,6,Yes,No,Yes,Yes
CUST01880,CON01880,PAY01880,Female,71,4,26.91,107.64,Cable,2,Yes,Yes,Yes,Yes
CUST01881,CON01881,PAY01881,Female,36,51,32.97,1681.47,Fiber Optic,7,No,Yes,No,Yes
CUST01882,CON01882,PAY01882,Female,19,48,104.78,5029.44,Cable,3,Yes,Yes,Yes,Yes
CUST01883,CON01883,PAY01883,Female,54,69,96.37,6649.53,Fiber Optic,4,Yes,Yes,Yes,Yes
CUST01884,CON01884,PAY01884,Male,53,50,97.24,4862.0,Cable,1,No,No,Yes,No
CUST01885,CON01885,PAY01885,Female,22,46,103.28,4750.88,Cable,2,Yes,Yes,Yes,Yes
CUST01886,CON01886,PAY01886,Male,53,48,100.24,4811.52,Cable,2,No,No,Yes,No
CUST01887,CON01887,PAY01887,Male,24,36,45.1,1623.6,Cable,9,Yes,Yes,Yes,Yes
CUST01888,CON01888,PAY01888,Male,39,18,62.92,1132.56,Fiber Optic,4,No,No,No,Yes
CUST01889,CON01889,PAY01889,Male,26,38,47.7,1812.6,Fiber Optic,0,Yes,No,No,No
CUST01890,CON01890,PAY01890,Male,29,43,78.37,3369.91,DSL,3,No,No,No,No
CUST01891,CON01891,PAY01891,Female,55,44,104.42,4594.48,DSL,2,No,No,No,No
CUST01892,CON01892,PAY01892,Female,74,2,80.09,160.18,,6,No,No,No,Yes
CUST01893,CON01893,PAY01893,Female,63,63,95.02,5986.26,Cable,0,No,No,Yes,Yes
CUST01894,CON01894,PAY01894,Male,49,56,62.76,3514.56,Cable,2,No,Yes,No,No
CUST01895,CON01895,PAY01895,Female,49,3,61.11,183.33,DSL,5,Yes,No,Yes,No
CUST01896,CON01896,PAY01896,Female,61,25,79.99,1999.75,DSL,4,Yes,Yes,No,No
CUST01897,CON01897,PAY01897,Female,31,11,100.22,1102.42,Fiber Optic,2,Yes,Yes,No,No
CUST01898,CON01898,PAY01898,Female,33,47,34.14,1604.58,Fiber Optic,5,No,Yes,No,Yes
CUST01899,CON01899,PAY01899,Male,50,58,61.81,3584.98,Cable,0,No,Yes,No,No
CUST01900,CON01900,PAY01900,Female,57,70,78.77,5513.9,,6,Yes,No,No,Yes
CUST01901,CON01901,PAY01901,Male,68,20,99.8,1996.0,,4,Yes,Yes,Yes,No
CUST01902,CON01902,PAY01902,Male,31,27,96.13,2595.51,Fiber Optic,2,Yes,No,Yes,Yes
CUST01903,CON01903,PAY01903,Female,40,8,57.23,457.84,DSL,5,No,Yes,Yes,No
CUST01904,CON01904,PAY01904,Female,40,47,62.55,2939.85,,3,Yes,Yes,No,No
CUST01905,CON01905,PAY01905,Male,18,35,75.15,2630.25,DSL,8,Yes,No,No,No
CUST01906,CON01906,PAY01906,Male,63,59,80.24,4734.16,Cable,1,No,No,No,No
CUST01907,CON01907,PAY01907,Male,70,7,79.95,559.65,,2,Yes,No,Yes,Yes
CUST01908,CON01908,PAY01908,Female,26,69,51.19,3532.11,DSL,6,No,No,No,Yes
CUST01909,CON01909,PAY01909,Male,55,50,104.73,5236.5,Cable,2,No,No,Yes,No
CUST01910,CON01910,PAY01910,Male,57,2,76.37,152.74,Fiber Optic,0,No,No,No,No
CUST01911,CON01911,PAY01911,Female,31,62,49.8,3087.6,Cable,0,No,Yes,Yes,No
CUST01912,CON01912,PAY01912,Male,26,39,49.64,1935.96,Fiber Optic,2,Yes,No,No,No
CUST01913,CON01913,PAY01913,Male,22,28,76.73,2148.44,Cable,0,No,No,Yes,No
CUST01914,CON01914,PAY01914,Female,52,68,32.68,2222.24,Cable,3,Yes,No,Yes,Yes
CUST01915,CON01915,PAY01915,Female,45,15,82.92,1243.8,Fiber Optic,1,No,Yes,No,Yes
CUST01916,CON01916,PAY01916,Female,57,23,80.29,1846.67,DSL,5,Yes,Yes,No,No
CUST01917,CON01917,PAY01917,Male,71,48,61.78,2965.44,Cable,6,No,Yes,No,Yes
CUST01918,CON01918,PAY01918,Female,49,9,27.09,243.81,Fiber Optic,6,No,Yes,Yes,Yes
CUST01919,CON01919,PAY01919,Male,69,7,29.64,207.48,,4,Yes,No,Yes,No
CUST01920,CON01920,PAY01920,Male,73,19,99.0,1881.0,,4,Yes,Yes,Yes,No
CUST01921,CON01921,PAY01921,Female,33,53,61.76,3273.28,Fiber Optic,2,No,No,Yes,Yes
CUST01922,CON01922,PAY01922,Female,25,18,27.44,493.92,DSL,7,No,No,No,Yes
CUST01923,CON01923,PAY01923,Female,35,51,28.99,1478.49,Fiber Optic,6,No,Yes,No,Yes
CUST01924,CON01924,PAY01924,Female,47,31,96.16,2980.96,Cable,4,Yes,No,No,Yes
CUST01925,CON01925,PAY01925,Female,72,49,60.89,2983.61,Cable,6,Yes,No,Yes,No
CUST01926,CON01926,PAY01926,Female,43,31,51.15,1585.65,Fiber Optic,3,Yes,No,Yes,No
CUST01927,CON01927,PAY01927,Male,76,26,63.5,1651.0,Cable,0,Yes,No,Yes,Yes
CUST01928,CON01928,PAY01928,Male,61,71,75.28,5344.88,Fiber Optic,6,No,Yes,Yes,Yes
CUST01929,CON01929,PAY01929,Female,19,48,95.44,4581.12,DSL,7,Yes,Yes,No,Yes
CUST01930,CON01930,PAY01930,Female,26,11,98.48,1083.28,Fiber Optic,1,Yes,Yes,No,No
CUST01931,CON01931,PAY01931,Female,71,1,49.96,49.96,,2,No,Yes,Yes,No
CUST01932,CON01932,PAY01932,Male,70,4,27.18,108.72,,6,Yes,No,Yes,No
CUST01933,CON01933,PAY01933,Male,28,58,30.97,1796.26,Cable,7,Yes,Yes,Yes,Yes
CUST01934,CON01934,PAY01934,Male,32,49,46.01,2254.49,Fiber Optic,9,No,Yes,No,Yes
CUST01935,CON01935,PAY01935,Male,55,51,99.9,5094.9,Cable,2,No,No,Yes,No
CUST01936,CON01936,PAY01936,Male,72,7,32.58,228.06,,6,Yes,No,Yes,No
CUST01937,CON01937,PAY01937,Female,59,30,57.79,1733.7,,2,No,No,Yes,Yes
CUST01938,CON01938,PAY01938,Male,56,41,31.5,1291.5,,4,Yes,Yes,No,No
CUST01939,CON01939,PAY01939,Female,45,31,53.55,1660.05,Fiber Optic,4,Yes,No,Yes,No
CUST01940,CON01940,PAY01940,Female,53,68,26.32,1789.76,Cable,4,Yes,No,Yes,Yes
CUST01941,CON01941,PAY01941,Female,68,35,46.01,1610.35,Cable,2,No,No,Yes,No
CUST01942,CON01942,PAY01942,Female,74,70,51.24,3586.8,Cable,2,No,No,Yes,Yes
CUST01943,CON01943,PAY01943,Female,31,56,103.63,5803.28,Fiber Optic,6,No,Yes,No,Yes
CUST01944,CON01944,PAY01944,Female,60,34,101.07,3436.38,,6,No,No,No,No
CUST01945,CON01945,PAY01945,Female,49,13,32.31,420.03,Fiber Optic,6,No,Yes,Yes,Yes
CUST01946,CON01946,PAY01946,Male,64,56,76.54,4286.24,Cable,1,No,No,No,No
CUST01947,CON01947,PAY01947,Female,28,45,64.81,2916.45,Fiber Optic,7,Yes,No,No,Yes
CUST01948,CON01948,PAY01948,Male,52,5,61.02,305.1,Cable,5,Yes,Yes,No,No
CUST01949,CON01949,PAY01949,Male,20,33,75.85,2503.05,Fiber Optic,6,Yes,Yes,No,Yes
CUST01950,CON01950,PAY01950,Male,36,48,47.05,2258.4,Fiber Optic,8,No,Yes,No,Yes
CUST01951,CON01951,PAY01951,Female,50,13,27.84,361.92,Fiber Optic,6,No,Yes,Yes,Yes
CUST01952,CON01952,PAY01952,Female,61,30,55.55,1666.5,,1,No,No,Yes,Yes
CUST01953,CON01953,PAY01953,Male,65,56,78.11,4374.16,Cable,0,No,No,No,No
CUST01954,CON01954,PAY01954,Female,24,21,27.75,582.75,Fiber Optic,1,No,No,No,No
CUST01955,CON01955,PAY01955,Female,66,21,25.63,538.23,Fiber Optic,1,No,Yes,No,Yes
CUST01956,CON01956,PAY01956,Female,36,49,30.11,1475.39,Fiber Optic,5,No,Yes,No,Yes
CUST01957,CON01957,PAY01957,Female,45,11,76.53,841.83,Fiber Optic,1,No,Yes,No,Yes
CUST01958,CON01958,PAY01958,Female,52,33,31.53,1040.49,,5,No,No,Yes,Yes
CUST01959,CON01959,PAY01959,Female,41,5,61.01,305.05,DSL,4,No,Yes,Yes,No
CUST01960,CON01960,PAY01960,Female,69,23,76.39,1756.97,Cable,0,Yes,Yes,No,Yes
CUST01961,CON01961,PAY01961,Female,59,26,76.55,1990.3,DSL,4,Yes,Yes,No,No
CUST01962,CON01962,PAY01962,Female,55,49,55.73,2730.77,,7,Yes,Yes,No,No
CUST01963,CON01963,PAY01963,Male,71,25,55.24,1381.0,DSL,2,No,Yes,No,No
CUST01964,CON01964,PAY01964,Female,40,5,55.7,278.5,DSL,4,No,Yes,Yes,No
CUST01965,CON01965,PAY01965,Male,57,49,103.38,5065.62,Cable,1,No,No,Yes,No
CUST01966,CON01966,PAY01966,Female,59,28,63.41,1775.48,,1,No,No,Yes,Yes
CUST01967,CON01967,PAY01967,Female,62,68,81.65,5552.2,,6,Yes,No,No,Yes
CUST01968,CON01968,PAY01968,Male,33,48,64.28,3085.44,Fiber Optic,9,No,No,Yes,No
CUST01969,CON01969,PAY01969,Male,70,21,102.33,2148.93,,4,Yes,Yes,Yes,No
CUST01970,CON01970,PAY01970,Male,49,46,50.57,2326.22,,3,No,No,Yes,No
CUST01971,CON01971,PAY01971,Male,75,25,58.41,1460.25,DSL,0,No,Yes,No,No
CUST01972,CON01972,PAY01972,Female,23,7,101.19,708.33,,3,No,Yes,Yes,No
CUST01973,CON01973,PAY01973,Male,18,21,29.09,610.89,DSL,1,No,Yes,No,Yes
CUST01974,CON01974,PAY01974,Male,56,20,56.46,1129.2,Cable,6,Yes,Yes,Yes,Yes
CUST01975,CON01975,PAY01975,Female,20,49,104.02,5096.98,DSL,6,Yes,Yes,No,Yes
CUST01976,CON01976,PAY01976,Male,22,36,51.96,1870.56,Fiber Optic,1,Yes,No,No,No
CUST01977,CON01977,PAY01977,Male,34,48,49.84,2392.32,Fiber Optic,8,No,Yes,No,Yes
CUST01978,CON01978,PAY01978,Male,52,3,103.12,309.36,DSL,5,No,No,No,No
CUST01979,CON01979,PAY01979,Male,52,68,79.19,5384.92,Fiber Optic,5,Yes,Yes,Yes,No
CUST01980,CON01980,PAY01980,Male,35,16,80.21,1283.36,DSL,2,Yes,No,Yes,No
CUST01981,CON01981,PAY01981,Female,26,10,96.6,966.0,Fiber Optic,2,Yes,Yes,No,No
CUST01982,CON01982,PAY01982,Male,69,21,97.09,2038.89,,6,Yes,Yes,Yes,No
CUST01983,CON01983,PAY01983,Female,61,24,79.49,1907.76,DSL,4,Yes,Yes,No,No
CUST01984,CON01984,PAY01984,Male,26,45,82.78,3725.1,DSL,4,No,No,No,No
CUST01985,CON01985,PAY01985,Male,55,5,62.58,312.9,Cable,3,Yes,Yes,No,No
CUST01986,CON01986,PAY01986,Female,45,15,78.52,1177.8,Fiber Optic,1,No,Yes,No,Yes
CUST01987,CON01987,PAY01987,Female,74,23,75.95,1746.85,Cable,0,Yes,Yes,No,Yes
CUST01988,CON01988,PAY01988,Female,50,30,96.18,2885.4,Cable,5,Yes,No,No,Yes
CUST01989,CON01989,PAY01989,Male,37,49,45.49,2229.01,Fiber Optic,7,No,Yes,No,Yes
CUST01990,CON01990,PAY01990,Male,71,25,59.55,1488.75,DSL,2,No,Yes,No,No
CUST01991,CON01991,PAY01991,Male,21,30,52.3,1569.0,,2,No,Yes,Yes,No
CUST01992,CON01992,PAY01992,Female,23,19,28.37,539.03,DSL,7,No,No,No,Yes
CUST01993,CON01993,PAY01993,Female,69,25,27.78,694.5,Fiber Optic,0,No,Yes,Yes,Yes
CUST01994,CON01994,PAY01994,Male,69,19,95.68,1817.92,,6,Yes,Yes,Yes,No
CUST01995,CON01995,PAY01995,Male,71,45,58.53,2633.85,Cable,8,No,Yes,No,Yes
CUST01996,CON01996,PAY01996,Male,23,35,77.38,2708.3,Fiber Optic,6,Yes,Yes,No,Yes
CUST01997,CON01997,PAY01997,Male,28,36,48.14,1733.04,Fiber Optic,0,Yes,No,No,No
CUST01998,CON01998,PAY01998,Female,55,49,58.45,2864.05,,5,Yes,Yes,No,No
CUST01999,CON01999,PAY01999,Female,24,21,29.59,621.39,Fiber Optic,1,No,No,No,No
CUST02000,CON02000,PAY02000,Male,50,4,95.1,380.4,DSL,6,No,No,No,No
CUST02001,CON02001,PAY02001,Female,19,7,95.39,667.73,,1,No,Yes,Yes,No
CUST02002,CON02002,PAY02002,Male,70,49,84.57,4143.93,,4,No,No,Yes,Yes
CUST02003,CON02003,PAY02003,Male,21,11,53.58,589.38,Cable,5,Yes,Yes,No,Yes
CUST02004,CON02004,PAY02004,Male,18,12,53.49,641.88,Cable,3,Yes,Yes,No,Yes
CUST02005,CON02005,PAY02005,Female,57,70,79.18,5542.6,,5,Yes,No,No,Yes
CUST02006,CON02006,PAY02006,Female,47,6,63.65,381.9,DSL,3,Yes,No,Yes,No
CUST02007,CON02007,PAY02007,Male,70,44,58.28,2564.32,Cable,7,No,Yes,No,Yes
CUST02008,CON02008,PAY02008,Male,70,48,57.99,2783.52,Cable,8,No,Yes,No,Yes
CUST02009,CON02009,PAY02009,Female,56,49,58.83,2882.67,,5,Yes,Yes,No,No
CUST02010,CON02010,PAY02010,Female,61,30,61.75,1852.5,,1,No,No,Yes,Yes
CUST02011,CON02011,PAY02011,Female,24,10,95.86,958.6,,2,No,Yes,Yes,No
CUST02012,CON02012,PAY02012,Female,29,59,47.75,2817.25,Cable,0,No,Yes,Yes,No
CUST02013,CON02013,PAY02013,Male,55,32,96.98,3103.36,,8,Yes,No,Yes,No
CUST02014,CON02014,PAY02014,Male,65,59,32.26,1903.34,,1,No,Yes,Yes,No
CUST02015,CON02015,PAY02015,Male,53,61,61.21,3733.81,Cable,9,Yes,Yes,No,No
CUST02016,CON02016,PAY02016,Female,40,7,55.79,390.53,DSL,5,No,Yes,Yes,No
CUST02017,CON02017,PAY02017,Female,53,71,95.99,6815.29,Fiber Optic,3,Yes,Yes,Yes,Yes
CUST02018,CON02018,PAY02018,Female,77,72,52.88,3807.36,Cable,2,No,No,Yes,Yes
CUST02019,CON02019,PAY02019,Female,65,7,34.39,240.73,,2,Yes,No,Yes,No
CUST02020,CON02020,PAY02020,Male,21,36,50.49,1817.64,Cable,7,Yes,Yes,Yes,Yes
CUST02021,CON02021,PAY02021,Female,27,10,97.01,970.1,Fiber Optic,2,Yes,Yes,No,No
CUST02022,CON02022,PAY02022,Male,22,36,76.18,2742.48,Fiber Optic,6,Yes,Yes,No,Yes
CUST02023,CON02023,PAY02023,Male,68,50,79.32,3966.0,,6,No,No,Yes,Yes
CUST02024,CON02024,PAY02024,Male,66,58,83.76,4858.08,Cable,0,No,No,No,No
CUST02025,CON02025,PAY02025,Female,75,41,61.05,2503.05,DSL,0,Yes,No,Yes,No
CUST02026,CON02026,PAY02026,Male,54,5,29.9,149.5,Cable,1,Yes,Yes,No,Yes
CUST02027,CON02027,PAY02027,Male,57,66,55.04,3632.64,Fiber Optic,0,Yes,No,Yes,No
CUST02028,CON02028,PAY02028,Female,69,24,75.25,1806.0,Cable,1,Yes,Yes,No,Yes
CUST02029,CON02029,PAY02029,Female,71,1,54.76,54.76,,2,No,Yes,Yes,No
CUST02030,CON02030,PAY02030,Male,32,51,53.81,2744.31,Fiber Optic,7,No,Yes,No,Yes
CUST02031,CON02031,PAY02031,Female,53,68,34.68,2358.24,Cable,4,Yes,No,Yes,Yes
CUST02032,CON02032,PAY02032,Female,58,23,81.86,1882.78,DSL,5,Yes,Yes,No,No
CUST02033,CON02033,PAY02033,Female,58,32,49.18,1573.76,DSL,5,Yes,Yes,No,Yes
CUST02034,CON02034,PAY02034,Female,66,45,57.06,2567.7,Fiber Optic,8,No,No,Yes,Yes
CUST02035,CON02035,PAY02035,Male,54,66,31.18,2057.88,Cable,3,No,No,No,Yes
CUST02036,CON02036,PAY02036,Male,76,24,59.71,1433.04,DSL,1,No,Yes,No,No
CUST02037,CON02037,PAY02037,Male,55,65,64.35,4182.75,Fiber Optic,0,Yes,No,Yes,No
CUST02038,CON02038,PAY02038,Female,20,60,95.96,5757.6,Fiber Optic,8,No,No,No,Yes
CUST02039,CON02039,PAY02039,Female,36,36,99.12,3568.32,Cable,1,Yes,Yes,Yes,No
CUST02040,CON02040,PAY02040,Female,31,47,60.34,2835.98,Fiber Optic,7,Yes,No,No,Yes
CUST02041,CON02041,PAY02041,Male,65,63,33.6,2116.8,,2,No,Yes,Yes,No
CUST02042,CON02042,PAY02042,Female,75,72,53.38,3843.36,Cable,0,No,No,Yes,Yes
CUST02043,CON02043,PAY02043,Female,68,20,98.17,1963.4,Cable,3,No,No,Yes,No
CUST02044,CON02044,PAY02044,Male,52,64,75.77,4849.28,Fiber Optic,5,Yes,Yes,Yes,No
CUST02045,CON02045,PAY02045,Female,54,13,33.69,437.97,Fiber Optic,8,No,Yes,Yes,Yes
CUST02046,CON02046,PAY02046,Male,70,19,97.28,1848.32,,5,Yes,Yes,Yes,No
CUST02047,CON02047,PAY02047,Female,77,1,31.15,31.15,Cable,2,Yes,Yes,Yes,Yes
CUST02048,CON02048,PAY02048,Male,73,38,78.75,2992.5,Fiber Optic,6,No,No,No,Yes
CUST02049,CON02049,PAY02049,Female,26,17,34.61,588.37,DSL,5,No,No,No,Yes
CUST02050,CON02050,PAY02050,Male,26,71,77.5,5502.5,DSL,4,No,No,No,No
CUST02051,CON02051,PAY02051,Female,70,18,95.87,1725.66,Cable,4,No,No,Yes,No
CUST02052,CON02052,PAY02052,Male,34,13,78.27,1017.51,DSL,0,Yes,No,Yes,No
CUST02053,CON02053,PAY02053,Female,66,18,34.74,625.32,Fiber Optic,1,No,Yes,No,Yes
CUST02054,CON02054,PAY02054,Male,65,60,80.4,4824.0,Cable,0,No,No,No,No
CUST02055,CON02055,PAY02055,Male,65,51,82.73,4219.23,,6,No,No,Yes,Yes
CUST02056,CON02056,PAY02056,Female,31,45,61.98,2789.1,Fiber Optic,6,Yes,No,No,Yes
CUST02057,CON02057,PAY02057,Male,38,61,102.9,6276.9,,6,Yes,No,Yes,Yes
CUST02058,CON02058,PAY02058,Male,46,5,98.62,493.1,DSL,7,No,No,No,No
CUST02059,CON02059,PAY02059,Female,21,7,103.89,727.23,,3,No,Yes,Yes,No
CUST02060,CON02060,PAY02060,Male,54,3,75.53,226.59,Fiber Optic,0,No,No,No,No
CUST02061,CON02061,PAY02061,Male,54,49,104.03,5097.47,Cable,2,No,No,Yes,No
CUST02062,CON02062,PAY02062,Male,54,48,103.2,4953.6,Cable,2,No,No,Yes,No
CUST02063,CON02063,PAY02063,Male,52,5,59.46,297.3,Cable,5,Yes,Yes,No,No
CUST02064,CON02064,PAY02064,Male,48,56,63.21,3539.76,Cable,0,No,Yes,No,No
CUST02065,CON02065,PAY02065,Male,20,22,33.19,730.18,DSL,1,No,Yes,No,Yes
CUST02066,CON02066,PAY02066,Male,18,15,54.3,814.5,Cable,4,Yes,Yes,No,Yes
CUST02067,CON02067,PAY02067,Female,71,6,77.78,466.68,,6,No,No,No,Yes
CUST02068,CON02068,PAY02068,Female,18,8,103.63,829.04,,2,No,Yes,Yes,No
CUST02069,CON02069,PAY02069,Female,74,4,82.19,328.76,,8,No,No,No,Yes
CUST02070,CON02070,PAY02070,Female,70,26,29.62,770.12,Fiber Optic,0,No,Yes,Yes,Yes
CUST02071,CON02071,PAY02071,Male,24,53,28.3,1499.9,DSL,0,No,No,Yes,Yes
CUST02072,CON02072,PAY02072,Male,76,24,61.18,1468.32,Cable,1,Yes,No,Yes,Yes
CUST02073,CON02073,PAY02073,Male,70,51,77.75,3965.25,,5,No,No,Yes,Yes
CUST02074,CON02074,PAY02074,Female,52,33,28.29,933.57,,4,No,No,Yes,Yes
CUST02075,CON02075,PAY02075,Female,65,23,33.01,759.23,Fiber Optic,0,No,Yes,Yes,Yes
CUST02076,CON02076,PAY02076,Female,64,31,56.34,1746.54,,1,No,No,Yes,Yes
CUST02077,CON02077,PAY02077,Female,38,47,30.56,1436.32,Fiber Optic,5,No,Yes,No,Yes
CUST02078,CON02078,PAY02078,Female,30,56,57.08,3196.48,Fiber Optic,2,No,No,Yes,Yes
CUST02079,CON02079,PAY02079,Female,69,18,99.55,1791.9,Cable,3,No,No,Yes,No
CUST02080,CON02080,PAY02080,Female,71,34,54.95,1868.3,Cable,2,No,No,Yes,No
CUST02081,CON02081,PAY02081,Male,28,46,29.18,1342.28,DSL,6,Yes,No,Yes,Yes
CUST02082,CON02082,PAY02082,Female,33,52,57.0,2964.0,Fiber Optic,4,No,No,Yes,Yes
CUST02083,CON02083,PAY02083,Male,28,29,76.53,2219.37,Cable,1,No,No,Yes,No
CUST02084,CON02084,PAY02084,Male,22,72,76.1,5479.2,DSL,6,No,No,No,No
CUST02085,CON02085,PAY02085,Male,23,55,29.4,1617.0,DSL,1,No,No,Yes,Yes
CUST02086,CON02086,PAY02086,Female,28,38,29.96,1138.48,,3,No,No,No,Yes
CUST02087,CON02087,PAY02087,Male,26,27,78.65,2123.55,Cable,1,No,No,Yes,No
CUST02088,CON02088,PAY02088,Female,62,71,75.68,5373.28,,4,Yes,No,No,Yes
CUST02089,CON02089,PAY02089,Male,72,21,63.76,1338.96,DSL,1,No,Yes,No,No
CUST02090,CON02090,PAY02090,Female,65,29,56.15,1628.35,,0,No,No,Yes,Yes
CUST02091,CON02091,PAY02091,Male,60,66,28.48,1879.68,Cable,3,No,No,No,Yes
CUST02092,CON02092,PAY02092,Male,53,1,77.79,77.79,Fiber Optic,1,No,No,No,No
CUST02093,CON02093,PAY02093,Female,22,63,96.14,6056.82,Fiber Optic,8,No,No,No,Yes
CUST02094,CON02094,PAY02094,Male,57,24,59.94,1438.56,Cable,5,Yes,Yes,Yes,Yes
CUST02095,CON02095,PAY02095,Female,47,3,62.04,186.12,DSL,4,Yes,No,Yes,No
CUST02096,CON02096,PAY02096,Male,54,28,104.33,2921.24,,7,Yes,No,Yes,No
CUST02097,CON02097,PAY02097,Male,18,34,80.95,2752.3,DSL,7,Yes,No,No,No
CUST02098,CON02098,PAY02098,Female,60,70,77.14,5399.8,,6,Yes,No,No,Yes
CUST02099,CON02099,PAY02099,Female,41,62,33.58,2081.96,DSL,2,No,No,Yes,Yes
CUST02100,CON02100,PAY02100,Male,60,67,25.48,1707.16,Cable,4,No,No,No,Yes
CUST02101,CON02101,PAY02101,Male,56,62,63.36,3928.32,Cable,8,Yes,Yes,No,No
CUST02102,CON02102,PAY02102,Female,48,32,45.22,1447.04,Fiber Optic,5,Yes,No,Yes,No
CUST02103,CON02103,PAY02103,Male,69,18,95.52,1719.36,,5,Yes,Yes,Yes,No
CUST02104,CON02104,PAY02104,Female,65,18,31.6,568.8,Fiber Optic,2,No,Yes,No,Yes
CUST02105,CON02105,PAY02105,Male,60,65,30.32,1970.8,Cable,5,No,No,No,Yes
CUST02106,CON02106,PAY02106,Female,60,68,80.85,5497.8,,4,Yes,No,No,Yes
CUST02107,CON02107,PAY02107,Female,72,4,46.39,185.56,,2,No,Yes,Yes,No
CUST02108,CON02108,PAY02108,Female,18,63,99.54,6271.02,Fiber Optic,8,No,No,No,Yes
CUST02109,CON02109,PAY02109,Male,59,66,61.42,4053.72,Fiber Optic,0,Yes,No,Yes,No
CUST02110,CON02110,PAY02110,Female,18,45,99.22,4464.9,Cable,3,Yes,Yes,Yes,Yes
CUST02111,CON02111,PAY02111,Male,51,59,61.07,3603.13,Cable,8,Yes,Yes,No,No
CUST02112,CON02112,PAY02112,Male,74,21,64.56,1355.76,DSL,0,No,Yes,No,No
CUST02113,CON02113,PAY02113,Male,19,34,79.14,2690.76,DSL,9,Yes,No,No,No
CUST02114,CON02114,PAY02114,Female,40,65,28.57,1857.05,DSL,1,No,No,Yes,Yes
CUST02115,CON02115,PAY02115,Male,36,25,46.36,1159.0,,0,No,Yes,No,No
CUST02116,CON02116,PAY02116,Female,44,11,78.98,868.78,Fiber Optic,3,No,Yes,No,Yes
CUST02117,CON02117,PAY02117,Male,65,63,27.4,1726.2,,1,No,Yes,Yes,No
CUST02118,CON02118,PAY02118,Male,34,27,100.31,2708.37,Fiber Optic,3,Yes,No,Yes,Yes
CUST02119,CON02119,PAY02119,Female,27,59,49.24,2905.16,Cable,0,No,Yes,Yes,No
CUST02120,CON02120,PAY02120,Male,20,36,78.51,2826.36,DSL,9,Yes,No,No,No
CUST02121,CON02121,PAY02121,Male,51,47,97.2,4568.4,Cable,1,No,No,Yes,No
CUST02122,CON02122,PAY02122,Female,44,66,27.44,1811.04,DSL,0,No,Yes,No,No
CUST02123,CON02123,PAY02123,Male,59,66,58.51,3861.66,Fiber Optic,0,Yes,No,Yes,No
CUST02124,CON02124,PAY02124,Male,71,25,59.92,1498.0,DSL,0,No,Yes,No,No
CUST02125,CON02125,PAY02125,Female,68,49,56.49,2768.01,Cable,5,Yes,No,Yes,No
CUST02126,CON02126,PAY02126,Male,28,45,77.19,3473.55,DSL,3,No,No,No,No
CUST02127,CON02127,PAY02127,Male,52,2,55.89,111.78,Cable,4,Yes,Yes,No,No
CUST02128,CON02128,PAY02128,Male,23,71,75.1,5332.1,DSL,6,No,No,No,No
CUST02129,CON02129,PAY02129,Female,65,4,34.34,137.36,,3,Yes,No,Yes,No
CUST02130,CON02130,PAY02130,Male,63,71,84.97,6032.87,Fiber Optic,6,No,Yes,Yes,Yes
CUST02131,CON02131,PAY02131,Female,24,10,97.44,974.4,,2,No,Yes,Yes,No
CUST02132,CON02132,PAY02132,Male,18,13,51.28,666.64,Cable,3,Yes,Yes,No,Yes
CUST02133,CON02133,PAY02133,Female,32,35,95.52,3343.2,Cable,0,Yes,Yes,Yes,No
CUST02134,CON02134,PAY02134,Female,29,52,64.3,3343.6,Fiber Optic,3,No,No,Yes,Yes
CUST02135,CON02135,PAY02135,Female,74,1,30.64,30.64,Cable,1,Yes,Yes,Yes,Yes
CUST02136,CON02136,PAY02136,Female,69,30,64.35,1930.5,Cable,2,Yes,No,Yes,Yes
CUST02137,CON02137,PAY02137,Male,48,2,28.63,57.26,Cable,1,Yes,Yes,No,Yes
CUST02138,CON02138,PAY02138,Male,27,48,29.05,1394.4,DSL,6,Yes,No,Yes,Yes
CUST02139,CON02139,PAY02139,Female,22,47,97.3,4573.1,Cable,3,Yes,Yes,Yes,Yes
CUST02140,CON02140,PAY02140,Female,43,47,56.99,2678.53,,5,Yes,Yes,No,No
CUST02141,CON02141,PAY02141,Female,38,51,33.54,1710.54,Fiber Optic,5,No,Yes,No,Yes
CUST02142,CON02142,PAY02142,Female,59,26,84.3,2191.8,DSL,5,Yes,Yes,No,No
CUST02143,CON02143,PAY02143,Female,57,22,83.22,1830.84,DSL,3,Yes,Yes,No,No
CUST02144,CON02144,PAY02144,Female,68,19,101.72,1932.68,Cable,3,No,No,Yes,No
CUST02145,CON02145,PAY02145,Female,68,23,34.24,787.52,Fiber Optic,1,No,Yes,Yes,Yes
CUST02146,CON02146,PAY02146,Male,26,50,27.23,1361.5,DSL,4,Yes,No,Yes,Yes
CUST02147,CON02147,PAY02147,Female,19,10,95.02,950.2,,3,No,Yes,Yes,No
CUST02148,CON02148,PAY02148,Female,63,6,29.84,179.04,,4,Yes,No,Yes,No
CUST02149,CON02149,PAY02149,Male,59,67,82.32,5515.44,Fiber Optic,4,No,Yes,Yes,Yes
CUST02150,CON02150,PAY02150,Female,25,12,102.91,1234.92,Fiber Optic,3,Yes,Yes,No,No
CUST02151,CON02151,PAY02151,Female,55,51,62.19,3171.69,,6,Yes,Yes,No,No
CUST02152,CON02152,PAY02152,Female,67,19,95.29,1810.51,Cable,3,No,No,Yes,No
CUST02153,CON02153,PAY02153,Male,34,25,99.7,2492.5,Fiber Optic,3,Yes,No,Yes,Yes
CUST02154,CON02154,PAY02154,Female,40,64,30.21,1933.44,DSL,1,No,No,Yes,Yes
CUST02155,CON02155,PAY02155,Female,76,4,26.06,104.24,Cable,3,Yes,Yes,Yes,Yes
CUST02156,CON02156,PAY02156,Female,25,16,27.31,436.96,DSL,7,No,No,No,Yes
CUST02157,CON02157,PAY02157,Male,57,65,34.87,2266.55,Cable,3,No,No,No,Yes
CUST02158,CON02158,PAY02158,Female,18,63,97.14,6119.82,Fiber Optic,8,No,No,No,Yes
CUST02159,CON02159,PAY02159,Male,20,32,52.99,1695.68,,2,No,Yes,Yes,No
CUST02160,CON02160,PAY02160,Female,61,28,62.28,1743.84,,1,No,No,Yes,Yes
CUST02161,CON02161,PAY02161,Male,24,48,28.86,1385.28,DSL,6,Yes,No,Yes,Yes
CUST02162,CON02162,PAY02162,Male,29,47,28.36,1332.92,DSL,4,Yes,No,Yes,Yes
CUST02163,CON02163,PAY02163,Male,51,68,76.09,5174.12,Fiber Optic,7,Yes,Yes,Yes,No
CUST02164,CON02164,PAY02164,Female,31,45,59.16,2662.2,Fiber Optic,7,Yes,No,No,Yes
CUST02165,CON02165,PAY02165,Female,66,2,51.47,102.94,,2,No,Yes,Yes,No
CUST02166,CON02166,PAY02166,Male,26,38,45.4,1725.2,Fiber Optic,0,Yes,No,No,No
CUST02167,CON02167,PAY02167,Female,68,43,59.71,2567.53,Fiber Optic,8,No,No,Yes,Yes
CUST02168,CON02168,PAY02168,Male,50,44,49.52,2178.88,,3,No,No,Yes,No
CUST02169,CON02169,PAY02169,Female,18,45,99.25,4466.25,Cable,2,Yes,Yes,Yes,Yes
CUST02170,CON02170,PAY02170,Male,31,50,46.37,2318.5,Fiber Optic,8,No,Yes,No,Yes
CUST02171,CON02171,PAY02171,Female,29,60,46.81,2808.6,Cable,0,No,Yes,Yes,No
CUST02172,CON02172,PAY02172,Female,53,45,102.26,4601.7,DSL,2,No,No,No,No
CUST02173,CON02173,PAY02173,Male,50,47,49.99,2349.53,,3,No,No,Yes,No
CUST02174,CON02174,PAY02174,Female,64,30,60.76,1822.8,,1,No,Yes,Yes,Yes
CUST02175,CON02175,PAY02175,Female,48,6,54.99,329.94,DSL,3,Yes,No,Yes,No
CUST02176,CON02176,PAY02176,Female,71,4,81.4,325.6,,6,No,No,No,Yes
CUST02177,CON02177,PAY02177,Male,35,3,57.99,173.97,,8,No,No,Yes,No
CUST02178,CON02178,PAY02178,Male,49,45,54.73,2462.85,,2,No,No,Yes,No
CUST02179,CON02179,PAY02179,Female,52,33,29.6,976.8,,3,No,No,Yes,Yes
CUST02180,CON02180,PAY02180,Female,28,59,53.47,3154.73,Cable,0,No,Yes,Yes,No
CUST02181,CON02181,PAY02181,Male,50,58,55.13,3197.54,Cable,0,No,Yes,No,No
CUST02182,CON02182,PAY02182,Female,33,58,97.65,5663.7,Fiber Optic,6,No,Yes,No,Yes
CUST02183,CON02183,PAY02183,Male,31,43,79.48,3417.64,DSL,5,No,No,No,No
CUST02184,CON02184,PAY02184,Male,77,34,79.1,2689.4,Fiber Optic,7,No,No,No,Yes
CUST02185,CON02185,PAY02185,Female,67,34,49.92,1697.28,Cable,2,No,No,Yes,No
CUST02186,CON02186,PAY02186,Female,53,29,95.67,2774.43,Cable,4,Yes,No,No,Yes
CUST02187,CON02187,PAY02187,Female,52,67,31.63,2119.21,Cable,3,Yes,No,Yes,Yes
CUST02188,CON02188,PAY02188,Male,25,48,25.49,1223.52,DSL,4,Yes,No,Yes,Yes
CUST02189,CON02189,PAY02189,Male,50,66,84.37,5568.42,Fiber Optic,5,Yes,Yes,Yes,No
CUST02190,CON02190,PAY02190,Male,36,47,61.39,2885.33,Fiber Optic,7,No,No,Yes,No
CUST02191,CON02191,PAY02191,Male,27,46,33.75,1552.5,DSL,4,Yes,No,Yes,Yes
CUST02192,CON02192,PAY02192,Female,21,69,45.08,3110.52,DSL,7,No,No,No,Yes
CUST02193,CON02193,PAY02193,Female,53,45,103.38,4652.1,DSL,2,No,No,No,No
CUST02194,CON02194,PAY02194,Male,36,51,45.99,2345.49,Fiber Optic,9,No,Yes,No,Yes
CUST02195,CON02195,PAY02195,Female,50,32,97.41,3117.12,Cable,5,Yes,No,No,Yes
CUST02196,CON02196,PAY02196,Male,65,59,28.58,1686.22,,1,No,Yes,Yes,No
CUST02197,CON02197,PAY02197,Female,59,34,97.17,3303.78,,6,No,No,No,No
CUST02198,CON02198,PAY02198,Male,58,20,57.95,1159.0,Cable,5,Yes,Yes,Yes,Yes
CUST02199,CON02199,PAY02199,Female,42,70,26.37,1845.9,DSL,1,No,Yes,No,No
CUST02200,CON02200,PAY02200,Female,51,4,58.07,232.28,DSL,5,Yes,No,Yes,No
CUST02201,CON02201,PAY02201,Male,55,42,26.8,1125.6,,3,Yes,Yes,No,No
CUST02202,CON02202,PAY02202,Male,37,21,63.59,1335.39,Fiber Optic,5,No,No,No,Yes
CUST02203,CON02203,PAY02203,Male,69,52,77.19,4013.88,,5,No,No,Yes,Yes
CUST02204,CON02204,PAY02204,Male,24,47,25.98,1221.06,DSL,4,Yes,No,Yes,Yes
CUST02205,CON02205,PAY02205,Female,73,49,61.21,2999.29,Cable,4,Yes,No,Yes,No
CUST02206,CON02206,PAY02206,Male,32,14,81.69,1143.66,DSL,0,Yes,No,Yes,No
CUST02207,CON02207,PAY02207,Male,47,57,56.58,3225.06,Cable,1,No,Yes,No,No
CUST02208,CON02208,PAY02208,Female,35,62,32.05,1987.1,DSL,3,No,No,Yes,Yes
CUST02209,CON02209,PAY02209,Male,23,70,76.01,5320.7,DSL,4,No,No,No,No
CUST02210,CON02210,PAY02210,Male,54,22,62.48,1374.56,Cable,6,Yes,Yes,Yes,Yes
CUST02211,CON02211,PAY02211,Female,77,3,27.43,82.29,Cable,3,Yes,Yes,Yes,Yes
CUST02212,CON02212,PAY02212,Male,70,18,97.19,1749.42,,4,Yes,Yes,Yes,No
CUST02213,CON02213,PAY02213,Female,66,3,47.11,141.33,,3,No,Yes,Yes,No
CUST02214,CON02214,PAY02214,Female,22,69,47.59,3283.71,DSL,7,No,No,No,Yes
CUST02215,CON02215,PAY02215,Female,35,51,29.32,1495.32,Fiber Optic,5,No,Yes,No,Yes
CUST02216,CON02216,PAY02216,Female,71,51,64.0,3264.0,Cable,4,Yes,No,Yes,No
CUST02217,CON02217,PAY02217,Female,29,57,96.27,5487.39,Fiber Optic,6,No,Yes,No,Yes
CUST02218,CON02218,PAY02218,Male,20,35,81.88,2865.8,DSL,9,Yes,No,No,No
CUST02219,CON02219,PAY02219,Male,74,26,59.4,1544.4,Cable,1,Yes,No,Yes,Yes
CUST02220,CON02220,PAY02220,Female,61,20,30.84,616.8,Fiber Optic,0,No,Yes,No,Yes
CUST02221,CON02221,PAY02221,Male,66,62,28.9,1791.8,,0,No,Yes,Yes,No
CUST02222,CON02222,PAY02222,Female,19,10,96.19,961.9,,1,No,Yes,Yes,No
CUST02223,CON02223,PAY02223,Female,49,32,99.54,3185.28,Cable,5,Yes,No,No,Yes
CUST02224,CON02224,PAY02224,Male,53,23,57.7,1327.1,Cable,6,Yes,Yes,Yes,Yes
CUST02225,CON02225,PAY02225,Male,67,6,84.11,504.66,,1,Yes,No,Yes,Yes
CUST02226,CON02226,PAY02226,Female,72,40,58.33,2333.2,DSL,1,Yes,No,Yes,No
CUST02227,CON02227,PAY02227,Male,71,7,79.34,555.38,,2,Yes,No,Yes,Yes
CUST02228,CON02228,PAY02228,Male,59,68,83.68,5690.24,Fiber Optic,6,No,Yes,Yes,Yes
CUST02229,CON02229,PAY02229,Male,23,72,80.27,5779.44,DSL,6,No,No,No,No
CUST02230,CON02230,PAY02230,Male,74,34,80.1,2723.4,Fiber Optic,7,No,No,No,Yes
CUST02231,CON02231,PAY02231,Female,65,30,58.36,1750.8,Cable,0,Yes,No,Yes,Yes
CUST02232,CON02232,PAY02232,Male,24,36,46.4,1670.4,Cable,7,Yes,Yes,Yes,Yes
CUST02233,CON02233,PAY02233,Female,19,59,102.79,6064.61,Fiber Optic,6,No,No,No,Yes
CUST02234,CON02234,PAY02234,Female,62,63,102.2,6438.6,Cable,0,No,No,Yes,Yes
CUST02235,CON02235,PAY02235,Female,62,70,83.79,5865.3,,4,Yes,No,No,Yes
CUST02236,CON02236,PAY02236,Female,69,25,31.47,786.75,Fiber Optic,0,No,Yes,Yes,Yes
CUST02237,CON02237,PAY02237,Female,44,31,45.02,1395.62,Fiber Optic,5,Yes,No,Yes,No
CUST02238,CON02238,PAY02238,Female,28,48,63.45,3045.6,Fiber Optic,7,Yes,No,No,Yes
CUST02239,CON02239,PAY02239,Female,30,60,53.9,3234.0,Cable,2,No,Yes,Yes,No
CUST02240,CON02240,PAY02240,Male,52,1,104.27,104.27,DSL,5,No,No,No,No
CUST02241,CON02241,PAY02241,Male,74,25,60.83,1520.75,DSL,0,No,Yes,No,No
CUST02242,CON02242,PAY02242,Male,23,35,79.63,2787.05,Fiber Optic,7,Yes,Yes,No,Yes
CUST02243,CON02243,PAY02243,Female,49,44,98.6,4338.4,DSL,1,No,No,No,No
CUST02244,CON02244,PAY02244,Female,68,21,96.56,2027.76,Cable,4,No,No,Yes,No
CUST02245,CON02245,PAY02245,Male,29,49,33.25,1629.25,DSL,4,Yes,No,Yes,Yes
CUST02246,CON02246,PAY02246,Female,55,24,83.06,1993.44,DSL,4,Yes,Yes,No,No
CUST02247,CON02247,PAY02247,Male,74,23,60.6,1393.8,Cable,0,Yes,No,Yes,Yes
CUST02248,CON02248,PAY02248,Female,55,34,33.21,1129.14,,5,No,No,Yes,Yes
CUST02249,CON02249,PAY02249,Female,69,44,62.76,2761.44,Fiber Optic,6,No,No,Yes,Yes
CUST02250,CON02250,PAY02250,Female,33,35,95.5,3342.5,Cable,1,Yes,Yes,Yes,No
CUST02251,CON02251,PAY02251,Female,72,24,76.02,1824.48,Cable,0,Yes,Yes,No,Yes
CUST02252,CON02252,PAY02252,Female,56,34,34.27,1165.18,,5,No,No,Yes,Yes
CUST02253,CON02253,PAY02253,Male,20,38,54.68,2077.84,Cable,9,Yes,Yes,Yes,Yes
CUST02254,CON02254,PAY02254,Female,66,22,99.37,2186.14,Cable,2,No,No,Yes,No
CUST02255,CON02255,PAY02255,Male,20,36,47.7,1717.2,Cable,7,Yes,Yes,Yes,Yes
CUST02256,CON02256,PAY02256,Male,25,72,77.97,5613.84,DSL,4,No,No,No,No
CUST02257,CON02257,PAY02257,Female,18,48,104.65,5023.2,Cable,4,Yes,Yes,Yes,Yes
CUST02258,CON02258,PAY02258,Female,49,29,103.7,3007.3,Cable,4,Yes,No,No,Yes
CUST02259,CON02259,PAY02259,Male,31,57,25.51,1454.07,Cable,7,Yes,Yes,Yes,Yes
CUST02260,CON02260,PAY02260,Female,59,71,97.98,6956.58,Fiber Optic,3,Yes,Yes,Yes,Yes
CUST02261,CON02261,PAY02261,Male,56,67,26.82,1796.94,Cable,3,No,No,No,Yes
CUST02262,CON02262,PAY02262,Male,23,72,78.71,5667.12,DSL,5,No,No,No,No
CUST02263,CON02263,PAY02263,Male,23,72,76.72,5523.84,DSL,5,No,No,No,No
CUST02264,CON02264,PAY02264,Female,25,22,26.79,589.38,Fiber Optic,1,No,No,No,No
CUST02265,CON02265,PAY02265,Male,34,64,99.93,6395.52,,7,Yes,No,Yes,Yes
CUST02266,CON02266,PAY02266,Male,49,57,64.1,3653.7,Cable,0,No,Yes,No,No
CUST02267,CON02267,PAY02267,Male,54,49,102.83,5038.67,Cable,0,No,No,Yes,No
CUST02268,CON02268,PAY02268,Male,69,19,99.16,1884.04,,6,Yes,Yes,Yes,No
CUST02269,CON02269,PAY02269,Female,31,59,52.41,3092.19,Cable,0,No,Yes,Yes,No
CUST02270,CON02270,PAY02270,Male,58,68,79.27,5390.36,Fiber Optic,5,No,Yes,Yes,Yes
CUST02271,CON02271,PAY02271,Male,24,35,80.99,2834.65,Fiber Optic,7,Yes,Yes,No,Yes
CUST02272,CON02272,PAY02272,Male,20,34,75.21,2557.14,DSL,7,Yes,No,No,No
CUST02273,CON02273,PAY02273,Female,61,50,58.56,2928.0,,5,Yes,Yes,No,No
CUST02274,CON02274,PAY02274,Female,24,21,31.22,655.62,Fiber Optic,2,No,No,No,No
CUST02275,CON02275,PAY02275,Male,63,59,32.07,1892.13,,2,No,Yes,Yes,No
CUST02276,CON02276,PAY02276,Female,52,29,101.88,2954.52,Cable,3,Yes,No,No,Yes
CUST02277,CON02277,PAY02277,Female,21,18,27.83,500.94,DSL,6,No,No,No,Yes
CUST02278,CON02278,PAY02278,Male,36,64,103.1,6598.4,,6,Yes,No,Yes,Yes
CUST02279,CON02279,PAY02279,Female,29,60,102.04,6122.4,Fiber Optic,4,No,Yes,No,Yes
CUST02280,CON02280,PAY02280,Male,31,57,32.85,1872.45,Cable,7,Yes,Yes,Yes,Yes
CUST02281,CON02281,PAY02281,Female,43,5,63.6,318.0,DSL,5,No,Yes,Yes,No
CUST02282,CON02282,PAY02282,Male,69,5,82.3,411.5,,0,Yes,No,Yes,Yes
CUST02283,CON02283,PAY02283,Female,73,49,63.67,3119.83,Cable,4,Yes,No,Yes,No
CUST02284,CON02284,PAY02284,Female,49,2,62.52,125.04,DSL,3,Yes,No,Yes,No
CUST02285,CON02285,PAY02285,Female,67,46,56.9,2617.4,Fiber Optic,6,No,No,Yes,Yes
CUST02286,CON02286,PAY02286,Female,60,30,55.7,1671.0,,1,No,Yes,Yes,Yes
CUST02287,CON02287,PAY02287,Female,47,31,96.28,2984.68,Cable,5,Yes,No,No,Yes
CUST02288,CON02288,PAY02288,Female,20,71,45.3,3216.3,DSL,6,No,No,No,Yes
CUST02289,CON02289,PAY02289,Male,74,25,63.87,1596.75,DSL,1,No,Yes,No,No
CUST02290,CON02290,PAY02290,Male,22,37,52.64,1947.68,Fiber Optic,0,Yes,No,No,No
CUST02291,CON02291,PAY02291,Female,44,68,33.27,2262.36,DSL,1,No,Yes,No,No
CUST02292,CON02292,PAY02292,Male,20,15,46.78,701.7,Cable,5,Yes,Yes,No,Yes
CUST02293,CON02293,PAY02293,Female,57,35,53.33,1866.55,DSL,7,Yes,Yes,No,Yes
CUST02294,CON02294,PAY02294,Male,37,49,47.68,2336.32,Fiber Optic,8,No,Yes,No,Yes
CUST02295,CON02295,PAY02295,Male,71,44,55.0,2420.0,Cable,8,No,Yes,No,Yes
CUST02296,CON02296,PAY02296,Female,18,49,95.23,4666.27,DSL,7,Yes,Yes,No,Yes
CUST02297,CON02297,PAY02297,Male,39,21,64.5,1354.5,Fiber Optic,5,No,No,No,Yes
CUST02298,CON02298,PAY02298,Female,51,42,104.08,4371.36,DSL,0,No,No,No,No
CUST02299,CON02299,PAY02299,Male,18,30,51.94,1558.2,,1,No,Yes,Yes,No
CUST02300,CON02300,PAY02300,Male,63,63,25.7,1619.1,,1,No,Yes,Yes,No
CUST02301,CON02301,PAY02301,Male,72,23,56.87,1308.01,Cable,0,Yes,No,Yes,Yes
CUST02302,CON02302,PAY02302,Male,55,65,59.16,3845.4,Fiber Optic,1,Yes,No,Yes,No
CUST02303,CON02303,PAY02303,Female,67,8,34.16,273.28,,4,Yes,No,Yes,No
CUST02304,CON02304,PAY02304,Male,67,59,80.52,4750.68,Cable,0,No,No,No,No
CUST02305,CON02305,PAY02305,Male,47,4,98.8,395.2,DSL,7,No,No,No,No
CUST02306,CON02306,PAY02306,Female,74,71,45.78,3250.38,Cable,0,No,No,Yes,Yes
CUST02307,CON02307,PAY02307,Male,49,64,83.52,5345.28,Fiber Optic,7,Yes,Yes,Yes,No
CUST02308,CON02308,PAY02308,Male,49,68,75.36,5124.48,Fiber Optic,5,Yes,Yes,Yes,No
CUST02309,CON02309,PAY02309,Male,24,54,28.83,1556.82,DSL,0,No,No,Yes,Yes
CUST02310,CON02310,PAY02310,Female,40,6,56.11,336.66,DSL,6,No,Yes,Yes,No
CUST02311,CON02311,PAY02311,Male,53,2,26.49,52.98,Cable,1,Yes,Yes,No,Yes
CUST02312,CON02312,PAY02312,Male,35,27,101.13,2730.51,Fiber Optic,2,Yes,No,Yes,Yes
CUST02313,CON02313,PAY02313,Male,74,8,28.27,226.16,,5,Yes,No,Yes,No
CUST02314,CON02314,PAY02314,Female,66,17,34.48,586.16,Fiber Optic,1,No,Yes,No,Yes
CUST02315,CON02315,PAY02315,Male,31,36,55.01,1980.36,Fiber Optic,2,No,No,No,Yes
CUST02316,CON02316,PAY02316,Female,43,12,82.22,986.64,Fiber Optic,1,No,Yes,No,Yes
CUST02317,CON02317,PAY02317,Male,19,36,45.65,1643.4,Cable,7,Yes,Yes,Yes,Yes
CUST02318,CON02318,PAY02318,Male,35,26,102.57,2666.82,Fiber Optic,4,Yes,No,Yes,Yes
CUST02319,CON02319,PAY02319,Female,65,31,58.47,1812.57,,2,No,No,Yes,Yes
CUST02320,CON02320,PAY02320,Female,43,29,54.41,1577.89,Fiber Optic,3,Yes,No,Yes,No
CUST02321,CON02321,PAY02321,Male,37,45,62.02,2790.9,Fiber Optic,8,No,No,Yes,No
CUST02322,CON02322,PAY02322,Female,71,4,50.98,203.92,,3,No,Yes,Yes,No
CUST02323,CON02323,PAY02323,Female,23,18,28.68,516.24,DSL,7,No,No,No,Yes
CUST02324,CON02324,PAY02324,Female,46,30,47.74,1432.2,Fiber Optic,5,Yes,No,Yes,No
CUST02325,CON02325,PAY02325,Male,31,35,64.83,2269.05,Fiber Optic,1,No,No,No,Yes
CUST02326,CON02326,PAY02326,Female,48,33,97.63,3221.79,Cable,4,Yes,No,No,Yes
CUST02327,CON02327,PAY02327,Male,25,50,31.02,1551.0,DSL,5,Yes,No,Yes,Yes
CUST02328,CON02328,PAY02328,Female,71,41,58.25,2388.25,DSL,0,Yes,No,Yes,No
CUST02329,CON02329,PAY02329,Female,66,4,53.51,214.04,,3,No,Yes,Yes,No
CUST02330,CON02330,PAY02330,Male,18,15,45.09,676.35,Cable,3,Yes,Yes,No,Yes
CUST02331,CON02331,PAY02331,Male,26,35,55.22,1932.7,Fiber Optic,2,No,No,No,Yes
CUST02332,CON02332,PAY02332,Male,53,32,95.16,3045.12,,9,Yes,No,Yes,No
CUST02333,CON02333,PAY02333,Female,27,39,33.41,1302.99,,2,No,No,No,Yes
CUST02334,CON02334,PAY02334,Male,29,14,83.91,1174.74,DSL,2,Yes,No,Yes,No
CUST02335,CON02335,PAY02335,Male,74,8,27.31,218.48,,5,Yes,No,Yes,No
CUST02336,CON02336,PAY02336,Male,67,53,28.38,1504.14,,5,No,Yes,Yes,No
CUST02337,CON02337,PAY02337,Male,60,66,25.4,1676.4,Cable,3,No,No,No,Yes
CUST02338,CON02338,PAY02338,Female,38,68,30.22,2054.96,DSL,0,No,Yes,No,No
CUST02339,CON02339,PAY02339,Male,28,26,79.49,2066.74,Cable,0,No,No,Yes,No
CUST02340,CON02340,PAY02340,Female,45,15,77.1,1156.5,Fiber Optic,1,No,Yes,No,Yes
CUST02341,CON02341,PAY02341,Female,44,69,31.7,2187.3,DSL,0,No,Yes,No,No
CUST02342,CON02342,PAY02342,Female,38,66,32.39,2137.74,DSL,0,No,Yes,No,No
CUST02343,CON02343,PAY02343,Female,35,58,102.91,5968.78,Fiber Optic,4,No,Yes,No,Yes
CUST02344,CON02344,PAY02344,Male,34,51,48.04,2450.04,Fiber Optic,7,No,Yes,No,Yes
CUST02345,CON02345,PAY02345,Female,61,52,62.26,3237.52,,5,Yes,Yes,No,No
CUST02346,CON02346,PAY02346,Male,22,40,52.76,2110.4,Cable,7,Yes,Yes,Yes,Yes
CUST02347,CON02347,PAY02347,Female,58,59,95.54,5636.86,Cable,0,No,No,Yes,Yes
CUST02348,CON02348,PAY02348,Female,26,62,47.37,2936.94,Cable,0,No,Yes,Yes,No
CUST02349,CON02349,PAY02349,Female,71,18,99.67,1794.06,Cable,4,No,No,Yes,No
CUST02350,CON02350,PAY02350,Male,31,50,53.22,2661.0,Fiber Optic,7,No,Yes,No,Yes
CUST02351,CON02351,PAY02351,Male,55,3,58.48,175.44,Cable,4,Yes,Yes,No,No
CUST02352,CON02352,PAY02352,Male,22,53,31.52,1670.56,DSL,1,No,No,Yes,Yes
CUST02353,CON02353,PAY02353,Male,72,22,59.43,1307.46,Cable,0,Yes,No,Yes,Yes
CUST02354,CON02354,PAY02354,Female,57,70,80.07,5604.9,,4,Yes,No,No,Yes
CUST02355,CON02355,PAY02355,Female,23,16,29.91,478.56,DSL,5,No,No,No,Yes
CUST02356,CON02356,PAY02356,Female,72,36,52.87,1903.32,Cable,3,No,No,Yes,No
CUST02357,CON02357,PAY02357,Male,36,64,96.62,6183.68,,5,Yes,No,Yes,Yes
CUST02358,CON02358,PAY02358,Male,51,58,60.16,3489.28,Cable,8,Yes,Yes,No,No
CUST02359,CON02359,PAY02359,Male,74,21,56.73,1191.33,DSL,1,No,Yes,No,No
CUST02360,CON02360,PAY02360,Male,22,72,83.88,6039.36,DSL,5,No,No,No,No
CUST02361,CON02361,PAY02361,Female,68,6,80.16,480.96,,8,No,No,No,Yes
CUST02362,CON02362,PAY02362,Male,69,7,33.51,234.57,,4,Yes,No,Yes,No
CUST02363,CON02363,PAY02363,Male,18,12,54.22,650.64,Cable,3,Yes,Yes,No,Yes
CUST02364,CON02364,PAY02364,Male,53,50,96.48,4824.0,Cable,0,No,No,Yes,No
CUST02365,CON02365,PAY02365,Male,69,52,33.07,1719.64,,3,No,Yes,Yes,No
CUST02366,CON02366,PAY02366,Male,63,71,75.71,5375.41,Fiber Optic,6,No,Yes,Yes,Yes
CUST02367,CON02367,PAY02367,Female,69,1,53.7,53.7,,1,No,Yes,Yes,No
CUST02368,CON02368,PAY02368,Female,72,3,32.31,96.93,Cable,2,Yes,Yes,Yes,Yes
CUST02369,CON02369,PAY02369,Male,70,53,80.71,4277.63,,5,No,No,Yes,Yes
CUST02370,CON02370,PAY02370,Male,67,51,25.17,1283.67,,4,No,Yes,Yes,No
CUST02371,CON02371,PAY02371,Male,36,48,52.09,2500.32,Fiber Optic,7,No,Yes,No,Yes
CUST02372,CON02372,PAY02372,Female,72,37,48.58,1797.46,Cable,4,No,No,Yes,No
CUST02373,CON02373,PAY02373,Female,73,52,63.15,3283.8,Cable,6,Yes,No,Yes,No
CUST02374,CON02374,PAY02374,Female,23,19,31.87,605.53,DSL,7,No,No,No,Yes
CUST02375,CON02375,PAY02375,Female,59,28,56.29,1576.12,,2,No,No,Yes,Yes
CUST02376,CON02376,PAY02376,Male,53,1,33.12,33.12,Cable,1,Yes,Yes,No,Yes
CUST02377,CON02377,PAY02377,Female,72,21,104.61,2196.81,Cable,2,No,No,Yes,No
CUST02378,CON02378,PAY02378,Male,23,32,79.65,2548.8,Fiber Optic,8,Yes,Yes,No,Yes
CUST02379,CON02379,PAY02379,Male,31,60,34.96,2097.6,Cable,6,Yes,Yes,Yes,Yes
CUST02380,CON02380,PAY02380,Female,46,5,61.91,309.55,DSL,6,No,Yes,Yes,No
CUST02381,CON02381,PAY02381,Female,31,38,30.17,1146.46,,3,No,No,No,Yes
CUST02382,CON02382,PAY02382,Female,42,66,32.61,2152.26,DSL,1,No,Yes,No,No
CUST02383,CON02383,PAY02383,Male,34,18,60.8,1094.4,Fiber Optic,3,No,No,No,Yes
CUST02384,CON02384,PAY02384,Female,30,24,33.4,801.6,Fiber Optic,1,No,No,No,No
CUST02385,CON02385,PAY02385,Female,70,27,33.49,904.23,Cable,6,No,Yes,Yes,No
CUST02386,CON02386,PAY02386,Male,23,36,50.86,1830.96,Fiber Optic,0,Yes,No,No,No
CUST02387,CON02387,PAY02387,Male,19,33,77.35,2552.55,Fiber Optic,7,Yes,Yes,No,Yes
CUST02388,CON02388,PAY02388,Male,55,47,97.5,4582.5,Cable,2,No,No,Yes,No
CUST02389,CON02389,PAY02389,Female,56,31,26.29,814.99,,3,No,No,Yes,Yes
CUST02390,CON02390,PAY02390,Female,68,49,55.84,2736.16,Cable,5,Yes,No,Yes,No
CUST02391,CON02391,PAY02391,Male,68,18,98.37,1770.66,,6,Yes,Yes,Yes,No
CUST02392,CON02392,PAY02392,Male,59,42,31.3,1314.6,,4,Yes,Yes,No,No
CUST02393,CON02393,PAY02393,Female,65,17,28.71,488.07,Fiber Optic,0,No,Yes,No,Yes
CUST02394,CON02394,PAY02394,Male,60,67,62.38,4179.46,Fiber Optic,0,Yes,No,Yes,No
CUST02395,CON02395,PAY02395,Female,68,1,49.53,49.53,,3,No,Yes,Yes,No
CUST02396,CON02396,PAY02396,Female,20,48,96.87,4649.76,Cable,3,Yes,Yes,Yes,Yes
CUST02397,CON02397,PAY02397,Female,70,23,78.9,1814.7,Cable,0,Yes,Yes,No,Yes
CUST02398,CON02398,PAY02398,Male,55,62,57.77,3581.74,Cable,8,Yes,Yes,No,No
CUST02399,CON02399,PAY02399,Male,36,23,52.42,1205.66,,1,No,Yes,No,No
CUST02400,CON02400,PAY02400,Female,65,30,62.58,1877.4,,0,No,Yes,Yes,Yes
CUST02401,CON02401,PAY02401,Male,57,1,81.61,81.61,Fiber Optic,0,No,No,No,No
CUST02402,CON02402,PAY02402,Female,70,43,59.61,2563.23,Fiber Optic,8,No,No,Yes,Yes
CUST02403,CON02403,PAY02403,Male,34,18,63.72,1146.96,Fiber Optic,4,No,No,No,Yes
CUST02404,CON02404,PAY02404,Male,74,22,62.45,1373.9,Cable,0,Yes,No,Yes,Yes
CUST02405,CON02405,PAY02405,Male,25,44,81.75,3597.0,DSL,5,No,No,No,No
CUST02406,CON02406,PAY02406,Male,25,39,51.5,2008.5,Cable,9,Yes,Yes,Yes,Yes
CUST02407,CON02407,PAY02407,Male,55,22,62.9,1383.8,Cable,5,Yes,Yes,Yes,Yes
CUST02408,CON02408,PAY02408,Female,30,60,99.02,5941.2,Fiber Optic,4,No,Yes,No,Yes
CUST02409,CON02409,PAY02409,Female,66,37,50.25,1859.25,Cable,4,No,No,Yes,No
CUST02410,CON02410,PAY02410,Male,19,52,27.69,1439.88,DSL,2,No,No,Yes,Yes
CUST02411,CON02411,PAY02411,Male,69,52,75.88,3945.76,,5,No,No,Yes,Yes
CUST02412,CON02412,PAY02412,Female,72,4,34.13,136.52,Cable,2,Yes,Yes,Yes,Yes
CUST02413,CON02413,PAY02413,Female,33,35,96.33,3371.55,Cable,0,Yes,Yes,Yes,No
CUST02414,CON02414,PAY02414,Male,33,46,55.29,2543.34,Fiber Optic,9,No,No,Yes,No
CUST02415,CON02415,PAY02415,Female,30,55,63.79,3508.45,Fiber Optic,4,No,No,Yes,Yes
CUST02416,CON02416,PAY02416,Female,62,70,84.15,5890.5,,4,Yes,No,No,Yes
CUST02417,CON02417,PAY02417,Male,60,63,27.94,1760.22,,1,No,Yes,Yes,No
CUST02418,CON02418,PAY02418,Male,57,3,82.05,246.15,Fiber Optic,0,No,No,No,No
CUST02419,CON02419,PAY02419,Male,63,58,78.34,4543.72,Cable,0,No,No,No,No
CUST02420,CON02420,PAY02420,Male,70,51,84.57,4313.07,,5,No,No,Yes,Yes
CUST02421,CON02421,PAY02421,Male,67,56,76.74,4297.44,Cable,1,No,No,No,No
CUST02422,CON02422,PAY02422,Male,56,30,99.19,2975.7,,7,Yes,No,Yes,No
CUST02423,CON02423,PAY02423,Female,18,61,97.11,5923.71,Fiber Optic,8,No,No,No,Yes
CUST02424,CON02424,PAY02424,Female,70,34,51.2,1740.8,Cable,2,No,No,Yes,No
CUST02425,CON02425,PAY02425,Male,48,46,54.75,2518.5,,2,No,No,Yes,No
CUST02426,CON02426,PAY02426,Female,67,20,103.61,2072.2,Cable,2,No,No,Yes,No
CUST02427,CON02427,PAY02427,Female,51,44,98.12,4317.28,DSL,2,No,No,No,No
CUST02428,CON02428,PAY02428,Male,65,60,28.09,1685.4,,0,No,Yes,Yes,No
CUST02429,CON02429,PAY02429,Female,71,21,95.26,2000.46,Cable,4,No,No,Yes,No
CUST02430,CON02430,PAY02430,Female,55,35,51.18,1791.3,DSL,7,Yes,Yes,No,Yes
CUST02431,CON02431,PAY02431,Male,64,70,82.93,5805.1,Fiber Optic,4,No,Yes,Yes,Yes
CUST02432,CON02432,PAY02432,Female,57,36,48.18,1734.48,DSL,7,Yes,Yes,No,Yes
CUST02433,CON02433,PAY02433,Male,56,24,56.87,1364.88,Cable,5,Yes,Yes,Yes,Yes
CUST02434,CON02434,PAY02434,Male,74,25,64.53,1613.25,DSL,2,No,Yes,No,No
CUST02435,CON02435,PAY02435,Male,57,41,27.29,1118.89,,3,Yes,Yes,No,No
CUST02436,CON02436,PAY02436,Female,51,30,31.85,955.5,,4,No,No,Yes,Yes
CUST02437,CON02437,PAY02437,Male,23,35,47.76,1671.6,Fiber Optic,0,Yes,No,No,No
CUST02438,CON02438,PAY02438,Female,70,23,26.06,599.38,Fiber Optic,0,No,Yes,Yes,Yes
CUST02439,CON02439,PAY02439,Male,56,69,63.32,4369.08,Fiber Optic,1,Yes,No,Yes,No
CUST02440,CON02440,PAY02440,Female,23,7,101.68,711.76,,1,No,Yes,Yes,No
CUST02441,CON02441,PAY02441,Female,57,69,98.47,6794.43,Fiber Optic,2,Yes,Yes,Yes,Yes
CUST02442,CON02442,PAY02442,Male,35,7,61.41,429.87,,8,No,No,Yes,No
CUST02443,CON02443,PAY02443,Female,58,59,103.26,6092.34,Cable,0,No,No,Yes,Yes
CUST02444,CON02444,PAY02444,Female,26,67,47.02,3150.34,DSL,8,No,No,No,Yes
CUST02445,CON02445,PAY02445,Female,53,70,100.62,7043.4,Fiber Optic,4,Yes,Yes,Yes,Yes
CUST02446,CON02446,PAY02446,Female,66,27,57.67,1557.09,Cable,1,Yes,No,Yes,Yes
CUST02447,CON02447,PAY02447,Male,33,51,51.84,2643.84,Fiber Optic,9,No,Yes,No,Yes
CUST02448,CON02448,PAY02448,Male,72,53,29.48,1562.44,,5,No,Yes,Yes,No
CUST02449,CON02449,PAY02449,Male,28,60,29.0,1740.0,Cable,7,Yes,Yes,Yes,Yes
CUST02450,CON02450,PAY02450,Male,24,36,53.33,1919.88,Cable,7,Yes,Yes,Yes,Yes
CUST02451,CON02451,PAY02451,Female,62,62,96.34,5973.08,Cable,1,No,No,Yes,Yes
CUST02452,CON02452,PAY02452,Female,66,19,31.27,594.13,Fiber Optic,0,No,Yes,No,Yes
CUST02453,CON02453,PAY02453,Female,68,44,57.36,2523.84,Fiber Optic,6,No,No,Yes,Yes
CUST02454,CON02454,PAY02454,Male,33,48,51.62,2477.76,Fiber Optic,8,No,Yes,No,Yes
CUST02455,CON02455,PAY02455,Female,59,27,56.98,1538.46,,2,No,No,Yes,Yes
CUST02456,CON02456,PAY02456,Male,25,35,75.97,2658.95,Fiber Optic,8,Yes,Yes,No,Yes
CUST02457,CON02457,PAY02457,Male,33,44,59.81,2631.64,Fiber Optic,9,No,No,Yes,No
CUST02458,CON02458,PAY02458,Male,22,72,77.78,5600.16,DSL,4,No,No,No,No
CUST02459,CON02459,PAY02459,Male,37,64,101.38,6488.32,,7,Yes,No,Yes,Yes
CUST02460,CON02460,PAY02460,Female,68,44,61.08,2687.52,Fiber Optic,8,No,No,Yes,Yes
CUST02461,CON02461,PAY02461,Female,68,22,101.42,2231.24,Cable,3,No,No,Yes,No
CUST02462,CON02462,PAY02462,Female,73,52,60.09,3124.68,Cable,4,Yes,No,Yes,No
CUST02463,CON02463,PAY02463,Female,34,60,97.98,5878.8,Fiber Optic,4,No,Yes,No,Yes
CUST02464,CON02464,PAY02464,Male,69,48,62.9,3019.2,Cable,6,No,Yes,No,Yes
CUST02465,CON02465,PAY02465,Male,60,59,34.84,2055.56,,2,No,Yes,Yes,No
CUST02466,CON02466,PAY02466,Female,70,28,29.84,835.52,Cable,4,No,Yes,Yes,No
CUST02467,CON02467,PAY02467,Female,69,29,30.09,872.61,Cable,4,No,Yes,Yes,No
CUST02468,CON02468,PAY02468,Female,59,70,81.8,5726.0,,4,Yes,No,No,Yes
CUST02469,CON02469,PAY02469,Male,21,14,45.5,637.0,Cable,4,Yes,Yes,No,Yes
CUST02470,CON02470,PAY02470,Male,22,54,25.99,1403.46,DSL,2,No,No,Yes,Yes
CUST02471,CON02471,PAY02471,Male,30,23,49.3,1133.9,,0,No,Yes,No,No
CUST02472,CON02472,PAY02472,Male,25,72,80.58,5801.76,DSL,5,No,No,No,No
CUST02473,CON02473,PAY02473,Male,27,57,34.7,1977.9,Cable,8,Yes,Yes,Yes,Yes
CUST02474,CON02474,PAY02474,Male,33,48,55.37,2657.76,Fiber Optic,7,No,No,Yes,No
CUST02475,CON02475,PAY02475,Male,73,7,78.79,551.53,,1,Yes,No,Yes,Yes
CUST02476,CON02476,PAY02476,Female,52,42,96.46,4051.32,DSL,2,No,No,No,No
CUST02477,CON02477,PAY02477,Female,61,63,104.31,6571.53,Cable,1,No,No,Yes,Yes
CUST02478,CON02478,PAY02478,Male,35,50,53.99,2699.5,Fiber Optic,8,No,Yes,No,Yes
CUST02479,CON02479,PAY02479,Female,65,8,34.46,275.68,,3,Yes,No,Yes,No
CUST02480,CON02480,PAY02480,Male,57,1,78.21,78.21,Fiber Optic,0,No,No,No,No
CUST02481,CON02481,PAY02481,Female,73,3,84.93,254.79,,6,No,No,No,Yes
CUST02482,CON02482,PAY02482,Female,66,5,33.59,167.95,,3,Yes,No,Yes,No
CUST02483,CON02483,PAY02483,Male,72,4,33.53,134.12,,6,Yes,No,Yes,No
CUST02484,CON02484,PAY02484,Female,69,37,53.83,1991.71,Cable,3,No,No,Yes,No
CUST02485,CON02485,PAY02485,Male,71,44,63.99,2815.56,Cable,6,No,Yes,No,Yes
CUST02486,CON02486,PAY02486,Male,23,70,81.02,5671.4,DSL,6,No,No,No,No
CUST02487,CON02487,PAY02487,Female,59,34,102.44,3482.96,,6,No,No,No,No
CUST02488,CON02488,PAY02488,Male,70,50,77.97,3898.5,,6,No,No,Yes,Yes
CUST02489,CON02489,PAY02489,Female,67,18,25.04,450.72,Fiber Optic,0,No,Yes,No,Yes
CUST02490,CON02490,PAY02490,Female,56,30,28.1,843.0,,4,No,No,Yes,Yes
CUST02491,CON02491,PAY02491,Male,55,48,97.26,4668.48,Cable,2,No,No,Yes,No
CUST02492,CON02492,PAY02492,Female,55,23,84.18,1936.14,DSL,3,Yes,Yes,No,No
CUST02493,CON02493,PAY02493,Male,46,3,97.81,293.43,DSL,6,No,No,No,No
CUST02494,CON02494,PAY02494,Male,56,1,79.85,79.85,Fiber Optic,1,No,No,No,No
CUST02495,CON02495,PAY02495,Male,55,47,103.59,4868.73,Cable,0,No,No,Yes,No
CUST02496,CON02496,PAY02496,Female,29,40,28.91,1156.4,,3,No,No,No,Yes
CUST02497,CON02497,PAY02497,Male,36,44,55.51,2442.44,Fiber Optic,9,No,No,Yes,No
CUST02498,CON02498,PAY02498,Female,67,6,26.47,158.82,,2,Yes,No,Yes,No
CUST02499,CON02499,PAY02499,Female,72,3,78.0,234.0,,7,No,No,No,Yes
CUST02500,CON02500,PAY02500,Female,25,13,100.69,1308.97,Fiber Optic,3,Yes,Yes,No,No
CUST02501,CON02501,PAY02501,Male,22,39,45.98,1793.22,Cable,7,Yes,Yes,Yes,Yes
CUST02502,CON02502,PAY02502,Male,73,24,57.07,1369.68,DSL,1,No,Yes,No,No
CUST02503,CON02503,PAY02503,Female,72,49,61.66,3021.34,Cable,5,Yes,No,Yes,No
CUST02504,CON02504,PAY02504,Female,26,70,54.73,3831.1,DSL,8,No,No,No,Yes
CUST02505,CON02505,PAY02505,Female,68,31,61.1,1894.1,Cable,1,Yes,No,Yes,Yes
CUST02506,CON02506,PAY02506,Female,77,1,31.87,31.87,Cable,1,Yes,Yes,Yes,Yes
CUST02507,CON02507,PAY02507,Male,30,25,44.99,1124.75,,0,No,Yes,No,No
CUST02508,CON02508,PAY02508,Male,71,55,26.95,1482.25,,4,No,Yes,Yes,No
CUST02509,CON02509,PAY02509,Male,54,65,31.99,2079.35,Cable,5,No,No,No,Yes
CUST02510,CON02510,PAY02510,Male,20,13,45.08,586.04,Cable,4,Yes,Yes,No,Yes
CUST02511,CON02511,PAY02511,Male,19,32,53.25,1704.0,,1,No,Yes,Yes,No
CUST02512,CON02512,PAY02512,Female,72,3,50.22,150.66,,2,No,Yes,Yes,No
CUST02513,CON02513,PAY02513,Male,19,34,79.98,2719.32,Fiber Optic,8,Yes,Yes,No,Yes
CUST02514,CON02514,PAY02514,Female,67,28,25.0,700.0,Cable,6,No,Yes,Yes,No
CUST02515,CON02515,PAY02515,Female,68,35,48.56,1699.6,Cable,2,No,No,Yes,No
CUST02516,CON02516,PAY02516,Male,55,23,61.75,1420.25,Cable,5,Yes,Yes,Yes,Yes
CUST02517,CON02517,PAY02517,Female,27,16,27.45,439.2,DSL,7,No,No,No,Yes
CUST02518,CON02518,PAY02518,Male,48,64,78.98,5054.72,Fiber Optic,6,Yes,Yes,Yes,No
CUST02519,CON02519,PAY02519,Female,70,51,55.85,2848.35,Cable,6,Yes,No,Yes,No
CUST02520,CON02520,PAY02520,Male,18,34,75.33,2561.22,DSL,9,Yes,No,No,No
CUST02521,CON02521,PAY02521,Male,62,71,80.92,5745.32,Fiber Optic,5,No,Yes,Yes,Yes
CUST02522,CON02522,PAY02522,Male,30,56,25.64,1435.84,Cable,7,Yes,Yes,Yes,Yes
CUST02523,CON02523,PAY02523,Female,21,17,27.88,473.96,DSL,5,No,No,No,Yes
CUST02524,CON02524,PAY02524,Female,25,10,98.04,980.4,Fiber Optic,3,Yes,Yes,No,No
CUST02525,CON02525,PAY02525,Female,58,31,99.01,3069.31,,5,No,No,No,No
CUST02526,CON02526,PAY02526,Male,54,68,26.52,1803.36,Cable,4,No,No,No,Yes
CUST02527,CON02527,PAY02527,Female,41,49,55.82,2735.18,,5,Yes,Yes,No,No
CUST02528,CON02528,PAY02528,Male,49,58,63.41,3677.78,Cable,0,No,Yes,No,No
CUST02529,CON02529,PAY02529,Male,34,61,99.79,6087.19,,7,Yes,No,Yes,Yes
CUST02530,CON02530,PAY02530,Male,49,2,34.7,69.4,Cable,3,Yes,Yes,No,Yes
CUST02531,CON02531,PAY02531,Female,68,1,46.06,46.06,,3,No,Yes,Yes,No
CUST02532,CON02532,PAY02532,Female,73,21,76.47,1605.87,Cable,0,Yes,Yes,No,Yes
CUST02533,CON02533,PAY02533,Female,71,70,48.26,3378.2,Cable,2,No,No,Yes,Yes
CUST02534,CON02534,PAY02534,Female,77,41,60.4,2476.4,DSL,0,Yes,No,Yes,No
CUST02535,CON02535,PAY02535,Male,24,53,26.62,1410.86,DSL,1,No,No,Yes,Yes
CUST02536,CON02536,PAY02536,Male,28,35,52.97,1853.95,Fiber Optic,1,Yes,No,No,No
CUST02537,CON02537,PAY02537,Female,72,4,53.15,212.6,,1,No,Yes,Yes,No
CUST02538,CON02538,PAY02538,Female,46,11,84.19,926.09,Fiber Optic,3,No,Yes,No,Yes
CUST02539,CON02539,PAY02539,Female,71,38,51.33,1950.54,Cable,4,No,No,Yes,No
CUST02540,CON02540,PAY02540,Female,64,61,103.41,6308.01,Cable,0,No,No,Yes,Yes
CUST02541,CON02541,PAY02541,Female,62,8,33.75,270.0,,2,Yes,No,Yes,No
CUST02542,CON02542,PAY02542,Male,56,28,100.03,2800.84,,7,Yes,No,Yes,No
CUST02543,CON02543,PAY02543,Male,51,4,99.97,399.88,DSL,7,No,No,No,No
CUST02544,CON02544,PAY02544,Male,50,5,98.54,492.7,DSL,5,No,No,No,No
CUST02545,CON02545,PAY02545,Female,69,27,26.3,710.1,Cable,5,No,Yes,Yes,No
CUST02546,CON02546,PAY02546,Male,70,21,101.79,2137.59,,4,Yes,Yes,Yes,No
CUST02547,CON02547,PAY02547,Male,64,62,30.64,1899.68,,0,No,Yes,Yes,No
CUST02548,CON02548,PAY02548,Female,59,72,99.85,7189.2,Fiber Optic,4,Yes,Yes,Yes,Yes
CUST02549,CON02549,PAY02549,Male,54,58,64.95,3767.1,Cable,7,Yes,Yes,No,No
CUST02550,CON02550,PAY02550,Female,69,3,78.41,235.23,,6,No,No,No,Yes
CUST02551,CON02551,PAY02551,Male,58,42,34.25,1438.5,,4,Yes,Yes,No,No
CUST02552,CON02552,PAY02552,Male,27,35,45.33,1586.55,Fiber Optic,2,Yes,No,No,No
CUST02553,CON02553,PAY02553,Male,24,29,80.98,2348.42,Cable,0,No,No,Yes,No
CUST02554,CON02554,PAY02554,Male,37,60,99.55,5973.0,,7,Yes,No,Yes,Yes
CUST02555,CON02555,PAY02555,Male,56,23,60.05,1381.15,Cable,5,Yes,Yes,Yes,Yes
CUST02556,CON02556,PAY02556,Male,18,14,53.51,749.14,Cable,3,Yes,Yes,No,Yes
CUST02557,CON02557,PAY02557,Female,68,38,50.67,1925.46,Cable,2,No,No,Yes,No
CUST02558,CON02558,PAY02558,Female,41,6,57.85,347.1,DSL,5,No,Yes,Yes,No
CUST02559,CON02559,PAY02559,Female,34,51,26.22,1337.22,Fiber Optic,5,No,Yes,No,Yes
CUST02560,CON02560,PAY02560,Female,67,34,48.31,1642.54,Cable,3,No,No,Yes,No
CUST02561,CON02561,PAY02561,Male,71,7,32.58,228.06,,4,Yes,No,Yes,No
CUST02562,CON02562,PAY02562,Female,62,30,64.21,1926.3,,1,No,Yes,Yes,Yes
CUST02563,CON02563,PAY02563,Female,66,7,33.06,231.42,,2,Yes,No,Yes,No
CUST02564,CON02564,PAY02564,Female,51,32,102.09,3266.88,Cable,3,Yes,No,No,Yes
CUST02565,CON02565,PAY02565,Male,76,25,62.18,1554.5,Cable,0,Yes,No,Yes,Yes
CUST02566,CON02566,PAY02566,Male,52,31,101.34,3141.54,,7,Yes,No,Yes,No
CUST02567,CON02567,PAY02567,Male,35,47,61.3,2881.1,Fiber Optic,7,No,No,Yes,No
CUST02568,CON02568,PAY02568,Female,34,59,97.86,5773.74,Fiber Optic,6,No,Yes,No,Yes
CUST02569,CON02569,PAY02569,Female,35,38,102.35,3889.3,Cable,0,Yes,Yes,Yes,No
CUST02570,CON02570,PAY02570,Female,33,45,60.91,2740.95,Fiber Optic,6,Yes,No,No,Yes
CUST02571,CON02571,PAY02571,Male,26,26,80.05,2081.3,Cable,0,No,No,Yes,No
CUST02572,CON02572,PAY02572,Female,57,34,53.57,1821.38,DSL,5,Yes,Yes,No,Yes
CUST02573,CON02573,PAY02573,Male,66,59,30.85,1820.15,,0,No,Yes,Yes,No
CUST02574,CON02574,PAY02574,Female,48,33,49.86,1645.38,Fiber Optic,5,Yes,No,Yes,No
CUST02575,CON02575,PAY02575,Male,36,46,62.01,2852.46,Fiber Optic,9,No,No,Yes,No
CUST02576,CON02576,PAY02576,Female,73,72,52.77,3799.44,Cable,2,No,No,Yes,Yes
CUST02577,CON02577,PAY02577,Female,21,47,96.12,4517.64,Cable,3,Yes,Yes,Yes,Yes
CUST02578,CON02578,PAY02578,Female,28,39,25.07,977.73,,2,No,No,No,Yes
CUST02579,CON02579,PAY02579,Male,68,60,75.36,4521.6,Cable,0,No,No,No,No
CUST02580,CON02580,PAY02580,Male,53,44,25.31,1113.64,,5,Yes,Yes,No,No
CUST02581,CON02581,PAY02581,Female,53,31,96.38,2987.78,Cable,4,Yes,No,No,Yes
CUST02582,CON02582,PAY02582,Male,30,27,54.92,1482.84,,0,No,Yes,No,No
CUST02583,CON02583,PAY02583,Male,23,54,26.41,1426.14,DSL,2,No,No,Yes,Yes
CUST02584,CON02584,PAY02584,Female,59,27,60.53,1634.31,,0,No,No,Yes,Yes
CUST02585,CON02585,PAY02585,Female,35,63,27.69,1744.47,DSL,1,No,No,Yes,Yes
CUST02586,CON02586,PAY02586,Male,35,3,62.49,187.47,,8,No,No,Yes,No
CUST02587,CON02587,PAY02587,Male,21,34,79.41,2699.94,Fiber Optic,8,Yes,Yes,No,Yes
CUST02588,CON02588,PAY02588,Female,18,46,104.9,4825.4,DSL,7,Yes,Yes,No,Yes
CUST02589,CON02589,PAY02589,Female,70,19,97.67,1855.73,Cable,3,No,No,Yes,No
CUST02590,CON02590,PAY02590,Male,29,28,104.81,2934.68,Fiber Optic,4,Yes,No,Yes,Yes
CUST02591,CON02591,PAY02591,Female,57,69,76.74,5295.06,,5,Yes,No,No,Yes
CUST02592,CON02592,PAY02592,Male,25,37,53.89,1993.93,Fiber Optic,0,Yes,No,No,No
CUST02593,CON02593,PAY02593,Male,18,37,79.33,2935.21,DSL,7,Yes,No,No,No
CUST02594,CON02594,PAY02594,Female,68,5,25.8,129.0,,3,Yes,No,Yes,No
CUST02595,CON02595,PAY02595,Male,34,46,60.66,2790.36,Fiber Optic,8,No,No,Yes,No
CUST02596,CON02596,PAY02596,Male,50,5,34.4,172.0,Cable,3,Yes,Yes,No,Yes
CUST02597,CON02597,PAY02597,Female,52,34,30.95,1052.3,,4,No,No,Yes,Yes
CUST02598,CON02598,PAY02598,Female,32,47,63.27,2973.69,Fiber Optic,5,Yes,No,No,Yes
CUST02599,CON02599,PAY02599,Female,72,1,47.49,47.49,,2,No,Yes,Yes,No
CUST02600,CON02600,PAY02600,Female,20,48,100.8,4838.4,Cable,4,Yes,Yes,Yes,Yes
CUST02601,CON02601,PAY02601,Male,72,24,55.85,1340.4,Cable,0,Yes,No,Yes,Yes
CUST02602,CON02602,PAY02602,Female,67,43,61.86,2659.98,Fiber Optic,8,No,No,Yes,Yes
CUST02603,CON02603,PAY02603,Female,68,27,29.46,795.42,Fiber Optic,0,No,Yes,Yes,Yes
CUST02604,CON02604,PAY02604,Female,66,30,57.51,1725.3,,1,No,Yes,Yes,Yes
CUST02605,CON02605,PAY02605,Male,23,54,32.19,1738.26,DSL,2,No,No,Yes,Yes
CUST02606,CON02606,PAY02606,Male,18,12,52.86,634.32,Cable,4,Yes,Yes,No,Yes
CUST02607,CON02607,PAY02607,Female,67,7,31.22,218.54,,4,Yes,No,Yes,No
CUST02608,CON02608,PAY02608,Male,73,7,76.72,537.04,,1,Yes,No,Yes,Yes
CUST02609,CON02609,PAY02609,Male,18,15,46.38,695.7,Cable,3,Yes,Yes,No,Yes
CUST02610,CON02610,PAY02610,Female,62,4,29.9,119.6,,3,Yes,No,Yes,No
CUST02611,CON02611,PAY02611,Male,69,49,77.02,3773.98,,6,No,No,Yes,Yes
CUST02612,CON02612,PAY02612,Male,74,45,61.05,2747.25,Cable,7,No,Yes,No,Yes
CUST02613,CON02613,PAY02613,Female,18,48,103.9,4987.2,Cable,2,Yes,Yes,Yes,Yes
CUST02614,CON02614,PAY02614,Male,56,43,30.54,1313.22,,4,Yes,Yes,No,No
CUST02615,CON02615,PAY02615,Female,42,50,56.34,2817.0,,4,Yes,Yes,No,No
CUST02616,CON02616,PAY02616,Female,75,21,79.66,1672.86,Cable,0,Yes,Yes,No,Yes
CUST02617,CON02617,PAY02617,Female,69,3,78.19,234.57,,6,No,No,No,Yes
CUST02618,CON02618,PAY02618,Male,50,1,98.59,98.59,DSL,5,No,No,No,No
CUST02619,CON02619,PAY02619,Female,58,69,101.53,7005.57,Fiber Optic,3,Yes,Yes,Yes,Yes
CUST02620,CON02620,PAY02620,Female,63,29,57.95,1680.55,,0,No,Yes,Yes,Yes
CUST02621,CON02621,PAY02621,Female,64,19,32.57,618.83,Fiber Optic,2,No,Yes,No,Yes
CUST02622,CON02622,PAY02622,Male,34,4,59.97,239.88,,8,No,No,Yes,No
CUST02623,CON02623,PAY02623,Female,77,1,33.36,33.36,Cable,3,Yes,Yes,Yes,Yes
CUST02624,CON02624,PAY02624,Female,28,45,57.59,2591.55,Fiber Optic,6,Yes,No,No,Yes
CUST02625,CON02625,PAY02625,Female,71,6,75.79,454.74,,7,No,No,No,Yes
CUST02626,CON02626,PAY02626,Female,34,54,59.27,3200.58,Fiber Optic,4,No,No,Yes,Yes
CUST02627,CON02627,PAY02627,Male,20,53,31.28,1657.84,DSL,0,No,No,Yes,Yes
CUST02628,CON02628,PAY02628,Female,42,7,60.9,426.3,DSL,4,No,Yes,Yes,No
CUST02629,CON02629,PAY02629,Female,71,41,59.02,2419.82,DSL,0,Yes,No,Yes,No
CUST02630,CON02630,PAY02630,Female,74,39,57.97,2260.83,DSL,1,Yes,No,Yes,No
CUST02631,CON02631,PAY02631,Male,50,68,84.37,5737.16,Fiber Optic,6,Yes,Yes,Yes,No
CUST02632,CON02632,PAY02632,Female,71,2,34.77,69.54,Cable,3,Yes,Yes,Yes,Yes
CUST02633,CON02633,PAY02633,Female,34,49,28.89,1415.61,Fiber Optic,6,No,Yes,No,Yes
CUST02634,CON02634,PAY02634,Male,53,2,75.63,151.26,Fiber Optic,0,No,No,No,No
CUST02635,CON02635,PAY02635,Male,52,23,60.78,1397.94,Cable,4,Yes,Yes,Yes,Yes
CUST02636,CON02636,PAY02636,Male,33,25,49.36,1234.0,,0,No,Yes,No,No
CUST02637,CON02637,PAY02637,Male,52,64,82.14,5256.96,Fiber Optic,7,Yes,Yes,Yes,No
CUST02638,CON02638,PAY02638,Female,75,40,62.66,2506.4,DSL,0,Yes,No,Yes,No
CUST02639,CON02639,PAY02639,Male,18,11,45.37,499.07,Cable,3,Yes,Yes,No,Yes
CUST02640,CON02640,PAY02640,Female,46,33,47.41,1564.53,Fiber Optic,3,Yes,No,Yes,No
CUST02641,CON02641,PAY02641,Male,28,44,82.4,3625.6,DSL,4,No,No,No,No
CUST02642,CON02642,PAY02642,Male,22,38,47.98,1823.24,Cable,9,Yes,Yes,Yes,Yes
CUST02643,CON02643,PAY02643,Female,64,62,104.05,6451.1,Cable,0,No,No,Yes,Yes
CUST02644,CON02644,PAY02644,Female,33,57,100.02,5701.14,Fiber Optic,6,No,Yes,No,Yes
CUST02645,CON02645,PAY02645,Male,23,71,75.25,5342.75,DSL,5,No,No,No,No
CUST02646,CON02646,PAY02646,Female,47,32,99.98,3199.36,Cable,3,Yes,No,No,Yes
CUST02647,CON02647,PAY02647,Male,28,39,45.66,1780.74,Fiber Optic,1,Yes,No,No,No
CUST02648,CON02648,PAY02648,Female,48,33,50.71,1673.43,Fiber Optic,3,Yes,No,Yes,No
CUST02649,CON02649,PAY02649,Male,52,32,100.06,3201.92,,8,Yes,No,Yes,No
CUST02650,CON02650,PAY02650,Female,43,5,56.68,283.4,DSL,5,No,Yes,Yes,No
CUST02651,CON02651,PAY02651,Male,74,48,55.29,2653.92,Cable,7,No,Yes,No,Yes
CUST02652,CON02652,PAY02652,Female,38,70,30.99,2169.3,DSL,0,No,Yes,No,No
CUST02653,CON02653,PAY02653,Male,52,1,75.9,75.9,Fiber Optic,0,No,No,No,No
CUST02654,CON02654,PAY02654,Male,34,28,102.38,2866.64,Fiber Optic,2,Yes,No,Yes,Yes
CUST02655,CON02655,PAY02655,Female,65,31,57.82,1792.42,,1,No,No,Yes,Yes
CUST02656,CON02656,PAY02656,Female,24,68,51.44,3497.92,DSL,7,No,No,No,Yes
CUST02657,CON02657,PAY02657,Male,35,15,81.46,1221.9,DSL,0,Yes,No,Yes,No
CUST02658,CON02658,PAY02658,Female,57,34,97.23,3305.82,,7,No,No,No,No
CUST02659,CON02659,PAY02659,Male,74,5,25.15,125.75,,4,Yes,No,Yes,No
CUST02660,CON02660,PAY02660,Male,29,26,98.72,2566.72,Fiber Optic,4,Yes,No,Yes,Yes
CUST02661,CON02661,PAY02661,Male,39,44,56.99,2507.56,Fiber Optic,7,No,No,Yes,No
CUST02662,CON02662,PAY02662,Female,71,19,99.15,1883.85,Cable,4,No,No,Yes,No
CUST02663,CON02663,PAY02663,Male,33,16,77.35,1237.6,DSL,2,Yes,No,Yes,No
CUST02664,CON02664,PAY02664,Male,57,22,56.92,1252.24,Cable,4,Yes,Yes,Yes,Yes
CUST02665,CON02665,PAY02665,Female,64,23,34.93,803.39,Fiber Optic,1,No,Yes,Yes,Yes
CUST02666,CON02666,PAY02666,Female,59,71,77.69,5515.99,,4,Yes,No,No,Yes
CUST02667,CON02667,PAY02667,Male,67,5,83.13,415.65,,2,Yes,No,Yes,Yes
CUST02668,CON02668,PAY02668,Female,63,6,32.19,193.14,,2,Yes,No,Yes,No
CUST02669,CON02669,PAY02669,Male,54,66,82.98,5476.68,Fiber Optic,7,Yes,Yes,Yes,No
CUST02670,CON02670,PAY02670,Female,35,53,56.59,2999.27,Fiber Optic,4,No,No,Yes,Yes
CUST02671,CON02671,PAY02671,Male,34,60,103.79,6227.4,,5,Yes,No,Yes,Yes
CUST02672,CON02672,PAY02672,Male,58,28,99.54,2787.12,,9,Yes,No,Yes,No
CUST02673,CON02673,PAY02673,Female,41,50,64.18,3209.0,,5,Yes,Yes,No,No
CUST02674,CON02674,PAY02674,Male,28,35,59.54,2083.9,Fiber Optic,0,No,No,No,Yes
CUST02675,CON02675,PAY02675,Female,43,13,77.98,1013.74,Fiber Optic,3,No,Yes,No,Yes
CUST02676,CON02676,PAY02676,Male,19,35,76.92,2692.2,DSL,9,Yes,No,No,No
CUST02677,CON02677,PAY02677,Male,32,14,77.46,1084.44,DSL,1,Yes,No,Yes,No
CUST02678,CON02678,PAY02678,Female,61,69,80.86,5579.34,,5,Yes,No,No,Yes
CUST02679,CON02679,PAY02679,Female,44,41,83.93,3441.13,DSL,7,No,No,No,Yes
CUST02680,CON02680,PAY02680,Male,18,34,82.86,2817.24,DSL,9,Yes,No,No,No
CUST02681,CON02681,PAY02681,Female,69,25,75.15,1878.75,Cable,0,Yes,Yes,No,Yes
CUST02682,CON02682,PAY02682,Male,69,60,82.03,4921.8,Cable,1,No,No,No,No
CUST02683,CON02683,PAY02683,Female,36,49,32.8,1607.2,Fiber Optic,5,No,Yes,No,Yes
CUST02684,CON02684,PAY02684,Female,30,59,101.22,5971.98,Fiber Optic,4,No,Yes,No,Yes
CUST02685,CON02685,PAY02685,Female,69,24,34.28,822.72,Fiber Optic,0,No,Yes,Yes,Yes
CUST02686,CON02686,PAY02686,Female,58,36,49.74,1790.64,DSL,7,Yes,Yes,No,Yes
CUST02687,CON02687,PAY02687,Female,67,52,55.4,2880.8,Cable,5,Yes,No,Yes,No
CUST02688,CON02688,PAY02688,Female,54,30,29.2,876.0,,4,No,No,Yes,Yes
CUST02689,CON02689,PAY02689,Male,62,60,30.57,1834.2,,1,No,Yes,Yes,No
CUST02690,CON02690,PAY02690,Male,71,22,97.99,2155.78,,6,Yes,Yes,Yes,No
CUST02691,CON02691,PAY02691,Female,55,30,28.68,860.4,,4,No,No,Yes,Yes
CUST02692,CON02692,PAY02692,Male,34,45,60.13,2705.85,Fiber Optic,7,No,No,Yes,No
CUST02693,CON02693,PAY02693,Female,63,63,98.65,6214.95,Cable,0,No,No,Yes,Yes
CUST02694,CON02694,PAY02694,Female,66,34,47.66,1620.44,Cable,4,No,No,Yes,No
CUST02695,CON02695,PAY02695,Female,30,58,102.83,5964.14,Fiber Optic,4,No,Yes,No,Yes
CUST02696,CON02696,PAY02696,Female,37,63,24.99,1574.37,DSL,1,No,No,Yes,Yes
CUST02697,CON02697,PAY02697,Female,43,66,34.72,2291.52,DSL,0,No,Yes,No,No
CUST02698,CON02698,PAY02698,Female,36,39,100.7,3927.3,Cable,0,Yes,Yes,Yes,No
CUST02699,CON02699,PAY02699,Male,21,32,77.88,2492.16,Fiber Optic,7,Yes,Yes,No,Yes
CUST02700,CON02700,PAY02700,Male,56,61,56.83,3466.63,Cable,8,Yes,Yes,No,No
CUST02701,CON02701,PAY02701,Female,56,72,97.62,7028.64,Fiber Optic,2,Yes,Yes,Yes,Yes
CUST02702,CON02702,PAY02702,Female,56,33,102.36,3377.88,,6,No,No,No,No
CUST02703,CON02703,PAY02703,Female,31,48,60.79,2917.92,Fiber Optic,6,Yes,No,No,Yes
CUST02704,CON02704,PAY02704,Female,73,22,75.44,1659.68,Cable,1,Yes,Yes,No,Yes
CUST02705,CON02705,PAY02705,Male,50,64,77.96,4989.44,Fiber Optic,6,Yes,Yes,Yes,No
CUST02706,CON02706,PAY02706,Female,71,4,47.48,189.92,,2,No,Yes,Yes,No
CUST02707,CON02707,PAY02707,Female,31,38,26.4,1003.2,,2,No,No,No,Yes
CUST02708,CON02708,PAY02708,Female,74,3,26.14,78.42,Cable,1,Yes,Yes,Yes,Yes
CUST02709,CON02709,PAY02709,Male,56,1,78.75,78.75,Fiber Optic,1,No,No,No,No
CUST02710,CON02710,PAY02710,Female,67,21,29.41,617.61,Fiber Optic,0,No,Yes,No,Yes
CUST02711,CON02711,PAY02711,Female,47,30,54.23,1626.9,Fiber Optic,4,Yes,No,Yes,No
CUST02712,CON02712,PAY02712,Female,46,6,55.31,331.86,DSL,4,No,Yes,Yes,No
CUST02713,CON02713,PAY02713,Female,73,3,83.54,250.62,,8,No,No,No,Yes
CUST02714,CON02714,PAY02714,Female,41,5,62.98,314.9,DSL,5,No,Yes,Yes,No
CUST02715,CON02715,PAY02715,Male,66,51,30.36,1548.36,,3,No,Yes,Yes,No
CUST02716,CON02716,PAY02716,Male,66,51,84.5,4309.5,,4,No,No,Yes,Yes
CUST02717,CON02717,PAY02717,Female,31,37,95.64,3538.68,Cable,0,Yes,Yes,Yes,No
CUST02718,CON02718,PAY02718,Female,64,7,27.55,192.85,,2,Yes,No,Yes,No
CUST02719,CON02719,PAY02719,Female,21,49,102.06,5000.94,DSL,8,Yes,Yes,No,Yes
CUST02720,CON02720,PAY02720,Female,48,4,58.21,232.84,DSL,4,Yes,No,Yes,No
CUST02721,CON02721,PAY02721,Male,51,2,104.2,208.4,DSL,5,No,No,No,No
CUST02722,CON02722,PAY02722,Female,46,32,46.04,1473.28,Fiber Optic,4,Yes,No,Yes,No
CUST02723,CON02723,PAY02723,Female,68,25,25.48,637.0,Cable,4,No,Yes,Yes,No
CUST02724,CON02724,PAY02724,Female,60,31,63.04,1954.24,,0,No,No,Yes,Yes
CUST02725,CON02725,PAY02725,Female,39,66,32.79,2164.14,DSL,0,No,Yes,No,No
CUST02726,CON02726,PAY02726,Male,75,8,30.99,247.92,,5,Yes,No,Yes,No
CUST02727,CON02727,PAY02727,Female,66,8,31.49,251.92,,3,Yes,No,Yes,No
CUST02728,CON02728,PAY02728,Female,51,9,27.19,244.71,Fiber Optic,7,No,Yes,Yes,Yes
CUST02729,CON02729,PAY02729,Female,68,27,28.57,771.39,Fiber Optic,1,No,Yes,Yes,Yes
CUST02730,CON02730,PAY02730,Female,40,9,59.41,534.69,DSL,6,No,Yes,Yes,No
CUST02731,CON02731,PAY02731,Female,62,31,58.45,1811.95,,0,No,Yes,Yes,Yes
CUST02732,CON02732,PAY02732,Female,42,50,64.13,3206.5,,3,Yes,Yes,No,No
CUST02733,CON02733,PAY02733,Female,70,34,54.07,1838.38,Cable,2,No,No,Yes,No
CUST02734,CON02734,PAY02734,Female,40,48,58.61,2813.28,,5,Yes,Yes,No,No
CUST02735,CON02735,PAY02735,Male,25,40,54.9,2196.0,Cable,7,Yes,Yes,Yes,Yes
CUST02736,CON02736,PAY02736,Male,56,21,57.8,1213.8,Cable,5,Yes,Yes,Yes,Yes
CUST02737,CON02737,PAY02737,Male,25,42,78.15,3282.3,DSL,3,No,No,No,No
CUST02738,CON02738,PAY02738,Female,68,21,95.88,2013.48,Cable,4,No,No,Yes,No
CUST02739,CON02739,PAY02739,Female,40,6,57.07,342.42,DSL,4,No,Yes,Yes,No
CUST02740,CON02740,PAY02740,Female,69,24,76.48,1835.52,Cable,1,Yes,Yes,No,Yes
CUST02741,CON02741,PAY02741,Female,58,35,97.44,3410.4,,5,No,No,No,No
CUST02742,CON02742,PAY02742,Male,18,22,26.92,592.24,DSL,1,No,Yes,No,Yes
CUST02743,CON02743,PAY02743,Male,18,14,46.27,647.78,Cable,3,Yes,Yes,No,Yes
CUST02744,CON02744,PAY02744,Male,49,65,81.14,5274.1,Fiber Optic,7,Yes,Yes,Yes,No
CUST02745,CON02745,PAY02745,Male,64,60,33.74,2024.4,,1,No,Yes,Yes,No
CUST02746,CON02746,PAY02746,Female,22,46,99.35,4570.1,Cable,2,Yes,Yes,Yes,Yes
CUST02747,CON02747,PAY02747,Female,70,29,60.87,1765.23,Cable,1,Yes,No,Yes,Yes
CUST02748,CON02748,PAY02748,Female,69,44,62.43,2746.92,Fiber Optic,6,No,No,Yes,Yes
CUST02749,CON02749,PAY02749,Female,74,22,79.6,1751.2,Cable,0,Yes,Yes,No,Yes
CUST02750,CON02750,PAY02750,Male,25,40,51.62,2064.8,Cable,9,Yes,Yes,Yes,Yes
CUST02751,CON02751,PAY02751,Male,68,4,80.17,320.68,,1,Yes,No,Yes,Yes
CUST02752,CON02752,PAY02752,Male,53,68,75.08,5105.44,Fiber Optic,6,Yes,Yes,Yes,No
CUST02753,CON02753,PAY02753,Male,76,26,58.5,1521.0,Cable,1,Yes,No,Yes,Yes
CUST02754,CON02754,PAY02754,Female,61,22,84.91,1868.02,DSL,5,Yes,Yes,No,No
CUST02755,CON02755,PAY02755,Female,31,47,61.7,2899.9,Fiber Optic,7,Yes,No,No,Yes
CUST02756,CON02756,PAY02756,Female,67,1,54.6,54.6,,1,No,Yes,Yes,No
CUST02757,CON02757,PAY02757,Male,56,50,100.53,5026.5,Cable,1,No,No,Yes,No
CUST02758,CON02758,PAY02758,Female,40,7,57.57,402.99,DSL,4,No,Yes,Yes,No
CUST02759,CON02759,PAY02759,Male,57,67,62.37,4178.79,Fiber Optic,0,Yes,No,Yes,No
CUST02760,CON02760,PAY02760,Male,73,23,62.46,1436.58,Cable,1,Yes,No,Yes,Yes
CUST02761,CON02761,PAY02761,Male,57,59,60.3,3557.7,Cable,7,Yes,Yes,No,No
CUST02762,CON02762,PAY02762,Female,35,35,99.23,3473.05,Cable,0,Yes,Yes,Yes,No
CUST02763,CON02763,PAY02763,Male,21,39,49.86,1944.54,Cable,7,Yes,Yes,Yes,Yes
CUST02764,CON02764,PAY02764,Female,66,4,54.14,216.56,,2,No,Yes,Yes,No
CUST02765,CON02765,PAY02765,Male,25,43,82.49,3547.07,DSL,4,No,No,No,No
CUST02766,CON02766,PAY02766,Female,47,41,82.27,3373.07,DSL,8,No,No,No,Yes
CUST02767,CON02767,PAY02767,Female,27,10,95.15,951.5,Fiber Optic,1,Yes,Yes,No,No
CUST02768,CON02768,PAY02768,Female,18,63,103.62,6528.06,Fiber Optic,8,No,No,No,Yes
CUST02769,CON02769,PAY02769,Female,65,19,33.64,639.16,Fiber Optic,0,No,Yes,No,Yes
CUST02770,CON02770,PAY02770,Female,61,18,28.63,515.34,Fiber Optic,2,No,Yes,No,Yes
CUST02771,CON02771,PAY02771,Male,27,50,25.11,1255.5,DSL,6,Yes,No,Yes,Yes
CUST02772,CON02772,PAY02772,Male,73,34,77.79,2644.86,Fiber Optic,7,No,No,No,Yes
CUST02773,CON02773,PAY02773,Male,48,65,78.18,5081.7,Fiber Optic,5,Yes,Yes,Yes,No
CUST02774,CON02774,PAY02774,Female,24,17,30.86,524.62,DSL,5,No,No,No,Yes
CUST02775,CON02775,PAY02775,Female,74,2,31.64,63.28,Cable,1,Yes,Yes,Yes,Yes
CUST02776,CON02776,PAY02776,Male,31,25,52.02,1300.5,,0,No,Yes,No,No
CUST02777,CON02777,PAY02777,Female,47,44,84.13,3701.72,DSL,8,No,No,No,Yes
CUST02778,CON02778,PAY02778,Male,21,33,78.08,2576.64,DSL,7,Yes,No,No,No
CUST02779,CON02779,PAY02779,Female,72,28,25.72,720.16,Cable,4,No,Yes,Yes,No
CUST02780,CON02780,PAY02780,Female,39,70,28.23,1976.1,DSL,0,No,Yes,No,No
CUST02781,CON02781,PAY02781,Male,54,3,27.56,82.68,Cable,2,Yes,Yes,No,Yes
CUST02782,CON02782,PAY02782,Male,18,32,51.24,1639.68,,1,No,Yes,Yes,No
CUST02783,CON02783,PAY02783,Female,61,20,31.65,633.0,Fiber Optic,1,No,Yes,No,Yes
CUST02784,CON02784,PAY02784,Female,68,27,29.32,791.64,Fiber Optic,1,No,Yes,Yes,Yes
CUST02785,CON02785,PAY02785,Female,34,58,95.56,5542.48,Fiber Optic,5,No,Yes,No,Yes
CUST02786,CON02786,PAY02786,Female,38,65,25.86,1680.9,DSL,1,No,No,Yes,Yes
CUST02787,CON02787,PAY02787,Female,71,20,95.57,1911.4,Cable,3,No,No,Yes,No
CUST02788,CON02788,PAY02788,Male,69,6,76.14,456.84,,2,Yes,No,Yes,Yes
CUST02789,CON02789,PAY02789,Female,57,69,98.55,6799.95,Fiber Optic,4,Yes,Yes,Yes,Yes
CUST02790,CON02790,PAY02790,Female,54,45,96.29,4333.05,DSL,2,No,No,No,No
CUST02791,CON02791,PAY02791,Male,31,58,34.57,2005.06,Cable,8,Yes,Yes,Yes,Yes
CUST02792,CON02792,PAY02792,Female,77,40,57.17,2286.8,DSL,1,Yes,No,Yes,No
CUST02793,CON02793,PAY02793,Male,55,22,56.27,1237.94,Cable,4,Yes,Yes,Yes,Yes
CUST02794,CON02794,PAY02794,Male,26,43,80.02,3440.86,DSL,3,No,No,No,No
CUST02795,CON02795,PAY02795,Male,32,26,54.65,1420.9,,0,No,Yes,No,No
CUST02796,CON02796,PAY02796,Female,40,8,63.82,510.56,DSL,5,No,Yes,Yes,No
CUST02797,CON02797,PAY02797,Male,61,63,31.77,2001.51,,2,No,Yes,Yes,No
CUST02798,CON02798,PAY02798,Female,71,41,61.88,2537.08,DSL,1,Yes,No,Yes,No
CUST02799,CON02799,PAY02799,Male,22,39,50.33,1962.87,Fiber Optic,2,Yes,No,No,No
CUST02800,CON02800,PAY02800,Female,71,50,60.52,3026.0,Cable,4,Yes,No,Yes,No
CUST02801,CON02801,PAY02801,Female,66,29,59.34,1720.86,,2,No,Yes,Yes,Yes
CUST02802,CON02802,PAY02802,Male,60,70,83.38,5836.6,Fiber Optic,5,No,Yes,Yes,Yes
CUST02803,CON02803,PAY02803,Female,25,24,31.79,762.96,Fiber Optic,0,No,No,No,No
CUST02804,CON02804,PAY02804,Female,40,15,77.68,1165.2,Fiber Optic,1,No,Yes,No,Yes
CUST02805,CON02805,PAY02805,Male,22,36,47.98,1727.28,Fiber Optic,0,Yes,No,No,No
CUST02806,CON02806,PAY02806,Female,52,29,100.51,2914.79,Cable,4,Yes,No,No,Yes
CUST02807,CON02807,PAY02807,Male,56,44,33.55,1476.2,,4,Yes,Yes,No,No
CUST02808,CON02808,PAY02808,Male,18,11,46.4,510.4,Cable,5,Yes,Yes,No,Yes
CUST02809,CON02809,PAY02809,Male,68,45,60.99,2744.55,Cable,6,No,Yes,No,Yes
CUST02810,CON02810,PAY02810,Male,23,47,26.35,1238.45,DSL,4,Yes,No,Yes,Yes
CUST02811,CON02811,PAY02811,Female,55,23,77.61,1785.03,DSL,4,Yes,Yes,No,No
CUST02812,CON02812,PAY02812,Male,26,25,78.44,1961.0,Cable,1,No,No,Yes,No
CUST02813,CON02813,PAY02813,Female,55,66,31.47,2077.02,Cable,5,Yes,No,Yes,Yes
CUST02814,CON02814,PAY02814,Male,58,3,84.34,253.02,Fiber Optic,0,No,No,No,No
CUST02815,CON02815,PAY02815,Female,66,20,100.3,2006.0,Cable,4,No,No,Yes,No
CUST02816,CON02816,PAY02816,Male,51,60,61.73,3703.8,Cable,8,Yes,Yes,No,No
CUST02817,CON02817,PAY02817,Male,73,6,28.32,169.92,,5,Yes,No,Yes,No
CUST02818,CON02818,PAY02818,Male,30,36,61.62,2218.32,Fiber Optic,0,No,No,No,Yes
CUST02819,CON02819,PAY02819,Male,66,61,33.48,2042.28,,1,No,Yes,Yes,No
CUST02820,CON02820,PAY02820,Male,58,70,84.31,5901.7,Fiber Optic,4,No,Yes,Yes,Yes
CUST02821,CON02821,PAY02821,Female,62,69,80.76,5572.44,,6,Yes,No,No,Yes
CUST02822,CON02822,PAY02822,Female,65,4,31.26,125.04,,3,Yes,No,Yes,No
CUST02823,CON02823,PAY02823,Female,26,61,53.18,3243.98,Cable,1,No,Yes,Yes,No
CUST02824,CON02824,PAY02824,Male,49,3,101.36,304.08,DSL,5,No,No,No,No
CUST02825,CON02825,PAY02825,Male,69,5,27.19,135.95,,6,Yes,No,Yes,No
CUST02826,CON02826,PAY02826,Female,51,33,29.23,964.59,,5,No,No,Yes,Yes
CUST02827,CON02827,PAY02827,Female,71,28,25.2,705.6,Cable,6,No,Yes,Yes,No
CUST02828,CON02828,PAY02828,Male,51,49,100.17,4908.33,Cable,2,No,No,Yes,No
CUST02829,CON02829,PAY02829,Female,29,61,52.48,3201.28,Cable,2,No,Yes,Yes,No
CUST02830,CON02830,PAY02830,Female,46,13,84.9,1103.7,Fiber Optic,1,No,Yes,No,Yes
CUST02831,CON02831,PAY02831,Female,39,70,30.47,2132.9,DSL,0,No,Yes,No,No
CUST02832,CON02832,PAY02832,Male,18,11,54.7,601.7,Cable,3,Yes,Yes,No,Yes
CUST02833,CON02833,PAY02833,Female,67,23,34.93,803.39,Fiber Optic,0,No,Yes,Yes,Yes
CUST02834,CON02834,PAY02834,Male,35,13,77.31,1005.03,DSL,2,Yes,No,Yes,No
CUST02835,CON02835,PAY02835,Female,18,46,98.96,4552.16,Cable,2,Yes,Yes,Yes,Yes
CUST02836,CON02836,PAY02836,Male,61,67,76.66,5136.22,Fiber Optic,4,No,Yes,Yes,Yes
CUST02837,CON02837,PAY02837,Male,25,72,84.08,6053.76,DSL,5,No,No,No,No
CUST02838,CON02838,PAY02838,Female,24,70,48.14,3369.8,DSL,7,No,No,No,Yes
CUST02839,CON02839,PAY02839,Male,56,42,25.21,1058.82,,4,Yes,Yes,No,No
CUST02840,CON02840,PAY02840,Male,57,3,62.53,187.59,Cable,4,Yes,Yes,No,No
CUST02841,CON02841,PAY02841,Male,32,4,57.0,228.0,,9,No,No,Yes,No
CUST02842,CON02842,PAY02842,Male,39,47,60.72,2853.84,Fiber Optic,8,No,No,Yes,No
CUST02843,CON02843,PAY02843,Male,73,22,102.5,2255.0,,4,Yes,Yes,Yes,No
CUST02844,CON02844,PAY02844,Female,22,17,25.76,437.92,DSL,5,No,No,No,Yes
CUST02845,CON02845,PAY02845,Male,35,15,77.45,1161.75,DSL,0,Yes,No,Yes,No
CUST02846,CON02846,PAY02846,Female,21,47,96.98,4558.06,DSL,8,Yes,Yes,No,Yes
CUST02847,CON02847,PAY02847,Female,19,6,97.18,583.08,,1,No,Yes,Yes,No
CUST02848,CON02848,PAY02848,Male,49,55,60.87,3347.85,Cable,2,No,Yes,No,No
CUST02849,CON02849,PAY02849,Female,32,35,101.55,3554.25,Cable,0,Yes,Yes,Yes,No
CUST02850,CON02850,PAY02850,Male,73,23,63.01,1449.23,Cable,1,Yes,No,Yes,Yes
CUST02851,CON02851,PAY02851,Male,54,59,55.05,3247.95,Cable,9,Yes,Yes,No,No
CUST02852,CON02852,PAY02852,Male,35,17,83.64,1421.88,DSL,2,Yes,No,Yes,No
CUST02853,CON02853,PAY02853,Male,33,4,63.49,253.96,,9,No,No,Yes,No
CUST02854,CON02854,PAY02854,Male,61,60,28.79,1727.4,,1,No,Yes,Yes,No
CUST02855,CON02855,PAY02855,Female,54,33,47.99,1583.67,DSL,7,Yes,Yes,No,Yes
CUST02856,CON02856,PAY02856,Male,74,21,55.78,1171.38,DSL,1,No,Yes,No,No
CUST02857,CON02857,PAY02857,Male,28,46,27.24,1253.04,DSL,5,Yes,No,Yes,Yes
CUST02858,CON02858,PAY02858,Male,32,14,76.21,1066.94,DSL,1,Yes,No,Yes,No
CUST02859,CON02859,PAY02859,Male,72,22,63.21,1390.62,DSL,1,No,Yes,No,No
CUST02860,CON02860,PAY02860,Male,65,60,82.23,4933.8,Cable,1,No,No,No,No
CUST02861,CON02861,PAY02861,Female,74,2,79.86,159.72,,8,No,No,No,Yes
CUST02862,CON02862,PAY02862,Female,56,22,76.1,1674.2,DSL,3,Yes,Yes,No,No
CUST02863,CON02863,PAY02863,Female,77,39,61.92,2414.88,DSL,1,Yes,No,Yes,No
CUST02864,CON02864,PAY02864,Female,71,71,47.35,3361.85,Cable,0,No,No,Yes,Yes
CUST02865,CON02865,PAY02865,Female,70,2,82.89,165.78,,6,No,No,No,Yes
CUST02866,CON02866,PAY02866,Female,72,49,60.73,2975.77,Cable,5,Yes,No,Yes,No
CUST02867,CON02867,PAY02867,Female,47,29,102.59,2975.11,Cable,4,Yes,No,No,Yes
CUST02868,CON02868,PAY02868,Female,47,30,48.71,1461.3,Fiber Optic,4,Yes,No,Yes,No
CUST02869,CON02869,PAY02869,Male,21,36,80.57,2900.52,DSL,8,Yes,No,No,No
CUST02870,CON02870,PAY02870,Male,46,5,98.09,490.45,DSL,7,No,No,No,No
CUST02871,CON02871,PAY02871,Female,72,2,45.91,91.82,,1,No,Yes,Yes,No
CUST02872,CON02872,PAY02872,Female,33,50,28.61,1430.5,Fiber Optic,7,No,Yes,No,Yes
CUST02873,CON02873,PAY02873,Female,25,19,32.84,623.96,DSL,6,No,No,No,Yes
CUST02874,CON02874,PAY02874,Male,36,25,50.92,1273.0,,0,No,Yes,No,No
CUST02875,CON02875,PAY02875,Female,56,24,77.54,1860.96,DSL,4,Yes,Yes,No,No
CUST02876,CON02876,PAY02876,Male,31,4,55.28,221.12,,9,No,No,Yes,No
CUST02877,CON02877,PAY02877,Male,54,68,84.8,5766.4,Fiber Optic,6,Yes,Yes,Yes,No
CUST02878,CON02878,PAY02878,Male,69,22,104.5,2299.0,,4,Yes,Yes,Yes,No
CUST02879,CON02879,PAY02879,Male,71,7,82.49,577.43,,0,Yes,No,Yes,Yes
CUST02880,CON02880,PAY02880,Male,33,26,46.45,1207.7,,0,No,Yes,No,No
CUST02881,CON02881,PAY02881,Female,58,22,80.52,1771.44,DSL,3,Yes,Yes,No,No
CUST02882,CON02882,PAY02882,Male,25,33,81.34,2684.22,Fiber Optic,7,Yes,Yes,No,Yes
CUST02883,CON02883,PAY02883,Male,50,4,33.76,135.04,Cable,1,Yes,Yes,No,Yes
CUST02884,CON02884,PAY02884,Female,32,50,27.43,1371.5,Fiber Optic,5,No,Yes,No,Yes
CUST02885,CON02885,PAY02885,Male,33,51,51.25,2613.75,Fiber Optic,8,No,Yes,No,Yes
CUST02886,CON02886,PAY02886,Male,69,60,79.28,4756.8,Cable,0,No,No,No,No
CUST02887,CON02887,PAY02887,Male,20,52,25.07,1303.64,DSL,0,No,No,Yes,Yes
CUST02888,CON02888,PAY02888,Male,72,7,26.98,188.86,,5,Yes,No,Yes,No
CUST02889,CON02889,PAY02889,Female,46,4,60.15,240.6,DSL,5,Yes,No,Yes,No
CUST02890,CON02890,PAY02890,Male,53,43,27.16,1167.88,,5,Yes,Yes,No,No
CUST02891,CON02891,PAY02891,Male,67,60,77.07,4624.2,Cable,0,No,No,No,No
CUST02892,CON02892,PAY02892,Male,31,59,31.92,1883.28,Cable,7,Yes,Yes,Yes,Yes
CUST02893,CON02893,PAY02893,Female,40,67,26.18,1754.06,DSL,1,No,Yes,No,No
CUST02894,CON02894,PAY02894,Male,23,35,51.46,1801.1,Fiber Optic,0,Yes,No,No,No
CUST02895,CON02895,PAY02895,Female,52,34,30.89,1050.26,,5,No,No,Yes,Yes
CUST02896,CON02896,PAY02896,Female,66,29,31.48,912.92,Cable,4,No,Yes,Yes,No
CUST02897,CON02897,PAY02897,Male,18,29,50.33,1459.57,,2,No,Yes,Yes,No
CUST02898,CON02898,PAY02898,Male,36,18,62.62,1127.16,Fiber Optic,5,No,No,No,Yes
CUST02899,CON02899,PAY02899,Female,25,24,29.09,698.16,Fiber Optic,0,No,No,No,No
CUST02900,CON02900,PAY02900,Male,56,29,104.71,3036.59,,9,Yes,No,Yes,No
CUST02901,CON02901,PAY02901,Female,68,25,26.41,660.25,Fiber Optic,0,No,Yes,Yes,Yes
CUST02902,CON02902,PAY02902,Female,35,38,99.23,3770.74,Cable,0,Yes,Yes,Yes,No
CUST02903,CON02903,PAY02903,Female,71,52,64.17,3336.84,Cable,4,Yes,No,Yes,No
CUST02904,CON02904,PAY02904,Male,36,44,57.01,2508.44,Fiber Optic,7,No,No,Yes,No
CUST02905,CON02905,PAY02905,Female,66,6,26.78,160.68,,2,Yes,No,Yes,No
CUST02906,CON02906,PAY02906,Female,46,6,61.14,366.84,DSL,4,Yes,No,Yes,No
CUST02907,CON02907,PAY02907,Male,72,5,84.5,422.5,,2,Yes,No,Yes,Yes
CUST02908,CON02908,PAY02908,Male,52,32,98.27,3144.64,,9,Yes,No,Yes,No
CUST02909,CON02909,PAY02909,Male,26,43,78.09,3357.87,DSL,3,No,No,No,No
CUST02910,CON02910,PAY02910,Female,22,71,48.08,3413.68,DSL,8,No,No,No,Yes
CUST02911,CON02911,PAY02911,Female,62,30,55.35,1660.5,,1,No,No,Yes,Yes
CUST02912,CON02912,PAY02912,Female,68,21,104.08,2185.68,Cable,2,No,No,Yes,No
CUST02913,CON02913,PAY02913,Female,43,31,47.61,1475.91,Fiber Optic,4,Yes,No,Yes,No
CUST02914,CON02914,PAY02914,Female,49,45,83.23,3745.35,DSL,8,No,No,No,Yes
CUST02915,CON02915,PAY02915,Female,54,66,34.68,2288.88,Cable,3,Yes,No,Yes,Yes
CUST02916,CON02916,PAY02916,Male,18,30,54.37,1631.1,,1,No,Yes,Yes,No
CUST02917,CON02917,PAY02917,Male,54,62,62.97,3904.14,Cable,9,Yes,Yes,No,No
CUST02918,CON02918,PAY02918,Male,75,22,58.04,1276.88,DSL,1,No,Yes,No,No
CUST02919,CON02919,PAY02919,Male,54,21,63.79,1339.59,Cable,6,Yes,Yes,Yes,Yes
CUST02920,CON02920,PAY02920,Female,49,32,98.86,3163.52,Cable,4,Yes,No,No,Yes
CUST02921,CON02921,PAY02921,Female,32,35,97.69,3419.15,Cable,1,Yes,Yes,Yes,No
CUST02922,CON02922,PAY02922,Female,53,72,103.14,7426.08,Fiber Optic,2,Yes,Yes,Yes,Yes
CUST02923,CON02923,PAY02923,Male,68,58,78.53,4554.74,Cable,0,No,No,No,No
CUST02924,CON02924,PAY02924,Male,69,44,57.91,2548.04,Cable,7,No,Yes,No,Yes
CUST02925,CON02925,PAY02925,Male,77,37,79.81,2952.97,Fiber Optic,7,No,No,No,Yes
CUST02926,CON02926,PAY02926,Female,34,38,97.03,3687.14,Cable,0,Yes,Yes,Yes,No
CUST02927,CON02927,PAY02927,Female,22,18,29.0,522.0,DSL,5,No,No,No,Yes
CUST02928,CON02928,PAY02928,Female,68,25,31.63,790.75,Fiber Optic,1,No,Yes,Yes,Yes
CUST02929,CON02929,PAY02929,Male,69,50,78.8,3940.0,,6,No,No,Yes,Yes
CUST02930,CON02930,PAY02930,Male,58,20,62.55,1251.0,Cable,5,Yes,Yes,Yes,Yes
CUST02931,CON02931,PAY02931,Male,28,33,62.17,2051.61,Fiber Optic,2,No,No,No,Yes
CUST02932,CON02932,PAY02932,Male,65,59,29.83,1759.97,,1,No,Yes,Yes,No
CUST02933,CON02933,PAY02933,Male,56,5,56.06,280.3,Cable,5,Yes,Yes,No,No
CUST02934,CON02934,PAY02934,Male,36,21,59.79,1255.59,Fiber Optic,3,No,No,No,Yes
CUST02935,CON02935,PAY02935,Female,51,33,95.8,3161.4,Cable,3,Yes,No,No,Yes
CUST02936,CON02936,PAY02936,Male,74,25,62.48,1562.0,Cable,0,Yes,No,Yes,Yes
CUST02937,CON02937,PAY02937,Female,69,1,50.7,50.7,,3,No,Yes,Yes,No
CUST02938,CON02938,PAY02938,Male,73,21,99.87,2097.27,,5,Yes,Yes,Yes,No
CUST02939,CON02939,PAY02939,Female,27,14,103.54,1449.56,Fiber Optic,2,Yes,Yes,No,No
CUST02940,CON02940,PAY02940,Male,74,25,55.88,1397.0,DSL,0,No,Yes,No,No
CUST02941,CON02941,PAY02941,Female,59,31,95.8,2969.8,,5,No,No,No,No
CUST02942,CON02942,PAY02942,Male,24,35,78.75,2756.25,Fiber Optic,8,Yes,Yes,No,Yes
CUST02943,CON02943,PAY02943,Male,56,32,97.14,3108.48,,9,Yes,No,Yes,No
CUST02944,CON02944,PAY02944,Female,62,68,82.04,5578.72,,5,Yes,No,No,Yes
CUST02945,CON02945,PAY02945,Female,63,8,28.78,230.24,,2,Yes,No,Yes,No
CUST02946,CON02946,PAY02946,Male,60,68,55.87,3799.16,Fiber Optic,0,Yes,No,Yes,No
CUST02947,CON02947,PAY02947,Male,66,58,84.82,4919.56,Cable,0,No,No,No,No
CUST02948,CON02948,PAY02948,Male,33,7,61.72,432.04,,8,No,No,Yes,No
CUST02949,CON02949,PAY02949,Female,56,69,103.87,7167.03,Fiber Optic,2,Yes,Yes,Yes,Yes
CUST02950,CON02950,PAY02950,Male,34,48,58.91,2827.68,Fiber Optic,9,No,No,Yes,No
CUST02951,CON02951,PAY02951,Female,44,44,80.57,3545.08,DSL,8,No,No,No,Yes
CUST02952,CON02952,PAY02952,Female,71,51,55.42,2826.42,Cable,4,Yes,No,Yes,No
CUST02953,CON02953,PAY02953,Male,69,22,97.31,2140.82,,6,Yes,Yes,Yes,No
CUST02954,CON02954,PAY02954,Female,69,2,78.55,157.1,,6,No,No,No,Yes
CUST02955,CON02955,PAY02955,Male,47,58,64.19,3723.02,Cable,2,No,Yes,No,No
CUST02956,CON02956,PAY02956,Male,51,3,27.97,83.91,Cable,1,Yes,Yes,No,Yes
CUST02957,CON02957,PAY02957,Male,52,47,48.08,2259.76,,2,No,No,Yes,No
CUST02958,CON02958,PAY02958,Male,26,44,79.49,3497.56,DSL,5,No,No,No,No
CUST02959,CON02959,PAY02959,Male,61,66,55.56,3666.96,Fiber Optic,0,Yes,No,Yes,No
CUST02960,CON02960,PAY02960,Female,58,24,82.41,1977.84,DSL,3,Yes,Yes,No,No
CUST02961,CON02961,PAY02961,Female,61,21,32.45,681.45,Fiber Optic,0,No,Yes,No,Yes
CUST02962,CON02962,PAY02962,Male,77,34,78.03,2653.02,Fiber Optic,7,No,No,No,Yes
CUST02963,CON02963,PAY02963,Male,27,35,52.79,1847.65,Fiber Optic,1,Yes,No,No,No
CUST02964,CON02964,PAY02964,Male,55,47,102.24,4805.28,Cable,2,No,No,Yes,No
CUST02965,CON02965,PAY02965,Male,71,6,31.2,187.2,,5,Yes,No,Yes,No
CUST02966,CON02966,PAY02966,Female,58,26,81.64,2122.64,DSL,5,Yes,Yes,No,No
CUST02967,CON02967,PAY02967,Male,58,23,59.91,1377.93,Cable,6,Yes,Yes,Yes,Yes
CUST02968,CON02968,PAY02968,Female,49,44,103.7,4562.8,DSL,1,No,No,No,No
CUST02969,CON02969,PAY02969,Male,21,55,33.1,1820.5,DSL,0,No,No,Yes,Yes
CUST02970,CON02970,PAY02970,Female,57,72,77.17,5556.24,,4,Yes,No,No,Yes
CUST02971,CON02971,PAY02971,Female,61,50,64.29,3214.5,,6,Yes,Yes,No,No
CUST02972,CON02972,PAY02972,Male,69,54,29.18,1575.72,,3,No,Yes,Yes,No
CUST02973,CON02973,PAY02973,Female,54,33,54.23,1789.59,DSL,6,Yes,Yes,No,Yes
CUST02974,CON02974,PAY02974,Female,29,38,31.83,1209.54,,1,No,No,No,Yes
CUST02975,CON02975,PAY02975,Male,65,60,25.22,1513.2,,1,No,Yes,Yes,No
CUST02976,CON02976,PAY02976,Female,35,64,25.6,1638.4,DSL,3,No,No,Yes,Yes
CUST02977,CON02977,PAY02977,Female,21,61,100.93,6156.73,Fiber Optic,6,No,No,No,Yes
CUST02978,CON02978,PAY02978,Female,18,46,103.27,4750.42,Cable,2,Yes,Yes,Yes,Yes
CUST02979,CON02979,PAY02979,Female,52,12,25.07,300.84,Fiber Optic,6,No,Yes,Yes,Yes
CUST02980,CON02980,PAY02980,Female,61,26,79.16,2058.16,DSL,4,Yes,Yes,No,No
CUST02981,CON02981,PAY02981,Female,19,63,103.41,6514.83,Fiber Optic,8,No,No,No,Yes
CUST02982,CON02982,PAY02982,Female,41,14,84.9,1188.6,Fiber Optic,2,No,Yes,No,Yes
CUST02983,CON02983,PAY02983,Female,69,2,50.95,101.9,,3,No,Yes,Yes,No
CUST02984,CON02984,PAY02984,Female,18,59,95.8,5652.2,Fiber Optic,8,No,No,No,Yes
CUST02985,CON02985,PAY02985,Male,70,44,58.12,2557.28,Cable,6,No,Yes,No,Yes
CUST02986,CON02986,PAY02986,Female,71,5,83.7,418.5,,7,No,No,No,Yes
CUST02987,CON02987,PAY02987,Male,55,58,63.07,3658.06,Cable,8,Yes,Yes,No,No
CUST02988,CON02988,PAY02988,Female,59,31,100.0,3100.0,,6,No,No,No,No
CUST02989,CON02989,PAY02989,Male,67,21,103.17,2166.57,,6,Yes,Yes,Yes,No
CUST02990,CON02990,PAY02990,Male,32,13,76.67,996.71,DSL,1,Yes,No,Yes,No
CUST02991,CON02991,PAY02991,Male,27,28,83.63,2341.64,Cable,0,No,No,Yes,No
CUST02992,CON02992,PAY02992,Male,49,4,101.05,404.2,DSL,5,No,No,No,No
CUST02993,CON02993,PAY02993,Female,20,69,48.99,3380.31,DSL,6,No,No,No,Yes
CUST02994,CON02994,PAY02994,Female,71,4,54.48,217.92,,1,No,Yes,Yes,No
CUST02995,CON02995,PAY02995,Male,52,64,78.17,5002.88,Fiber Optic,5,Yes,Yes,Yes,No
CUST02996,CON02996,PAY02996,Female,71,38,64.07,2434.66,DSL,0,Yes,No,Yes,No
CUST02997,CON02997,PAY02997,Male,73,46,60.97,2804.62,Cable,8,No,Yes,No,Yes
CUST02998,CON02998,PAY02998,Female,21,44,98.79,4346.76,Cable,2,Yes,Yes,Yes,Yes
CUST02999,CON02999,PAY02999,Male,51,3,27.97,83.91,Cable,2,Yes,Yes,No,Yes
CUST03000,CON03000,PAY03000,Male,54,59,55.29,3262.11,Cable,7,Yes,Yes,No,No
CUST03001,CON03001,PAY03001,Female,36,62,33.07,2050.34,DSL,1,No,No,Yes,Yes
CUST03002,CON03002,PAY03002,Male,57,22,57.09,1255.98,Cable,5,Yes,Yes,Yes,Yes
CUST03003,CON03003,PAY03003,Male,33,16,76.24,1219.84,DSL,2,Yes,No,Yes,No
CUST03004,CON03004,PAY03004,Female,59,72,103.05,7419.6,Fiber Optic,3,Yes,Yes,Yes,Yes
CUST03005,CON03005,PAY03005,Male,56,68,26.47,1799.96,Cable,3,No,No,No,Yes
CUST03006,CON03006,PAY03006,Male,31,45,84.94,3822.3,DSL,4,No,No,No,No
CUST03007,CON03007,PAY03007,Male,28,35,50.88,1780.8,Fiber Optic,0,Yes,No,No,No
CUST03008,CON03008,PAY03008,Female,68,23,29.87,687.01,Fiber Optic,1,No,Yes,Yes,Yes
CUST03009,CON03009,PAY03009,Female,67,48,55.18,2648.64,Cable,5,Yes,No,Yes,No
CUST03010,CON03010,PAY03010,Male,67,60,77.06,4623.6,Cable,1,No,No,No,No
CUST03011,CON03011,PAY03011,Male,66,53,82.49,4371.97,,5,No,No,Yes,Yes
CUST03012,CON03012,PAY03012,Female,33,46,58.49,2690.54,Fiber Optic,7,Yes,No,No,Yes
CUST03013,CON03013,PAY03013,Female,32,37,31.42,1162.54,,1,No,No,No,Yes
CUST03014,CON03014,PAY03014,Female,25,13,98.12,1275.56,Fiber Optic,3,Yes,Yes,No,No
CUST03015,CON03015,PAY03015,Female,67,31,61.64,1910.84,Cable,2,Yes,No,Yes,Yes
CUST03016,CON03016,PAY03016,Male,48,48,46.71,2242.08,,4,No,No,Yes,No
CUST03017,CON03017,PAY03017,Male,54,68,29.79,2025.72,Cable,5,No,No,No,Yes
CUST03018,CON03018,PAY03018,Male,75,24,57.88,1389.12,DSL,0,No,Yes,No,No
CUST03019,CON03019,PAY03019,Male,18,15,49.65,744.75,Cable,4,Yes,Yes,No,Yes
CUST03020,CON03020,PAY03020,Female,48,2,62.6,125.2,DSL,5,Yes,No,Yes,No
CUST03021,CON03021,PAY03021,Male,26,45,80.39,3617.55,DSL,5,No,No,No,No
CUST03022,CON03022,PAY03022,Female,66,20,34.12,682.4,Fiber Optic,0,No,Yes,No,Yes
CUST03023,CON03023,PAY03023,Female,70,22,97.14,2137.08,Cable,3,No,No,Yes,No
CUST03024,CON03024,PAY03024,Male,35,14,79.81,1117.34,DSL,2,Yes,No,Yes,No
CUST03025,CON03025,PAY03025,Male,35,51,49.25,2511.75,Fiber Optic,7,No,Yes,No,Yes
CUST03026,CON03026,PAY03026,Male,71,55,32.54,1789.7,,4,No,Yes,Yes,No
CUST03027,CON03027,PAY03027,Female,62,31,58.74,1820.94,,1,No,No,Yes,Yes
CUST03028,CON03028,PAY03028,Female,33,35,103.78,3632.3,Cable,0,Yes,Yes,Yes,No
CUST03029,CON03029,PAY03029,Female,71,4,77.96,311.84,,6,No,No,No,Yes
CUST03030,CON03030,PAY03030,Female,63,27,58.48,1578.96,,1,No,Yes,Yes,Yes
CUST03031,CON03031,PAY03031,Female,51,29,100.86,2924.94,Cable,3,Yes,No,No,Yes
CUST03032,CON03032,PAY03032,Male,53,30,102.32,3069.6,,8,Yes,No,Yes,No
CUST03033,CON03033,PAY03033,Female,46,7,56.77,397.39,DSL,4,No,Yes,Yes,No
CUST03034,CON03034,PAY03034,Male,48,57,62.79,3579.03,Cable,0,No,Yes,No,No
CUST03035,CON03035,PAY03035,Female,24,67,51.15,3427.05,DSL,6,No,No,No,Yes
CUST03036,CON03036,PAY03036,Male,25,49,33.65,1648.85,DSL,5,Yes,No,Yes,Yes
CUST03037,CON03037,PAY03037,Male,29,6,61.63,369.78,,9,No,No,Yes,No
CUST03038,CON03038,PAY03038,Female,60,33,97.77,3226.41,,6,No,No,No,No
CUST03039,CON03039,PAY03039,Male,23,70,77.02,5391.4,DSL,5,No,No,No,No
CUST03040,CON03040,PAY03040,Male,76,36,75.24,2708.64,Fiber Optic,5,No,No,No,Yes
CUST03041,CON03041,PAY03041,Male,54,66,82.74,5460.84,Fiber Optic,5,Yes,Yes,Yes,No
CUST03042,CON03042,PAY03042,Male,33,45,56.26,2531.7,Fiber Optic,8,No,No,Yes,No
CUST03043,CON03043,PAY03043,Female,59,22,77.78,1711.16,DSL,3,Yes,Yes,No,No
CUST03044,CON03044,PAY03044,Male,69,6,79.4,476.4,,2,Yes,No,Yes,Yes
CUST03045,CON03045,PAY03045,Male,39,61,102.97,6281.17,,5,Yes,No,Yes,Yes
CUST03046,CON03046,PAY03046,Female,52,33,52.83,1743.39,DSL,6,Yes,Yes,No,Yes
CUST03047,CON03047,PAY03047,Female,56,72,99.7,7178.4,Fiber Optic,3,Yes,Yes,Yes,Yes
CUST03048,CON03048,PAY03048,Male,19,33,79.34,2618.22,Fiber Optic,7,Yes,Yes,No,Yes
CUST03049,CON03049,PAY03049,Female,71,45,62.15,2796.75,Fiber Optic,8,No,No,Yes,Yes
CUST03050,CON03050,PAY03050,Female,21,10,102.29,1022.9,,1,No,Yes,Yes,No
CUST03051,CON03051,PAY03051,Male,33,59,34.8,2053.2,Cable,6,Yes,Yes,Yes,Yes
CUST03052,CON03052,PAY03052,Male,68,57,84.69,4827.33,Cable,1,No,No,No,No
CUST03053,CON03053,PAY03053,Female,47,44,81.45,3583.8,DSL,7,No,No,No,Yes
CUST03054,CON03054,PAY03054,Male,51,4,33.39,133.56,Cable,2,Yes,Yes,No,Yes
CUST03055,CON03055,PAY03055,Male,32,51,53.82,2744.82,Fiber Optic,7,No,Yes,No,Yes
CUST03056,CON03056,PAY03056,Female,45,5,57.31,286.55,DSL,6,No,Yes,Yes,No
CUST03057,CON03057,PAY03057,Female,67,38,53.6,2036.8,Cable,2,No,No,Yes,No
CUST03058,CON03058,PAY03058,Male,20,33,49.27,1625.91,,1,No,Yes,Yes,No
CUST03059,CON03059,PAY03059,Female,43,12,81.62,979.44,Fiber Optic,3,No,Yes,No,Yes
CUST03060,CON03060,PAY03060,Male,18,29,54.39,1577.31,,1,No,Yes,Yes,No
CUST03061,CON03061,PAY03061,Female,46,6,58.1,348.6,DSL,5,Yes,No,Yes,No
CUST03062,CON03062,PAY03062,Female,72,2,75.76,151.52,,8,No,No,No,Yes
CUST03063,CON03063,PAY03063,Female,23,62,95.39,5914.18,Fiber Optic,8,No,No,No,Yes
CUST03064,CON03064,PAY03064,Male,73,25,62.0,1550.0,Cable,1,Yes,No,Yes,Yes
CUST03065,CON03065,PAY03065,Female,41,5,63.67,318.35,DSL,4,No,Yes,Yes,No
CUST03066,CON03066,PAY03066,Male,48,1,31.65,31.65,Cable,2,Yes,Yes,No,Yes
CUST03067,CON03067,PAY03067,Female,76,70,46.1,3227.0,Cable,1,No,No,Yes,Yes
CUST03068,CON03068,PAY03068,Male,70,7,76.06,532.42,,0,Yes,No,Yes,Yes
CUST03069,CON03069,PAY03069,Male,19,36,50.29,1810.44,Cable,7,Yes,Yes,Yes,Yes
CUST03070,CON03070,PAY03070,Male,73,37,83.84,3102.08,Fiber Optic,6,No,No,No,Yes
CUST03071,CON03071,PAY03071,Female,55,72,101.76,7326.72,Fiber Optic,2,Yes,Yes,Yes,Yes
CUST03072,CON03072,PAY03072,Female,50,11,32.82,361.02,Fiber Optic,6,No,Yes,Yes,Yes
CUST03073,CON03073,PAY03073,Male,70,21,100.3,2106.3,,5,Yes,Yes,Yes,No
CUST03074,CON03074,PAY03074,Male,52,51,104.19,5313.69,Cable,0,No,No,Yes,No
CUST03075,CON03075,PAY03075,Female,56,66,29.21,1927.86,Cable,5,Yes,No,Yes,Yes
CUST03076,CON03076,PAY03076,Male,73,5,31.59,157.95,,6,Yes,No,Yes,No
CUST03077,CON03077,PAY03077,Male,71,5,78.59,392.95,,2,Yes,No,Yes,Yes
CUST03078,CON03078,PAY03078,Male,24,49,26.93,1319.57,DSL,4,Yes,No,Yes,Yes
CUST03079,CON03079,PAY03079,Female,59,72,76.55,5511.6,,6,Yes,No,No,Yes
CUST03080,CON03080,PAY03080,Female,67,4,29.41,117.64,,3,Yes,No,Yes,No
CUST03081,CON03081,PAY03081,Female,53,65,31.19,2027.35,Cable,4,Yes,No,Yes,Yes
CUST03082,CON03082,PAY03082,Male,68,59,77.6,4578.4,Cable,0,No,No,No,No
CUST03083,CON03083,PAY03083,Female,70,29,56.45,1637.05,Cable,0,Yes,No,Yes,Yes
CUST03084,CON03084,PAY03084,Female,55,34,33.31,1132.54,,3,No,No,Yes,Yes
CUST03085,CON03085,PAY03085,Male,32,47,53.14,2497.58,Fiber Optic,8,No,Yes,No,Yes
CUST03086,CON03086,PAY03086,Male,73,7,79.91,559.37,,1,Yes,No,Yes,Yes
CUST03087,CON03087,PAY03087,Female,64,4,26.39,105.56,,3,Yes,No,Yes,No
CUST03088,CON03088,PAY03088,Male,56,62,64.42,3994.04,Cable,7,Yes,Yes,No,No
CUST03089,CON03089,PAY03089,Female,66,4,27.86,111.44,,2,Yes,No,Yes,No
CUST03090,CON03090,PAY03090,Male,67,53,26.91,1426.23,,4,No,Yes,Yes,No
CUST03091,CON03091,PAY03091,Male,47,54,56.97,3076.38,Cable,2,No,Yes,No,No
CUST03092,CON03092,PAY03092,Male,24,38,52.17,1982.46,Cable,8,Yes,Yes,Yes,Yes
CUST03093,CON03093,PAY03093,Female,67,24,33.85,812.4,Fiber Optic,0,No,Yes,Yes,Yes
CUST03094,CON03094,PAY03094,Female,64,5,29.32,146.6,,4,Yes,No,Yes,No
CUST03095,CON03095,PAY03095,Female,52,42,99.55,4181.1,DSL,1,No,No,No,No
CUST03096,CON03096,PAY03096,Male,35,25,97.52,2438.0,Fiber Optic,2,Yes,No,Yes,Yes
CUST03097,CON03097,PAY03097,Male,26,46,32.3,1485.8,DSL,5,Yes,No,Yes,Yes
CUST03098,CON03098,PAY03098,Female,56,34,34.58,1175.72,,5,No,No,Yes,Yes
CUST03099,CON03099,PAY03099,Male,30,3,62.76,188.28,,9,No,No,Yes,No
CUST03100,CON03100,PAY03100,Female,58,66,31.71,2092.86,Cable,3,Yes,No,Yes,Yes
CUST03101,CON03101,PAY03101,Male,31,17,76.2,1295.4,DSL,1,Yes,No,Yes,No
CUST03102,CON03102,PAY03102,Male,18,11,46.71,513.81,Cable,3,Yes,Yes,No,Yes
CUST03103,CON03103,PAY03103,Male,36,45,63.78,2870.1,Fiber Optic,9,No,No,Yes,No
CUST03104,CON03104,PAY03104,Female,72,39,62.8,2449.2,DSL,0,Yes,No,Yes,No
CUST03105,CON03105,PAY03105,Male,56,67,26.19,1754.73,Cable,5,No,No,No,Yes
CUST03106,CON03106,PAY03106,Female,39,46,58.18,2676.28,,4,Yes,Yes,No,No
CUST03107,CON03107,PAY03107,Female,61,29,59.65,1729.85,,1,No,Yes,Yes,Yes
CUST03108,CON03108,PAY03108,Male,68,45,55.97,2518.65,Cable,8,No,Yes,No,Yes
CUST03109,CON03109,PAY03109,Male,29,48,30.76,1476.48,DSL,5,Yes,No,Yes,Yes
CUST03110,CON03110,PAY03110,Male,23,26,78.43,2039.18,Cable,1,No,No,Yes,No
CUST03111,CON03111,PAY03111,Male,34,13,76.04,988.52,DSL,2,Yes,No,Yes,No
CUST03112,CON03112,PAY03112,Male,73,25,61.98,1549.5,DSL,1,No,Yes,No,No
CUST03113,CON03113,PAY03113,Male,55,5,62.76,313.8,Cable,3,Yes,Yes,No,No
CUST03114,CON03114,PAY03114,Male,72,52,26.06,1355.12,,5,No,Yes,Yes,No
CUST03115,CON03115,PAY03115,Male,50,56,61.85,3463.6,Cable,1,No,Yes,No,No
CUST03116,CON03116,PAY03116,Male,61,59,34.59,2040.81,,1,No,Yes,Yes,No
CUST03117,CON03117,PAY03117,Female,52,30,26.92,807.6,,3,No,No,Yes,Yes
CUST03118,CON03118,PAY03118,Female,40,14,82.92,1160.88,Fiber Optic,3,No,Yes,No,Yes
CUST03119,CON03119,PAY03119,Female,71,38,47.97,1822.86,Cable,3,No,No,Yes,No
CUST03120,CON03120,PAY03120,Female,20,10,103.29,1032.9,,3,No,Yes,Yes,No
CUST03121,CON03121,PAY03121,Male,19,12,48.61,583.32,Cable,3,Yes,Yes,No,Yes
CUST03122,CON03122,PAY03122,Male,63,63,32.28,2033.64,,1,No,Yes,Yes,No
CUST03123,CON03123,PAY03123,Female,66,20,33.58,671.6,Fiber Optic,0,No,Yes,No,Yes
CUST03124,CON03124,PAY03124,Male,56,58,58.95,3419.1,Cable,7,Yes,Yes,No,No
CUST03125,CON03125,PAY03125,Male,58,65,56.09,3645.85,Fiber Optic,0,Yes,No,Yes,No
CUST03126,CON03126,PAY03126,Male,71,37,79.7,2948.9,Fiber Optic,6,No,No,No,Yes
CUST03127,CON03127,PAY03127,Female,53,44,98.83,4348.52,DSL,1,No,No,No,No
CUST03128,CON03128,PAY03128,Male,21,32,75.48,2415.36,Fiber Optic,7,Yes,Yes,No,Yes
CUST03129,CON03129,PAY03129,Female,18,6,102.26,613.56,,2,No,Yes,Yes,No
CUST03130,CON03130,PAY03130,Female,48,33,104.18,3437.94,Cable,4,Yes,No,No,Yes
CUST03131,CON03131,PAY03131,Male,53,50,100.95,5047.5,Cable,2,No,No,Yes,No
CUST03132,CON03132,PAY03132,Male,30,28,103.97,2911.16,Fiber Optic,4,Yes,No,Yes,Yes
CUST03133,CON03133,PAY03133,Male,34,63,97.73,6156.99,,5,Yes,No,Yes,Yes
CUST03134,CON03134,PAY03134,Female,60,50,58.26,2913.0,,7,Yes,Yes,No,No
CUST03135,CON03135,PAY03135,Female,44,9,55.96,503.64,DSL,5,No,Yes,Yes,No
CUST03136,CON03136,PAY03136,Female,72,22,82.85,1822.7,Cable,0,Yes,Yes,No,Yes
CUST03137,CON03137,PAY03137,Female,26,59,47.93,2827.87,Cable,0,No,Yes,Yes,No
CUST03138,CON03138,PAY03138,Male,63,61,28.0,1708.0,,1,No,Yes,Yes,No
CUST03139,CON03139,PAY03139,Female,47,2,57.63,115.26,DSL,3,Yes,No,Yes,No
CUST03140,CON03140,PAY03140,Male,54,66,26.33,1737.78,Cable,3,No,No,No,Yes
CUST03141,CON03141,PAY03141,Female,31,58,97.79,5671.82,Fiber Optic,5,No,Yes,No,Yes
CUST03142,CON03142,PAY03142,Female,57,33,98.47,3249.51,,7,No,No,No,No
CUST03143,CON03143,PAY03143,Male,22,27,79.6,2149.2,Cable,0,No,No,Yes,No
CUST03144,CON03144,PAY03144,Male,27,44,83.72,3683.68,DSL,3,No,No,No,No
CUST03145,CON03145,PAY03145,Female,41,62,33.17,2056.54,DSL,1,No,No,Yes,Yes
CUST03146,CON03146,PAY03146,Male,40,21,56.77,1192.17,Fiber Optic,5,No,No,No,Yes
CUST03147,CON03147,PAY03147,Male,34,6,63.16,378.96,,8,No,No,Yes,No
CUST03148,CON03148,PAY03148,Female,56,23,82.7,1902.1,DSL,3,Yes,Yes,No,No
CUST03149,CON03149,PAY03149,Male,34,45,55.33,2489.85,Fiber Optic,7,No,No,Yes,No
CUST03150,CON03150,PAY03150,Male,48,64,75.16,4810.24,Fiber Optic,5,Yes,Yes,Yes,No
CUST03151,CON03151,PAY03151,Female,31,38,100.41,3815.58,Cable,1,Yes,Yes,Yes,No
CUST03152,CON03152,PAY03152,Male,34,20,61.1,1222.0,Fiber Optic,4,No,No,No,Yes
CUST03153,CON03153,PAY03153,Male,61,61,31.58,1926.38,,1,No,Yes,Yes,No
CUST03154,CON03154,PAY03154,Male,32,28,102.33,2865.24,Fiber Optic,4,Yes,No,Yes,Yes
CUST03155,CON03155,PAY03155,Female,66,25,27.45,686.25,Fiber Optic,0,No,Yes,Yes,Yes
CUST03156,CON03156,PAY03156,Male,34,16,83.19,1331.04,DSL,0,Yes,No,Yes,No
CUST03157,CON03157,PAY03157,Male,70,24,60.38,1449.12,Cable,0,Yes,No,Yes,Yes
CUST03158,CON03158,PAY03158,Male,31,26,97.33,2530.58,Fiber Optic,3,Yes,No,Yes,Yes
CUST03159,CON03159,PAY03159,Female,60,29,60.38,1751.02,,0,No,Yes,Yes,Yes
CUST03160,CON03160,PAY03160,Male,58,23,61.74,1420.02,Cable,5,Yes,Yes,Yes,Yes
CUST03161,CON03161,PAY03161,Male,21,29,50.9,1476.1,,3,No,Yes,Yes,No
CUST03162,CON03162,PAY03162,Male,74,4,29.7,118.8,,5,Yes,No,Yes,No
CUST03163,CON03163,PAY03163,Female,55,22,77.9,1713.8,DSL,3,Yes,Yes,No,No
CUST03164,CON03164,PAY03164,Male,31,50,45.4,2270.0,Fiber Optic,9,No,Yes,No,Yes
CUST03165,CON03165,PAY03165,Male,34,7,61.97,433.79,,9,No,No,Yes,No
CUST03166,CON03166,PAY03166,Male,31,27,54.19,1463.13,,0,No,Yes,No,No
CUST03167,CON03167,PAY03167,Female,51,41,95.6,3919.6,DSL,2,No,No,No,No
CUST03168,CON03168,PAY03168,Female,54,34,51.25,1742.5,DSL,5,Yes,Yes,No,Yes
CUST03169,CON03169,PAY03169,Female,67,38,48.37,1838.06,Cable,3,No,No,Yes,No
CUST03170,CON03170,PAY03170,Female,18,46,103.03,4739.38,Cable,3,Yes,Yes,Yes,Yes
CUST03171,CON03171,PAY03171,Male,56,45,25.51,1147.95,,5,Yes,Yes,No,No
CUST03172,CON03172,PAY03172,Male,20,51,29.97,1528.47,DSL,1,No,No,Yes,Yes
CUST03173,CON03173,PAY03173,Male,64,62,33.59,2082.58,,2,No,Yes,Yes,No
CUST03174,CON03174,PAY03174,Female,30,12,101.11,1213.32,Fiber Optic,1,Yes,Yes,No,No
CUST03175,CON03175,PAY03175,Male,27,36,60.8,2188.8,Fiber Optic,0,No,No,No,Yes
CUST03176,CON03176,PAY03176,Male,18,13,52.49,682.37,Cable,5,Yes,Yes,No,Yes
CUST03177,CON03177,PAY03177,Male,33,60,104.84,6290.4,,5,Yes,No,Yes,Yes
CUST03178,CON03178,PAY03178,Female,72,1,46.17,46.17,,2,No,Yes,Yes,No
CUST03179,CON03179,PAY03179,Female,62,62,102.55,6358.1,Cable,0,No,No,Yes,Yes
CUST03180,CON03180,PAY03180,Male,51,48,49.79,2389.92,,4,No,No,Yes,No
CUST03181,CON03181,PAY03181,Female,46,42,77.4,3250.8,DSL,6,No,No,No,Yes
CUST03182,CON03182,PAY03182,Female,29,54,61.26,3308.04,Fiber Optic,4,No,No,Yes,Yes
CUST03183,CON03183,PAY03183,Male,26,36,57.56,2072.16,Fiber Optic,0,No,No,No,Yes
CUST03184,CON03184,PAY03184,Female,29,56,58.37,3268.72,Fiber Optic,4,No,No,Yes,Yes
CUST03185,CON03185,PAY03185,Female,44,33,48.15,1588.95,Fiber Optic,3,Yes,No,Yes,No
CUST03186,CON03186,PAY03186,Female,55,51,56.59,2886.09,,6,Yes,Yes,No,No
CUST03187,CON03187,PAY03187,Male,55,3,56.7,170.1,Cable,5,Yes,Yes,No,No
CUST03188,CON03188,PAY03188,Female,53,31,96.47,2990.57,Cable,4,Yes,No,No,Yes
CUST03189,CON03189,PAY03189,Female,72,22,76.11,1674.42,Cable,1,Yes,Yes,No,Yes
CUST03190,CON03190,PAY03190,Female,68,25,27.75,693.75,Cable,6,No,Yes,Yes,No
CUST03191,CON03191,PAY03191,Female,27,18,33.94,610.92,DSL,6,No,No,No,Yes
CUST03192,CON03192,PAY03192,Male,23,50,27.16,1358.0,DSL,6,Yes,No,Yes,Yes
CUST03193,CON03193,PAY03193,Male,49,3,31.23,93.69,Cable,2,Yes,Yes,No,Yes
CUST03194,CON03194,PAY03194,Female,31,55,61.92,3405.6,Fiber Optic,3,No,No,Yes,Yes
CUST03195,CON03195,PAY03195,Female,30,36,99.6,3585.6,Cable,0,Yes,Yes,Yes,No
CUST03196,CON03196,PAY03196,Female,63,27,58.05,1567.35,,1,No,Yes,Yes,Yes
CUST03197,CON03197,PAY03197,Female,50,44,96.02,4224.88,DSL,0,No,No,No,No
CUST03198,CON03198,PAY03198,Female,77,40,58.06,2322.4,DSL,0,Yes,No,Yes,No
CUST03199,CON03199,PAY03199,Female,29,36,33.67,1212.12,,3,No,No,No,Yes
CUST03200,CON03200,PAY03200,Male,53,42,27.78,1166.76,,5,Yes,Yes,No,No
CUST03201,CON03201,PAY03201,Female,67,30,57.55,1726.5,Cable,2,Yes,No,Yes,Yes
CUST03202,CON03202,PAY03202,Female,65,27,63.53,1715.31,,0,No,No,Yes,Yes
CUST03203,CON03203,PAY03203,Female,30,44,56.68,2493.92,Fiber Optic,7,Yes,No,No,Yes
CUST03204,CON03204,PAY03204,Female,45,15,79.26,1188.9,Fiber Optic,3,No,Yes,No,Yes
CUST03205,CON03205,PAY03205,Male,55,43,33.35,1434.05,,4,Yes,Yes,No,No
CUST03206,CON03206,PAY03206,Female,50,45,80.1,3604.5,DSL,7,No,No,No,Yes
CUST03207,CON03207,PAY03207,Male,36,17,58.21,989.57,Fiber Optic,3,No,No,No,Yes
CUST03208,CON03208,PAY03208,Male,70,7,83.57,584.99,,1,Yes,No,Yes,Yes
CUST03209,CON03209,PAY03209,Female,57,36,53.09,1911.24,DSL,5,Yes,Yes,No,Yes
CUST03210,CON03210,PAY03210,Male,18,24,32.77,786.48,DSL,1,No,Yes,No,Yes
CUST03211,CON03211,PAY03211,Male,47,56,62.02,3473.12,Cable,0,No,Yes,No,No
CUST03212,CON03212,PAY03212,Male,74,7,30.27,211.89,,6,Yes,No,Yes,No
CUST03213,CON03213,PAY03213,Male,73,44,57.52,2530.88,Cable,7,No,Yes,No,Yes
CUST03214,CON03214,PAY03214,Female,19,46,101.41,4664.86,DSL,8,Yes,Yes,No,Yes
CUST03215,CON03215,PAY03215,Male,68,4,84.7,338.8,,0,Yes,No,Yes,Yes
CUST03216,CON03216,PAY03216,Male,52,32,104.6,3347.2,,9,Yes,No,Yes,No
CUST03217,CON03217,PAY03217,Male,72,22,99.1,2180.2,,4,Yes,Yes,Yes,No
CUST03218,CON03218,PAY03218,Male,59,45,28.88,1299.6,,5,Yes,Yes,No,No
CUST03219,CON03219,PAY03219,Female,71,21,76.35,1603.35,Cable,1,Yes,Yes,No,Yes
CUST03220,CON03220,PAY03220,Female,70,2,50.77,101.54,,3,No,Yes,Yes,No
CUST03221,CON03221,PAY03221,Male,57,47,103.66,4872.02,Cable,1,No,No,Yes,No
CUST03222,CON03222,PAY03222,Female,39,47,60.56,2846.32,,4,Yes,Yes,No,No
CUST03223,CON03223,PAY03223,Male,52,4,98.69,394.76,DSL,6,No,No,No,No
CUST03224,CON03224,PAY03224,Female,57,33,28.47,939.51,,4,No,No,Yes,Yes
CUST03225,CON03225,PAY03225,Female,50,45,104.86,4718.7,DSL,0,No,No,No,No
CUST03226,CON03226,PAY03226,Female,29,37,30.25,1119.25,,1,No,No,No,Yes
CUST03227,CON03227,PAY03227,Male,55,59,62.35,3678.65,Cable,8,Yes,Yes,No,No
CUST03228,CON03228,PAY03228,Female,77,72,54.91,3953.52,Cable,2,No,No,Yes,Yes
CUST03229,CON03229,PAY03229,Male,18,13,49.95,649.35,Cable,3,Yes,Yes,No,Yes
CUST03230,CON03230,PAY03230,Female,69,46,60.72,2793.12,Fiber Optic,8,No,No,Yes,Yes
CUST03231,CON03231,PAY03231,Female,47,45,82.94,3732.3,DSL,7,No,No,No,Yes
CUST03232,CON03232,PAY03232,Male,24,35,82.23,2878.05,Fiber Optic,8,Yes,Yes,No,Yes
CUST03233,CON03233,PAY03233,Male,30,42,75.84,3185.28,DSL,4,No,No,No,No
CUST03234,CON03234,PAY03234,Female,32,53,64.87,3438.11,Fiber Optic,3,No,No,Yes,Yes
CUST03235,CON03235,PAY03235,Male,73,7,79.5,556.5,,1,Yes,No,Yes,Yes
CUST03236,CON03236,PAY03236,Female,44,41,81.17,3327.97,DSL,7,No,No,No,Yes
CUST03237,CON03237,PAY03237,Male,55,3,60.65,181.95,Cable,3,Yes,Yes,No,No
CUST03238,CON03238,PAY03238,Female,33,47,58.19,2734.93,Fiber Optic,6,Yes,No,No,Yes
CUST03239,CON03239,PAY03239,Male,35,60,97.24,5834.4,,5,Yes,No,Yes,Yes
CUST03240,CON03240,PAY03240,Female,71,48,61.07,2931.36,Cable,6,Yes,No,Yes,No
CUST03241,CON03241,PAY03241,Male,67,18,103.07,1855.26,,5,Yes,Yes,Yes,No
CUST03242,CON03242,PAY03242,Male,25,40,48.09,1923.6,Cable,9,Yes,Yes,Yes,Yes
CUST03243,CON03243,PAY03243,Female,33,39,27.97,1090.83,,3,No,No,No,Yes
CUST03244,CON03244,PAY03244,Male,25,44,75.35,3315.4,DSL,3,No,No,No,No
CUST03245,CON03245,PAY03245,Female,72,25,81.12,2028.0,Cable,0,Yes,Yes,No,Yes
CUST03246,CON03246,PAY03246,Female,21,46,97.25,4473.5,Cable,4,Yes,Yes,Yes,Yes
CUST03247,CON03247,PAY03247,Male,58,32,98.67,3157.44,,7,Yes,No,Yes,No
CUST03248,CON03248,PAY03248,Male,72,8,28.32,226.56,,5,Yes,No,Yes,No
CUST03249,CON03249,PAY03249,Male,31,7,61.53,430.71,,9,No,No,Yes,No
CUST03250,CON03250,PAY03250,Female,30,10,99.28,992.8,Fiber Optic,2,Yes,Yes,No,No
CUST03251,CON03251,PAY03251,Female,26,16,25.37,405.92,DSL,6,No,No,No,Yes
CUST03252,CON03252,PAY03252,Female,23,60,99.83,5989.8,Fiber Optic,6,No,No,No,Yes
CUST03253,CON03253,PAY03253,Female,70,6,84.33,505.98,,8,No,No,No,Yes
CUST03254,CON03254,PAY03254,Male,67,3,84.63,253.89,,2,Yes,No,Yes,Yes
CUST03255,CON03255,PAY03255,Male,19,38,50.79,1930.02,Cable,8,Yes,Yes,Yes,Yes
CUST03256,CON03256,PAY03256,Male,74,21,61.59,1293.39,DSL,0,No,Yes,No,No
CUST03257,CON03257,PAY03257,Female,73,50,56.93,2846.5,Cable,4,Yes,No,Yes,No
CUST03258,CON03258,PAY03258,Male,34,26,46.13,1199.38,,0,No,Yes,No,No
CUST03259,CON03259,PAY03259,Male,54,1,32.26,32.26,Cable,3,Yes,Yes,No,Yes
CUST03260,CON03260,PAY03260,Female,58,59,99.47,5868.73,Cable,0,No,No,Yes,Yes
CUST03261,CON03261,PAY03261,Female,22,47,101.75,4782.25,DSL,7,Yes,Yes,No,Yes
CUST03262,CON03262,PAY03262,Female,34,57,98.2,5597.4,Fiber Optic,6,No,Yes,No,Yes
CUST03263,CON03263,PAY03263,Female,51,32,98.58,3154.56,Cable,3,Yes,No,No,Yes
CUST03264,CON03264,PAY03264,Male,36,60,101.74,6104.4,,5,Yes,No,Yes,Yes
CUST03265,CON03265,PAY03265,Female,72,18,103.64,1865.52,Cable,2,No,No,Yes,No
CUST03266,CON03266,PAY03266,Female,56,33,26.85,886.05,,3,No,No,Yes,Yes
CUST03267,CON03267,PAY03267,Female,70,50,60.95,3047.5,Cable,5,Yes,No,Yes,No
CUST03268,CON03268,PAY03268,Female,51,33,34.01,1122.33,,5,No,No,Yes,Yes
CUST03269,CON03269,PAY03269,Male,50,2,30.24,60.48,Cable,3,Yes,Yes,No,Yes
CUST03270,CON03270,PAY03270,Female,66,17,31.25,531.25,Fiber Optic,0,No,Yes,No,Yes
CUST03271,CON03271,PAY03271,Male,18,22,26.04,572.88,DSL,0,No,Yes,No,Yes
CUST03272,CON03272,PAY03272,Male,60,69,34.71,2394.99,Cable,4,No,No,No,Yes
CUST03273,CON03273,PAY03273,Male,38,44,60.07,2643.08,Fiber Optic,8,No,No,Yes,No
CUST03274,CON03274,PAY03274,Female,69,22,77.96,1715.12,Cable,0,Yes,Yes,No,Yes
CUST03275,CON03275,PAY03275,Male,71,22,102.61,2257.42,,6,Yes,Yes,Yes,No
CUST03276,CON03276,PAY03276,Female,28,38,29.53,1122.14,,1,No,No,No,Yes
CUST03277,CON03277,PAY03277,Female,35,48,32.37,1553.76,Fiber Optic,5,No,Yes,No,Yes
CUST03278,CON03278,PAY03278,Male,57,31,100.73,3122.63,,7,Yes,No,Yes,No
CUST03279,CON03279,PAY03279,Female,43,49,59.76,2928.24,,4,Yes,Yes,No,No
CUST03280,CON03280,PAY03280,Female,67,26,33.27,865.02,Fiber Optic,1,No,Yes,Yes,Yes
CUST03281,CON03281,PAY03281,Female,64,31,56.95,1765.45,,1,No,No,Yes,Yes
CUST03282,CON03282,PAY03282,Female,71,45,64.37,2896.65,Fiber Optic,6,No,No,Yes,Yes
CUST03283,CON03283,PAY03283,Male,20,37,75.58,2796.46,DSL,7,Yes,No,No,No
CUST03284,CON03284,PAY03284,Female,56,32,25.3,809.6,,3,No,No,Yes,Yes
CUST03285,CON03285,PAY03285,Female,22,49,103.89,5090.61,DSL,7,Yes,Yes,No,Yes
CUST03286,CON03286,PAY03286,Male,76,21,56.05,1177.05,DSL,0,No,Yes,No,No
CUST03287,CON03287,PAY03287,Male,18,33,81.96,2704.68,DSL,7,Yes,No,No,No
CUST03288,CON03288,PAY03288,Female,18,48,104.18,5000.64,Cable,3,Yes,Yes,Yes,Yes
CUST03289,CON03289,PAY03289,Male,20,35,75.9,2656.5,Fiber Optic,8,Yes,Yes,No,Yes
CUST03290,CON03290,PAY03290,Male,59,68,84.03,5714.04,Fiber Optic,5,No,Yes,Yes,Yes
CUST03291,CON03291,PAY03291,Female,52,30,98.54,2956.2,Cable,3,Yes,No,No,Yes
CUST03292,CON03292,PAY03292,Male,58,29,102.94,2985.26,,9,Yes,No,Yes,No
CUST03293,CON03293,PAY03293,Male,72,52,32.56,1693.12,,5,No,Yes,Yes,No
CUST03294,CON03294,PAY03294,Male,68,46,61.48,2828.08,Cable,6,No,Yes,No,Yes
CUST03295,CON03295,PAY03295,Male,29,46,33.49,1540.54,DSL,6,Yes,No,Yes,Yes
CUST03296,CON03296,PAY03296,Female,31,56,102.26,5726.56,Fiber Optic,4,No,Yes,No,Yes
CUST03297,CON03297,PAY03297,Female,63,31,57.19,1772.89,,1,No,No,Yes,Yes
CUST03298,CON03298,PAY03298,Female,28,38,31.27,1188.26,,1,No,No,No,Yes
CUST03299,CON03299,PAY03299,Female,46,30,53.89,1616.7,Fiber Optic,4,Yes,No,Yes,No
CUST03300,CON03300,PAY03300,Female,63,68,83.35,5667.8,,5,Yes,No,No,Yes
CUST03301,CON03301,PAY03301,Male,74,26,57.19,1486.94,Cable,0,Yes,No,Yes,Yes
CUST03302,CON03302,PAY03302,Female,64,27,62.17,1678.59,,0,No,No,Yes,Yes
CUST03303,CON03303,PAY03303,Female,71,44,55.64,2448.16,Fiber Optic,6,No,No,Yes,Yes
CUST03304,CON03304,PAY03304,Female,62,4,30.61,122.44,,4,Yes,No,Yes,No
CUST03305,CON03305,PAY03305,Female,72,70,49.44,3460.8,Cable,1,No,No,Yes,Yes
CUST03306,CON03306,PAY03306,Male,20,36,80.35,2892.6,DSL,9,Yes,No,No,No
CUST03307,CON03307,PAY03307,Female,21,63,104.41,6577.83,Fiber Optic,7,No,No,No,Yes
CUST03308,CON03308,PAY03308,Male,19,36,80.99,2915.64,Fiber Optic,8,Yes,Yes,No,Yes
CUST03309,CON03309,PAY03309,Male,29,42,75.08,3153.36,DSL,3,No,No,No,No
CUST03310,CON03310,PAY03310,Male,18,12,51.81,621.72,Cable,3,Yes,Yes,No,Yes
CUST03311,CON03311,PAY03311,Male,35,19,59.67,1133.73,Fiber Optic,3,No,No,No,Yes
CUST03312,CON03312,PAY03312,Male,19,34,77.64,2639.76,Fiber Optic,8,Yes,Yes,No,Yes
CUST03313,CON03313,PAY03313,Male,56,41,33.65,1379.65,,4,Yes,Yes,No,No
CUST03314,CON03314,PAY03314,Male,25,34,78.34,2663.56,Fiber Optic,7,Yes,Yes,No,Yes
CUST03315,CON03315,PAY03315,Female,22,68,45.65,3104.2,DSL,7,No,No,No,Yes
CUST03316,CON03316,PAY03316,Male,29,56,34.87,1952.72,Cable,8,Yes,Yes,Yes,Yes
CUST03317,CON03317,PAY03317,Female,41,64,28.14,1800.96,DSL,2,No,No,Yes,Yes
CUST03318,CON03318,PAY03318,Female,60,31,57.0,1767.0,,1,No,No,Yes,Yes
CUST03319,CON03319,PAY03319,Female,44,12,83.1,997.2,Fiber Optic,1,No,Yes,No,Yes
CUST03320,CON03320,PAY03320,Female,72,36,46.92,1689.12,Cable,2,No,No,Yes,No
CUST03321,CON03321,PAY03321,Female,49,41,98.54,4040.14,DSL,2,No,No,No,No
CUST03322,CON03322,PAY03322,Male,57,60,57.22,3433.2,Cable,9,Yes,Yes,No,No
CUST03323,CON03323,PAY03323,Female,18,46,95.66,4400.36,Cable,2,Yes,Yes,Yes,Yes
CUST03324,CON03324,PAY03324,Male,39,17,64.86,1102.62,Fiber Optic,4,No,No,No,Yes
CUST03325,CON03325,PAY03325,Male,68,19,103.35,1963.65,,6,Yes,Yes,Yes,No
CUST03326,CON03326,PAY03326,Male,48,45,51.5,2317.5,,4,No,No,Yes,No
CUST03327,CON03327,PAY03327,Female,73,2,30.71,61.42,Cable,2,Yes,Yes,Yes,Yes
CUST03328,CON03328,PAY03328,Male,51,6,64.55,387.3,Cable,5,Yes,Yes,No,No
CUST03329,CON03329,PAY03329,Female,66,21,26.48,556.08,Fiber Optic,0,No,Yes,No,Yes
CUST03330,CON03330,PAY03330,Male,35,21,56.67,1190.07,Fiber Optic,4,No,No,No,Yes
CUST03331,CON03331,PAY03331,Female,70,5,77.28,386.4,,7,No,No,No,Yes
CUST03332,CON03332,PAY03332,Male,25,33,81.19,2679.27,Fiber Optic,8,Yes,Yes,No,Yes
CUST03333,CON03333,PAY03333,Male,73,22,102.22,2248.84,,4,Yes,Yes,Yes,No
CUST03334,CON03334,PAY03334,Male,69,51,83.32,4249.32,,6,No,No,Yes,Yes
CUST03335,CON03335,PAY03335,Female,63,17,34.81,591.77,Fiber Optic,0,No,Yes,No,Yes
CUST03336,CON03336,PAY03336,Male,46,48,50.48,2423.04,,4,No,No,Yes,No
CUST03337,CON03337,PAY03337,Female,45,12,78.61,943.32,Fiber Optic,1,No,Yes,No,Yes
CUST03338,CON03338,PAY03338,Female,29,10,99.89,998.9,Fiber Optic,3,Yes,Yes,No,No
CUST03339,CON03339,PAY03339,Female,64,6,26.27,157.62,,3,Yes,No,Yes,No
CUST03340,CON03340,PAY03340,Female,67,38,51.74,1966.12,Cable,3,No,No,Yes,No
CUST03341,CON03341,PAY03341,Female,71,22,95.94,2110.68,Cable,3,No,No,Yes,No
CUST03342,CON03342,PAY03342,Female,33,36,97.49,3509.64,Cable,0,Yes,Yes,Yes,No
CUST03343,CON03343,PAY03343,Female,30,40,25.59,1023.6,,1,No,No,No,Yes
CUST03344,CON03344,PAY03344,Male,35,7,62.73,439.11,,8,No,No,Yes,No
CUST03345,CON03345,PAY03345,Male,18,30,48.62,1458.6,,3,No,Yes,Yes,No
CUST03346,CON03346,PAY03346,Female,26,19,25.07,476.33,DSL,7,No,No,No,Yes
CUST03347,CON03347,PAY03347,Female,70,49,58.31,2857.19,Cable,4,Yes,No,Yes,No
CUST03348,CON03348,PAY03348,Female,77,72,50.22,3615.84,Cable,2,No,No,Yes,Yes
CUST03349,CON03349,PAY03349,Female,32,52,55.38,2879.76,Fiber Optic,2,No,No,Yes,Yes
CUST03350,CON03350,PAY03350,Female,48,41,84.28,3455.48,DSL,7,No,No,No,Yes
CUST03351,CON03351,PAY03351,Male,27,50,25.48,1274.0,DSL,5,Yes,No,Yes,Yes
CUST03352,CON03352,PAY03352,Male,38,62,102.98,6384.76,,6,Yes,No,Yes,Yes
CUST03353,CON03353,PAY03353,Female,71,38,63.71,2420.98,DSL,0,Yes,No,Yes,No
CUST03354,CON03354,PAY03354,Male,68,59,81.5,4808.5,Cable,0,No,No,No,No
CUST03355,CON03355,PAY03355,Male,25,36,52.61,1893.96,Cable,8,Yes,Yes,Yes,Yes
CUST03356,CON03356,PAY03356,Male,74,48,56.92,2732.16,Cable,6,No,Yes,No,Yes
CUST03357,CON03357,PAY03357,Female,59,62,101.38,6285.56,Cable,1,No,No,Yes,Yes
CUST03358,CON03358,PAY03358,Female,62,59,99.46,5868.14,Cable,1,No,No,Yes,Yes
CUST03359,CON03359,PAY03359,Female,57,50,59.9,2995.0,,6,Yes,Yes,No,No
CUST03360,CON03360,PAY03360,Male,34,25,50.44,1261.0,,1,No,Yes,No,No
CUST03361,CON03361,PAY03361,Female,40,47,62.39,2932.33,,4,Yes,Yes,No,No
CUST03362,CON03362,PAY03362,Female,68,52,58.76,3055.52,Cable,6,Yes,No,Yes,No
CUST03363,CON03363,PAY03363,Female,36,64,26.46,1693.44,DSL,1,No,No,Yes,Yes
CUST03364,CON03364,PAY03364,Male,51,1,29.96,29.96,Cable,2,Yes,Yes,No,Yes
CUST03365,CON03365,PAY03365,Male,31,7,60.27,421.89,,9,No,No,Yes,No
CUST03366,CON03366,PAY03366,Female,71,70,53.8,3766.0,Cable,2,No,No,Yes,Yes
CUST03367,CON03367,PAY03367,Female,24,16,27.89,446.24,DSL,6,No,No,No,Yes
CUST03368,CON03368,PAY03368,Male,32,51,47.11,2402.61,Fiber Optic,9,No,Yes,No,Yes
CUST03369,CON03369,PAY03369,Female,44,45,76.59,3446.55,DSL,7,No,No,No,Yes
CUST03370,CON03370,PAY03370,Male,18,31,49.19,1524.89,,1,No,Yes,Yes,No
CUST03371,CON03371,PAY03371,Female,32,60,98.12,5887.2,Fiber Optic,4,No,Yes,No,Yes
CUST03372,CON03372,PAY03372,Male,20,33,79.87,2635.71,DSL,7,Yes,No,No,No
CUST03373,CON03373,PAY03373,Female,61,27,64.83,1750.41,,2,No,Yes,Yes,Yes
CUST03374,CON03374,PAY03374,Male,58,68,57.82,3931.76,Fiber Optic,1,Yes,No,Yes,No
CUST03375,CON03375,PAY03375,Female,48,29,52.96,1535.84,Fiber Optic,5,Yes,No,Yes,No
CUST03376,CON03376,PAY03376,Female,61,68,80.28,5459.04,,4,Yes,No,No,Yes
CUST03377,CON03377,PAY03377,Female,29,59,103.72,6119.48,Fiber Optic,5,No,Yes,No,Yes
CUST03378,CON03378,PAY03378,Female,54,34,28.21,959.14,,3,No,No,Yes,Yes
CUST03379,CON03379,PAY03379,Male,56,30,104.44,3133.2,,8,Yes,No,Yes,No
CUST03380,CON03380,PAY03380,Male,52,2,96.81,193.62,DSL,5,No,No,No,No
CUST03381,CON03381,PAY03381,Female,70,42,56.32,2365.44,Fiber Optic,7,No,No,Yes,Yes
CUST03382,CON03382,PAY03382,Female,63,31,59.43,1842.33,,0,No,Yes,Yes,Yes
CUST03383,CON03383,PAY03383,Male,54,68,33.38,2269.84,Cable,5,No,No,No,Yes
CUST03384,CON03384,PAY03384,Male,71,7,29.78,208.46,,6,Yes,No,Yes,No
CUST03385,CON03385,PAY03385,Male,28,57,33.63,1916.91,Cable,8,Yes,Yes,Yes,Yes
CUST03386,CON03386,PAY03386,Male,63,67,83.91,5621.97,Fiber Optic,6,No,Yes,Yes,Yes
CUST03387,CON03387,PAY03387,Male,30,5,61.03,305.15,,9,No,No,Yes,No
CUST03388,CON03388,PAY03388,Female,18,48,102.57,4923.36,DSL,7,Yes,Yes,No,Yes
CUST03389,CON03389,PAY03389,Male,53,62,61.82,3832.84,Cable,8,Yes,Yes,No,No
CUST03390,CON03390,PAY03390,Female,30,61,52.28,3189.08,Cable,0,No,Yes,Yes,No
CUST03391,CON03391,PAY03391,Male,71,22,63.68,1400.96,DSL,2,No,Yes,No,No
CUST03392,CON03392,PAY03392,Female,24,68,46.88,3187.84,DSL,6,No,No,No,Yes
CUST03393,CON03393,PAY03393,Male,54,61,55.32,3374.52,Cable,9,Yes,Yes,No,No
CUST03394,CON03394,PAY03394,Female,19,59,99.33,5860.47,Fiber Optic,6,No,No,No,Yes
CUST03395,CON03395,PAY03395,Male,76,26,58.51,1521.26,Cable,0,Yes,No,Yes,Yes
CUST03396,CON03396,PAY03396,Female,69,28,60.22,1686.16,Cable,2,Yes,No,Yes,Yes
CUST03397,CON03397,PAY03397,Male,34,17,57.7,980.9,Fiber Optic,5,No,No,No,Yes
CUST03398,CON03398,PAY03398,Male,53,50,98.15,4907.5,Cable,2,No,No,Yes,No
CUST03399,CON03399,PAY03399,Female,76,39,61.12,2383.68,DSL,1,Yes,No,Yes,No
CUST03400,CON03400,PAY03400,Male,28,60,25.35,1521.0,Cable,7,Yes,Yes,Yes,Yes
CUST03401,CON03401,PAY03401,Female,31,56,58.02,3249.12,Fiber Optic,3,No,No,Yes,Yes
CUST03402,CON03402,PAY03402,Female,50,31,100.87,3126.97,Cable,3,Yes,No,No,Yes
CUST03403,CON03403,PAY03403,Female,66,46,63.97,2942.62,Fiber Optic,8,No,No,Yes,Yes
CUST03404,CON03404,PAY03404,Male,26,71,78.56,5577.76,DSL,6,No,No,No,No
CUST03405,CON03405,PAY03405,Male,25,37,50.63,1873.31,Cable,8,Yes,Yes,Yes,Yes
CUST03406,CON03406,PAY03406,Male,73,5,34.96,174.8,,4,Yes,No,Yes,No
CUST03407,CON03407,PAY03407,Female,22,8,96.27,770.16,,2,No,Yes,Yes,No
CUST03408,CON03408,PAY03408,Female,66,19,26.79,509.01,Fiber Optic,1,No,Yes,No,Yes
CUST03409,CON03409,PAY03409,Male,18,22,34.98,769.56,DSL,0,No,Yes,No,Yes
CUST03410,CON03410,PAY03410,Female,77,70,50.7,3549.0,Cable,1,No,No,Yes,Yes
CUST03411,CON03411,PAY03411,Female,57,48,58.85,2824.8,,6,Yes,Yes,No,No
CUST03412,CON03412,PAY03412,Male,71,21,96.75,2031.75,,5,Yes,Yes,Yes,No
CUST03413,CON03413,PAY03413,Female,55,72,100.89,7264.08,Fiber Optic,4,Yes,Yes,Yes,Yes
CUST03414,CON03414,PAY03414,Female,70,29,57.64,1671.56,Cable,1,Yes,No,Yes,Yes
CUST03415,CON03415,PAY03415,Female,30,40,25.06,1002.4,,1,No,No,No,Yes
CUST03416,CON03416,PAY03416,Female,72,3,53.04,159.12,,3,No,Yes,Yes,No
CUST03417,CON03417,PAY03417,Female,51,34,33.56,1141.04,,5,No,No,Yes,Yes
CUST03418,CON03418,PAY03418,Female,40,69,31.17,2150.73,DSL,0,No,Yes,No,No
CUST03419,CON03419,PAY03419,Male,29,49,31.97,1566.53,DSL,5,Yes,No,Yes,Yes
CUST03420,CON03420,PAY03420,Male,69,56,82.31,4609.36,Cable,0,No,No,No,No
CUST03421,CON03421,PAY03421,Male,63,57,82.46,4700.22,Cable,0,No,No,No,No
CUST03422,CON03422,PAY03422,Male,65,60,78.18,4690.8,Cable,0,No,No,No,No
CUST03423,CON03423,PAY03423,Male,71,22,63.93,1406.46,Cable,0,Yes,No,Yes,Yes
CUST03424,CON03424,PAY03424,Female,69,22,97.49,2144.78,Cable,2,No,No,Yes,No
CUST03425,CON03425,PAY03425,Female,56,49,55.32,2710.68,,5,Yes,Yes,No,No
CUST03426,CON03426,PAY03426,Male,36,49,46.57,2281.93,Fiber Optic,7,No,Yes,No,Yes
CUST03427,CON03427,PAY03427,Male,38,47,62.23,2924.81,Fiber Optic,7,No,No,Yes,No
CUST03428,CON03428,PAY03428,Male,26,43,80.46,3459.78,DSL,3,No,No,No,No
CUST03429,CON03429,PAY03429,Male,26,70,76.8,5376.0,DSL,6,No,No,No,No
CUST03430,CON03430,PAY03430,Female,56,26,76.79,1996.54,DSL,4,Yes,Yes,No,No
CUST03431,CON03431,PAY03431,Female,20,67,48.55,3252.85,DSL,7,No,No,No,Yes
CUST03432,CON03432,PAY03432,Female,67,27,31.45,849.15,Fiber Optic,1,No,Yes,Yes,Yes
CUST03433,CON03433,PAY03433,Male,29,33,61.48,2028.84,Fiber Optic,1,No,No,No,Yes
CUST03434,CON03434,PAY03434,Male,29,27,103.15,2785.05,Fiber Optic,3,Yes,No,Yes,Yes
CUST03435,CON03435,PAY03435,Male,30,26,95.78,2490.28,Fiber Optic,4,Yes,No,Yes,Yes
CUST03436,CON03436,PAY03436,Female,49,32,52.26,1672.32,Fiber Optic,5,Yes,No,Yes,No
CUST03437,CON03437,PAY03437,Male,22,53,33.84,1793.52,DSL,2,No,No,Yes,Yes
CUST03438,CON03438,PAY03438,Female,29,55,61.37,3375.35,Fiber Optic,3,No,No,Yes,Yes
CUST03439,CON03439,PAY03439,Female,63,29,59.7,1731.3,,0,No,No,Yes,Yes
CUST03440,CON03440,PAY03440,Female,72,40,61.36,2454.4,DSL,1,Yes,No,Yes,No
CUST03441,CON03441,PAY03441,Female,44,5,59.67,298.35,DSL,5,No,Yes,Yes,No
CUST03442,CON03442,PAY03442,Male,73,47,57.82,2717.54,Cable,7,No,Yes,No,Yes
CUST03443,CON03443,PAY03443,Female,44,11,84.67,931.37,Fiber Optic,3,No,Yes,No,Yes
CUST03444,CON03444,PAY03444,Male,60,67,27.65,1852.55,Cable,3,No,No,No,Yes
CUST03445,CON03445,PAY03445,Male,71,8,29.02,232.16,,4,Yes,No,Yes,No
CUST03446,CON03446,PAY03446,Female,69,22,103.42,2275.24,Cable,2,No,No,Yes,No
CUST03447,CON03447,PAY03447,Female,68,48,55.78,2677.44,Cable,4,Yes,No,Yes,No
CUST03448,CON03448,PAY03448,Male,25,36,51.87,1867.32,Cable,8,Yes,Yes,Yes,Yes
CUST03449,CON03449,PAY03449,Male,52,3,95.49,286.47,DSL,6,No,No,No,No
CUST03450,CON03450,PAY03450,Male,18,30,48.48,1454.4,,1,No,Yes,Yes,No
CUST03451,CON03451,PAY03451,Female,61,62,95.42,5916.04,Cable,1,No,No,Yes,Yes
CUST03452,CON03452,PAY03452,Female,76,72,49.05,3531.6,Cable,2,No,No,Yes,Yes
CUST03453,CON03453,PAY03453,Female,47,42,78.73,3306.66,DSL,8,No,No,No,Yes
CUST03454,CON03454,PAY03454,Female,73,72,46.5,3348.0,Cable,0,No,No,Yes,Yes
CUST03455,CON03455,PAY03455,Male,29,35,64.85,2269.75,Fiber Optic,2,No,No,No,Yes
CUST03456,CON03456,PAY03456,Male,54,29,98.69,2862.01,,7,Yes,No,Yes,No
CUST03457,CON03457,PAY03457,Male,23,72,83.53,6014.16,DSL,4,No,No,No,No
CUST03458,CON03458,PAY03458,Female,37,63,34.93,2200.59,DSL,2,No,No,Yes,Yes
CUST03459,CON03459,PAY03459,Male,27,57,25.91,1476.87,Cable,7,Yes,Yes,Yes,Yes
CUST03460,CON03460,PAY03460,Female,53,72,95.4,6868.8,Fiber Optic,4,Yes,Yes,Yes,Yes
CUST03461,CON03461,PAY03461,Male,28,42,75.08,3153.36,DSL,4,No,No,No,No
CUST03462,CON03462,PAY03462,Female,71,2,31.66,63.32,Cable,3,Yes,Yes,Yes,Yes
CUST03463,CON03463,PAY03463,Male,28,41,77.39,3172.99,DSL,4,No,No,No,No
CUST03464,CON03464,PAY03464,Male,18,22,27.46,604.12,DSL,1,No,Yes,No,Yes
CUST03465,CON03465,PAY03465,Male,57,60,60.63,3637.8,Cable,8,Yes,Yes,No,No
CUST03466,CON03466,PAY03466,Female,74,3,84.06,252.18,,7,No,No,No,Yes
CUST03467,CON03467,PAY03467,Male,31,51,51.3,2616.3,Fiber Optic,7,No,Yes,No,Yes
CUST03468,CON03468,PAY03468,Female,21,8,98.41,787.28,,2,No,Yes,Yes,No
CUST03469,CON03469,PAY03469,Female,30,38,100.91,3834.58,Cable,1,Yes,Yes,Yes,No
CUST03470,CON03470,PAY03470,Female,52,31,96.03,2976.93,Cable,5,Yes,No,No,Yes
CUST03471,CON03471,PAY03471,Female,72,4,81.11,324.44,,8,No,No,No,Yes
CUST03472,CON03472,PAY03472,Male,72,48,58.88,2826.24,Cable,8,No,Yes,No,Yes
CUST03473,CON03473,PAY03473,Male,49,3,26.01,78.03,Cable,1,Yes,Yes,No,Yes
CUST03474,CON03474,PAY03474,Female,44,32,50.13,1604.16,Fiber Optic,4,Yes,No,Yes,No
CUST03475,CON03475,PAY03475,Male,25,72,80.14,5770.08,DSL,5,No,No,No,No
CUST03476,CON03476,PAY03476,Male,72,5,84.77,423.85,,2,Yes,No,Yes,Yes
CUST03477,CON03477,PAY03477,Male,58,1,77.0,77.0,Fiber Optic,0,No,No,No,No
CUST03478,CON03478,PAY03478,Female,70,30,57.23,1716.9,Cable,1,Yes,No,Yes,Yes
CUST03479,CON03479,PAY03479,Female,42,8,56.23,449.84,DSL,5,No,Yes,Yes,No
CUST03480,CON03480,PAY03480,Female,66,26,29.26,760.76,Cable,5,No,Yes,Yes,No
CUST03481,CON03481,PAY03481,Female,33,59,99.11,5847.49,Fiber Optic,4,No,Yes,No,Yes
CUST03482,CON03482,PAY03482,Female,18,48,97.54,4681.92,Cable,4,Yes,Yes,Yes,Yes
CUST03483,CON03483,PAY03483,Female,75,1,31.98,31.98,Cable,3,Yes,Yes,Yes,Yes
CUST03484,CON03484,PAY03484,Female,47,32,98.28,3144.96,Cable,3,Yes,No,No,Yes
CUST03485,CON03485,PAY03485,Male,50,4,98.54,394.16,DSL,6,No,No,No,No
CUST03486,CON03486,PAY03486,Female,29,12,98.11,1177.32,Fiber Optic,2,Yes,Yes,No,No
CUST03487,CON03487,PAY03487,Female,44,47,58.2,2735.4,,3,Yes,Yes,No,No
CUST03488,CON03488,PAY03488,Female,58,36,49.29,1774.44,DSL,7,Yes,Yes,No,Yes
CUST03489,CON03489,PAY03489,Male,31,28,103.74,2904.72,Fiber Optic,3,Yes,No,Yes,Yes
CUST03490,CON03490,PAY03490,Female,25,68,53.16,3614.88,DSL,7,No,No,No,Yes
CUST03491,CON03491,PAY03491,Female,32,58,99.49,5770.42,Fiber Optic,4,No,Yes,No,Yes
CUST03492,CON03492,PAY03492,Female,35,57,103.7,5910.9,Fiber Optic,6,No,Yes,No,Yes
CUST03493,CON03493,PAY03493,Male,35,4,63.15,252.6,,9,No,No,Yes,No
CUST03494,CON03494,PAY03494,Female,33,38,30.72,1167.36,,3,No,No,No,Yes
CUST03495,CON03495,PAY03495,Male,54,65,32.9,2138.5,Cable,5,No,No,No,Yes
CUST03496,CON03496,PAY03496,Female,63,27,64.35,1737.45,,0,No,No,Yes,Yes
CUST03497,CON03497,PAY03497,Male,25,33,76.14,2512.62,Fiber Optic,6,Yes,Yes,No,Yes
CUST03498,CON03498,PAY03498,Female,49,41,81.23,3330.43,DSL,7,No,No,No,Yes
CUST03499,CON03499,PAY03499,Female,54,68,27.51,1870.68,Cable,3,Yes,No,Yes,Yes
CUST03500,CON03500,PAY03500,Male,34,25,95.2,2380.0,Fiber Optic,2,Yes,No,Yes,Yes
CUST03501,CON03501,PAY03501,Female,65,8,25.07,200.56,,4,Yes,No,Yes,No
CUST03502,CON03502,PAY03502,Female,20,47,96.66,4543.02,DSL,8,Yes,Yes,No,Yes
CUST03503,CON03503,PAY03503,Female,42,12,82.75,993.0,Fiber Optic,2,No,Yes,No,Yes
CUST03504,CON03504,PAY03504,Female,46,12,84.05,1008.6,Fiber Optic,1,No,Yes,No,Yes
CUST03505,CON03505,PAY03505,Female,37,47,26.86,1262.42,Fiber Optic,7,No,Yes,No,Yes
CUST03506,CON03506,PAY03506,Female,67,21,25.99,545.79,Fiber Optic,1,No,Yes,No,Yes
CUST03507,CON03507,PAY03507,Female,53,10,26.22,262.2,Fiber Optic,6,No,Yes,Yes,Yes
CUST03508,CON03508,PAY03508,Male,31,7,56.93,398.51,,7,No,No,Yes,No
CUST03509,CON03509,PAY03509,Female,42,14,75.2,1052.8,Fiber Optic,1,No,Yes,No,Yes
CUST03510,CON03510,PAY03510,Male,65,56,82.76,4634.56,Cable,0,No,No,No,No
CUST03511,CON03511,PAY03511,Female,62,30,59.37,1781.1,,0,No,No,Yes,Yes
CUST03512,CON03512,PAY03512,Female,64,29,64.6,1873.4,,0,No,No,Yes,Yes
CUST03513,CON03513,PAY03513,Female,20,69,51.93,3583.17,DSL,7,No,No,No,Yes
CUST03514,CON03514,PAY03514,Male,49,3,104.2,312.6,DSL,5,No,No,No,No
CUST03515,CON03515,PAY03515,Male,18,36,79.53,2863.08,DSL,7,Yes,No,No,No
CUST03516,CON03516,PAY03516,Female,48,42,82.83,3478.86,DSL,7,No,No,No,Yes
CUST03517,CON03517,PAY03517,Female,43,32,50.26,1608.32,Fiber Optic,3,Yes,No,Yes,No
CUST03518,CON03518,PAY03518,Female,60,29,57.14,1657.06,,1,No,No,Yes,Yes
CUST03519,CON03519,PAY03519,Female,42,70,28.51,1995.7,DSL,0,No,Yes,No,No
CUST03520,CON03520,PAY03520,Female,26,11,101.14,1112.54,Fiber Optic,3,Yes,Yes,No,No
CUST03521,CON03521,PAY03521,Female,31,59,48.01,2832.59,Cable,1,No,Yes,Yes,No
CUST03522,CON03522,PAY03522,Female,52,44,102.52,4510.88,DSL,1,No,No,No,No
CUST03523,CON03523,PAY03523,Female,72,3,54.28,162.84,,3,No,Yes,Yes,No
CUST03524,CON03524,PAY03524,Female,59,72,103.49,7451.28,Fiber Optic,2,Yes,Yes,Yes,Yes
CUST03525,CON03525,PAY03525,Female,68,26,30.13,783.38,Cable,6,No,Yes,Yes,No
CUST03526,CON03526,PAY03526,Male,73,7,79.22,554.54,,0,Yes,No,Yes,Yes
CUST03527,CON03527,PAY03527,Male,19,38,44.99,1709.62,Cable,9,Yes,Yes,Yes,Yes
CUST03528,CON03528,PAY03528,Female,32,56,63.87,3576.72,Fiber Optic,2,No,No,Yes,Yes
CUST03529,CON03529,PAY03529,Male,19,54,25.13,1357.02,DSL,2,No,No,Yes,Yes
CUST03530,CON03530,PAY03530,Male,19,32,80.22,2567.04,Fiber Optic,8,Yes,Yes,No,Yes
CUST03531,CON03531,PAY03531,Male,52,55,61.93,3406.15,Cable,1,No,Yes,No,No
CUST03532,CON03532,PAY03532,Female,56,32,48.63,1556.16,DSL,6,Yes,Yes,No,Yes
CUST03533,CON03533,PAY03533,Female,72,1,49.3,49.3,,3,No,Yes,Yes,No
CUST03534,CON03534,PAY03534,Female,68,2,45.68,91.36,,2,No,Yes,Yes,No
CUST03535,CON03535,PAY03535,Male,70,53,77.06,4084.18,,6,No,No,Yes,Yes
CUST03536,CON03536,PAY03536,Male,29,50,31.02,1551.0,DSL,5,Yes,No,Yes,Yes
CUST03537,CON03537,PAY03537,Male,34,18,64.46,1160.28,Fiber Optic,5,No,No,No,Yes
CUST03538,CON03538,PAY03538,Male,33,45,61.22,2754.9,Fiber Optic,7,No,No,Yes,No
CUST03539,CON03539,PAY03539,Female,55,23,82.7,1902.1,DSL,5,Yes,Yes,No,No
CUST03540,CON03540,PAY03540,Female,22,71,46.64,3311.44,DSL,8,No,No,No,Yes
CUST03541,CON03541,PAY03541,Female,18,62,99.73,6183.26,Fiber Optic,7,No,No,No,Yes
CUST03542,CON03542,PAY03542,Female,44,14,78.84,1103.76,Fiber Optic,1,No,Yes,No,Yes
CUST03543,CON03543,PAY03543,Male,57,69,59.88,4131.72,Fiber Optic,0,Yes,No,Yes,No
CUST03544,CON03544,PAY03544,Female,46,30,46.4,1392.0,Fiber Optic,4,Yes,No,Yes,No
CUST03545,CON03545,PAY03545,Female,72,3,52.49,157.47,,3,No,Yes,Yes,No
CUST03546,CON03546,PAY03546,Female,52,32,46.48,1487.36,DSL,6,Yes,Yes,No,Yes
CUST03547,CON03547,PAY03547,Female,22,46,95.63,4398.98,Cable,2,Yes,Yes,Yes,Yes
CUST03548,CON03548,PAY03548,Female,67,36,48.59,1749.24,Cable,2,No,No,Yes,No
CUST03549,CON03549,PAY03549,Male,72,6,80.54,483.24,,0,Yes,No,Yes,Yes
CUST03550,CON03550,PAY03550,Male,72,22,102.82,2262.04,,5,Yes,Yes,Yes,No
CUST03551,CON03551,PAY03551,Female,60,26,82.54,2146.04,DSL,5,Yes,Yes,No,No
CUST03552,CON03552,PAY03552,Female,38,46,62.96,2896.16,,4,Yes,Yes,No,No
CUST03553,CON03553,PAY03553,Female,64,27,64.25,1734.75,,0,No,No,Yes,Yes
CUST03554,CON03554,PAY03554,Female,68,51,60.32,3076.32,Cable,4,Yes,No,Yes,No
CUST03555,CON03555,PAY03555,Female,71,4,32.07,128.28,Cable,2,Yes,Yes,Yes,Yes
CUST03556,CON03556,PAY03556,Male,53,1,75.57,75.57,Fiber Optic,0,No,No,No,No
CUST03557,CON03557,PAY03557,Female,52,13,30.36,394.68,Fiber Optic,8,No,Yes,Yes,Yes
CUST03558,CON03558,PAY03558,Male,31,13,77.05,1001.65,DSL,1,Yes,No,Yes,No
CUST03559,CON03559,PAY03559,Male,71,5,79.93,399.65,,2,Yes,No,Yes,Yes
CUST03560,CON03560,PAY03560,Female,52,2,59.48,118.96,DSL,4,Yes,No,Yes,No
CUST03561,CON03561,PAY03561,Male,53,5,33.07,165.35,Cable,3,Yes,Yes,No,Yes
CUST03562,CON03562,PAY03562,Male,53,57,57.05,3251.85,Cable,0,No,Yes,No,No
CUST03563,CON03563,PAY03563,Male,47,57,56.96,3246.72,Cable,2,No,Yes,No,No
CUST03564,CON03564,PAY03564,Male,22,33,81.81,2699.73,DSL,7,Yes,No,No,No
CUST03565,CON03565,PAY03565,Female,65,27,27.7,747.9,Fiber Optic,1,No,Yes,Yes,Yes
CUST03566,CON03566,PAY03566,Male,21,30,49.57,1487.1,,3,No,Yes,Yes,No
CUST03567,CON03567,PAY03567,Female,71,37,45.03,1666.11,Cable,2,No,No,Yes,No
CUST03568,CON03568,PAY03568,Female,19,6,102.99,617.94,,3,No,Yes,Yes,No
CUST03569,CON03569,PAY03569,Male,25,39,53.36,2081.04,Fiber Optic,1,Yes,No,No,No
CUST03570,CON03570,PAY03570,Male,77,38,81.93,3113.34,Fiber Optic,6,No,No,No,Yes
CUST03571,CON03571,PAY03571,Female,23,59,104.08,6140.72,Fiber Optic,8,No,No,No,Yes
CUST03572,CON03572,PAY03572,Female,58,32,47.85,1531.2,DSL,7,Yes,Yes,No,Yes
CUST03573,CON03573,PAY03573,Male,67,60,78.04,4682.4,Cable,0,No,No,No,No
CUST03574,CON03574,PAY03574,Female,59,63,96.55,6082.65,Cable,0,No,No,Yes,Yes
CUST03575,CON03575,PAY03575,Female,62,59,98.08,5786.72,Cable,0,No,No,Yes,Yes
CUST03576,CON03576,PAY03576,Female,60,25,76.3,1907.5,DSL,4,Yes,Yes,No,No
CUST03577,CON03577,PAY03577,Male,64,61,34.82,2124.02,,1,No,Yes,Yes,No
CUST03578,CON03578,PAY03578,Female,71,45,63.42,2853.9,Fiber Optic,8,No,No,Yes,Yes
CUST03579,CON03579,PAY03579,Female,62,70,75.38,5276.6,,4,Yes,No,No,Yes
CUST03580,CON03580,PAY03580,Female,41,46,62.9,2893.4,,3,Yes,Yes,No,No
CUST03581,CON03581,PAY03581,Male,39,60,100.19,6011.4,,6,Yes,No,Yes,Yes
CUST03582,CON03582,PAY03582,Male,57,66,63.03,4159.98,Fiber Optic,1,Yes,No,Yes,No
CUST03583,CON03583,PAY03583,Female,59,59,102.05,6020.95,Cable,1,No,No,Yes,Yes
CUST03584,CON03584,PAY03584,Female,63,5,34.5,172.5,,3,Yes,No,Yes,No
CUST03585,CON03585,PAY03585,Female,59,31,61.91,1919.21,,2,No,No,Yes,Yes
CUST03586,CON03586,PAY03586,Female,18,47,103.87,4881.89,Cable,3,Yes,Yes,Yes,Yes
CUST03587,CON03587,PAY03587,Female,46,14,80.18,1122.52,Fiber Optic,3,No,Yes,No,Yes
CUST03588,CON03588,PAY03588,Male,36,64,97.02,6209.28,,7,Yes,No,Yes,Yes
CUST03589,CON03589,PAY03589,Male,54,43,26.52,1140.36,,5,Yes,Yes,No,No
CUST03590,CON03590,PAY03590,Male,32,27,52.34,1413.18,,0,No,Yes,No,No
CUST03591,CON03591,PAY03591,Male,32,26,53.44,1389.44,,1,No,Yes,No,No
CUST03592,CON03592,PAY03592,Female,18,46,96.5,4439.0,Cable,4,Yes,Yes,Yes,Yes
CUST03593,CON03593,PAY03593,Male,69,57,84.05,4790.85,Cable,0,No,No,No,No
CUST03594,CON03594,PAY03594,Male,34,17,79.72,1355.24,DSL,1,Yes,No,Yes,No
CUST03595,CON03595,PAY03595,Female,46,15,75.9,1138.5,Fiber Optic,2,No,Yes,No,Yes
CUST03596,CON03596,PAY03596,Female,19,60,102.21,6132.6,Fiber Optic,7,No,No,No,Yes
CUST03597,CON03597,PAY03597,Male,27,48,31.8,1526.4,DSL,6,Yes,No,Yes,Yes
CUST03598,CON03598,PAY03598,Female,56,52,62.36,3242.72,,6,Yes,Yes,No,No
CUST03599,CON03599,PAY03599,Male,52,4,59.43,237.72,Cable,5,Yes,Yes,No,No
CUST03600,CON03600,PAY03600,Female,28,10,104.28,1042.8,Fiber Optic,2,Yes,Yes,No,No
CUST03601,CON03601,PAY03601,Male,58,67,29.52,1977.84,Cable,4,No,No,No,Yes
CUST03602,CON03602,PAY03602,Male,68,52,28.39,1476.28,,4,No,Yes,Yes,No
CUST03603,CON03603,PAY03603,Male,54,59,58.6,3457.4,Cable,9,Yes,Yes,No,No
CUST03604,CON03604,PAY03604,Female,31,11,99.93,1099.23,Fiber Optic,2,Yes,Yes,No,No
CUST03605,CON03605,PAY03605,Male,52,3,99.74,299.22,DSL,6,No,No,No,No
CUST03606,CON03606,PAY03606,Male,74,22,62.59,1376.98,Cable,0,Yes,No,Yes,Yes
CUST03607,CON03607,PAY03607,Female,40,70,34.75,2432.5,DSL,0,No,Yes,No,No
CUST03608,CON03608,PAY03608,Male,20,13,49.16,639.08,Cable,4,Yes,Yes,No,Yes
CUST03609,CON03609,PAY03609,Female,18,63,100.71,6344.73,Fiber Optic,7,No,No,No,Yes
CUST03610,CON03610,PAY03610,Female,69,3,47.53,142.59,,2,No,Yes,Yes,No
CUST03611,CON03611,PAY03611,Male,36,27,49.58,1338.66,,0,No,Yes,No,No
CUST03612,CON03612,PAY03612,Male,48,5,31.29,156.45,Cable,1,Yes,Yes,No,Yes
CUST03613,CON03613,PAY03613,Male,24,35,51.13,1789.55,Fiber Optic,2,Yes,No,No,No
CUST03614,CON03614,PAY03614,Male,27,57,32.06,1827.42,Cable,6,Yes,Yes,Yes,Yes
CUST03615,CON03615,PAY03615,Female,27,59,45.05,2657.95,Cable,0,No,Yes,Yes,No
CUST03616,CON03616,PAY03616,Female,66,23,32.17,739.91,Fiber Optic,0,No,Yes,Yes,Yes
CUST03617,CON03617,PAY03617,Female,45,8,56.0,448.0,DSL,5,No,Yes,Yes,No
CUST03618,CON03618,PAY03618,Female,53,30,30.17,905.1,,4,No,No,Yes,Yes
CUST03619,CON03619,PAY03619,Female,61,28,58.07,1625.96,,1,No,No,Yes,Yes
CUST03620,CON03620,PAY03620,Female,70,18,97.71,1758.78,Cable,3,No,No,Yes,No
CUST03621,CON03621,PAY03621,Female,70,5,79.06,395.3,,7,No,No,No,Yes
CUST03622,CON03622,PAY03622,Female,69,21,100.51,2110.71,Cable,4,No,No,Yes,No
CUST03623,CON03623,PAY03623,Male,50,45,52.05,2342.25,,3,No,No,Yes,No
CUST03624,CON03624,PAY03624,Male,28,35,46.63,1632.05,Fiber Optic,0,Yes,No,No,No
CUST03625,CON03625,PAY03625,Male,27,46,34.16,1571.36,DSL,5,Yes,No,Yes,Yes
CUST03626,CON03626,PAY03626,Female,53,41,102.37,4197.17,DSL,1,No,No,No,No
CUST03627,CON03627,PAY03627,Female,74,38,63.76,2422.88,DSL,0,Yes,No,Yes,No
CUST03628,CON03628,PAY03628,Female,48,43,79.39,3413.77,DSL,8,No,No,No,Yes
CUST03629,CON03629,PAY03629,Male,38,20,61.98,1239.6,Fiber Optic,5,No,No,No,Yes
CUST03630,CON03630,PAY03630,Female,34,35,104.44,3655.4,Cable,0,Yes,Yes,Yes,No
CUST03631,CON03631,PAY03631,Male,18,14,46.03,644.42,Cable,4,Yes,Yes,No,Yes
CUST03632,CON03632,PAY03632,Female,53,45,99.89,4495.05,DSL,2,No,No,No,No
CUST03633,CON03633,PAY03633,Female,65,17,25.79,438.43,Fiber Optic,2,No,Yes,No,Yes
CUST03634,CON03634,PAY03634,Female,67,4,32.7,130.8,,4,Yes,No,Yes,No
CUST03635,CON03635,PAY03635,Female,61,61,96.02,5857.22,Cable,1,No,No,Yes,Yes
CUST03636,CON03636,PAY03636,Male,34,17,63.5,1079.5,Fiber Optic,4,No,No,No,Yes
CUST03637,CON03637,PAY03637,Female,45,7,62.23,435.61,DSL,6,No,Yes,Yes,No
CUST03638,CON03638,PAY03638,Female,63,8,31.87,254.96,,3,Yes,No,Yes,No
CUST03639,CON03639,PAY03639,Female,71,22,77.66,1708.52,Cable,1,Yes,Yes,No,Yes
CUST03640,CON03640,PAY03640,Male,32,4,55.07,220.28,,8,No,No,Yes,No
CUST03641,CON03641,PAY03641,Male,51,56,58.99,3303.44,Cable,2,No,Yes,No,No
CUST03642,CON03642,PAY03642,Male,55,1,83.54,83.54,Fiber Optic,0,No,No,No,No
CUST03643,CON03643,PAY03643,Female,21,47,97.03,4560.41,DSL,7,Yes,Yes,No,Yes
CUST03644,CON03644,PAY03644,Female,52,6,58.46,350.76,DSL,4,Yes,No,Yes,No
CUST03645,CON03645,PAY03645,Male,54,62,58.24,3610.88,Cable,7,Yes,Yes,No,No
CUST03646,CON03646,PAY03646,Female,20,46,102.61,4720.06,Cable,2,Yes,Yes,Yes,Yes
CUST03647,CON03647,PAY03647,Male,56,1,83.41,83.41,Fiber Optic,0,No,No,No,No
CUST03648,CON03648,PAY03648,Female,59,29,57.59,1670.11,,2,No,No,Yes,Yes
CUST03649,CON03649,PAY03649,Male,34,13,76.3,991.9,DSL,2,Yes,No,Yes,No
CUST03650,CON03650,PAY03650,Female,66,27,62.42,1685.34,Cable,2,Yes,No,Yes,Yes
CUST03651,CON03651,PAY03651,Male,36,27,53.18,1435.86,,0,No,Yes,No,No
CUST03652,CON03652,PAY03652,Male,70,4,31.29,125.16,,6,Yes,No,Yes,No
CUST03653,CON03653,PAY03653,Male,72,44,55.15,2426.6,Cable,8,No,Yes,No,Yes
CUST03654,CON03654,PAY03654,Male,24,36,52.13,1876.68,Fiber Optic,2,Yes,No,No,No
CUST03655,CON03655,PAY03655,Female,23,68,46.99,3195.32,DSL,7,No,No,No,Yes
CUST03656,CON03656,PAY03656,Male,19,29,48.72,1412.88,,2,No,Yes,Yes,No
CUST03657,CON03657,PAY03657,Female,77,39,55.52,2165.28,DSL,0,Yes,No,Yes,No
CUST03658,CON03658,PAY03658,Male,59,68,59.36,4036.48,Fiber Optic,0,Yes,No,Yes,No
CUST03659,CON03659,PAY03659,Female,26,25,29.97,749.25,Fiber Optic,2,No,No,No,No
CUST03660,CON03660,PAY03660,Male,23,33,82.53,2723.49,Fiber Optic,6,Yes,Yes,No,Yes
CUST03661,CON03661,PAY03661,Male,53,1,76.18,76.18,Fiber Optic,0,No,No,No,No
CUST03662,CON03662,PAY03662,Male,29,14,82.63,1156.82,DSL,2,Yes,No,Yes,No
CUST03663,CON03663,PAY03663,Female,64,29,56.7,1644.3,,0,No,No,Yes,Yes
CUST03664,CON03664,PAY03664,Male,24,36,53.52,1926.72,Cable,9,Yes,Yes,Yes,Yes
CUST03665,CON03665,PAY03665,Male,55,47,103.89,4882.83,Cable,2,No,No,Yes,No
CUST03666,CON03666,PAY03666,Female,68,42,62.89,2641.38,Fiber Optic,8,No,No,Yes,Yes
CUST03667,CON03667,PAY03667,Male,60,67,63.23,4236.41,Fiber Optic,1,Yes,No,Yes,No
CUST03668,CON03668,PAY03668,Female,76,1,29.03,29.03,Cable,3,Yes,Yes,Yes,Yes
CUST03669,CON03669,PAY03669,Male,31,5,56.11,280.55,,9,No,No,Yes,No
CUST03670,CON03670,PAY03670,Male,57,66,59.1,3900.6,Fiber Optic,1,Yes,No,Yes,No
CUST03671,CON03671,PAY03671,Female,62,31,61.24,1898.44,,0,No,Yes,Yes,Yes
CUST03672,CON03672,PAY03672,Female,67,45,59.29,2668.05,Fiber Optic,6,No,No,Yes,Yes
CUST03673,CON03673,PAY03673,Female,33,49,30.84,1511.16,Fiber Optic,5,No,Yes,No,Yes
CUST03674,CON03674,PAY03674,Male,32,7,64.27,449.89,,7,No,No,Yes,No
CUST03675,CON03675,PAY03675,Male,51,1,102.91,102.91,DSL,5,No,No,No,No
CUST03676,CON03676,PAY03676,Female,61,29,60.54,1755.66,,1,No,No,Yes,Yes
CUST03677,CON03677,PAY03677,Male,34,19,57.8,1098.2,Fiber Optic,5,No,No,No,Yes
CUST03678,CON03678,PAY03678,Female,67,7,32.42,226.94,,3,Yes,No,Yes,No
CUST03679,CON03679,PAY03679,Male,22,22,28.84,634.48,DSL,1,No,Yes,No,Yes
CUST03680,CON03680,PAY03680,Female,55,48,64.66,3103.68,,7,Yes,Yes,No,No
CUST03681,CON03681,PAY03681,Male,58,22,64.03,1408.66,Cable,5,Yes,Yes,Yes,Yes
CUST03682,CON03682,PAY03682,Male,46,1,95.51,95.51,DSL,7,No,No,No,No
CUST03683,CON03683,PAY03683,Female,64,30,60.92,1827.6,,2,No,Yes,Yes,Yes
CUST03684,CON03684,PAY03684,Female,26,70,49.48,3463.6,DSL,6,No,No,No,Yes
CUST03685,CON03685,PAY03685,Female,35,63,27.74,1747.62,DSL,1,No,No,Yes,Yes
CUST03686,CON03686,PAY03686,Female,33,48,28.66,1375.68,Fiber Optic,7,No,Yes,No,Yes
CUST03687,CON03687,PAY03687,Female,70,48,64.18,3080.64,Cable,6,Yes,No,Yes,No
CUST03688,CON03688,PAY03688,Male,54,5,60.17,300.85,Cable,5,Yes,Yes,No,No
CUST03689,CON03689,PAY03689,Female,70,30,58.92,1767.6,Cable,2,Yes,No,Yes,Yes
CUST03690,CON03690,PAY03690,Male,24,38,52.78,2005.64,Fiber Optic,1,Yes,No,No,No
CUST03691,CON03691,PAY03691,Female,52,4,63.43,253.72,DSL,5,Yes,No,Yes,No
CUST03692,CON03692,PAY03692,Female,62,69,77.52,5348.88,,6,Yes,No,No,Yes
CUST03693,CON03693,PAY03693,Male,23,70,78.42,5489.4,DSL,4,No,No,No,No
CUST03694,CON03694,PAY03694,Male,20,12,47.42,569.04,Cable,5,Yes,Yes,No,Yes
CUST03695,CON03695,PAY03695,Male,72,22,98.84,2174.48,,6,Yes,Yes,Yes,No
CUST03696,CON03696,PAY03696,Male,67,51,31.11,1586.61,,3,No,Yes,Yes,No
CUST03697,CON03697,PAY03697,Male,56,3,79.23,237.69,Fiber Optic,0,No,No,No,No
CUST03698,CON03698,PAY03698,Male,77,37,80.79,2989.23,Fiber Optic,7,No,No,No,Yes
CUST03699,CON03699,PAY03699,Female,69,25,84.32,2108.0,Cable,0,Yes,Yes,No,Yes
CUST03700,CON03700,PAY03700,Female,27,37,31.41,1162.17,,2,No,No,No,Yes
CUST03701,CON03701,PAY03701,Female,53,35,45.48,1591.8,DSL,7,Yes,Yes,No,Yes
CUST03702,CON03702,PAY03702,Female,41,46,61.25,2817.5,,5,Yes,Yes,No,No
CUST03703,CON03703,PAY03703,Female,76,37,58.48,2163.76,DSL,0,Yes,No,Yes,No
CUST03704,CON03704,PAY03704,Male,23,52,31.45,1635.4,DSL,2,No,No,Yes,Yes
CUST03705,CON03705,PAY03705,Female,42,9,55.84,502.56,DSL,5,No,Yes,Yes,No
CUST03706,CON03706,PAY03706,Male,68,51,76.89,3921.39,,6,No,No,Yes,Yes
CUST03707,CON03707,PAY03707,Male,65,53,84.5,4478.5,,4,No,No,Yes,Yes
CUST03708,CON03708,PAY03708,Male,19,37,80.02,2960.74,DSL,7,Yes,No,No,No
CUST03709,CON03709,PAY03709,Female,65,20,27.75,555.0,Fiber Optic,1,No,Yes,No,Yes
CUST03710,CON03710,PAY03710,Female,38,64,34.96,2237.44,DSL,2,No,No,Yes,Yes
CUST03711,CON03711,PAY03711,Male,46,45,49.51,2227.95,,3,No,No,Yes,No
CUST03712,CON03712,PAY03712,Male,29,26,99.45,2585.7,Fiber Optic,3,Yes,No,Yes,Yes
CUST03713,CON03713,PAY03713,Male,34,61,97.08,5921.88,,6,Yes,No,Yes,Yes
CUST03714,CON03714,PAY03714,Male,18,11,47.45,521.95,Cable,4,Yes,Yes,No,Yes
CUST03715,CON03715,PAY03715,Male,32,6,60.92,365.52,,8,No,No,Yes,No
CUST03716,CON03716,PAY03716,Female,41,50,60.11,3005.5,,3,Yes,Yes,No,No
CUST03717,CON03717,PAY03717,Male,53,60,59.9,3594.0,Cable,7,Yes,Yes,No,No
CUST03718,CON03718,PAY03718,Male,49,44,51.7,2274.8,,4,No,No,Yes,No
CUST03719,CON03719,PAY03719,Female,57,32,28.73,919.36,,4,No,No,Yes,Yes
CUST03720,CON03720,PAY03720,Male,48,57,57.9,3300.3,Cable,2,No,Yes,No,No
CUST03721,CON03721,PAY03721,Male,69,53,78.56,4163.68,,4,No,No,Yes,Yes
CUST03722,CON03722,PAY03722,Female,29,45,63.94,2877.3,Fiber Optic,5,Yes,No,No,Yes
CUST03723,CON03723,PAY03723,Male,33,27,46.6,1258.2,,0,No,Yes,No,No
CUST03724,CON03724,PAY03724,Male,69,56,81.34,4555.04,Cable,0,No,No,No,No
CUST03725,CON03725,PAY03725,Male,37,47,45.31,2129.57,Fiber Optic,7,No,Yes,No,Yes
CUST03726,CON03726,PAY03726,Male,53,24,63.2,1516.8,Cable,6,Yes,Yes,Yes,Yes
CUST03727,CON03727,PAY03727,Female,30,55,60.51,3328.05,Fiber Optic,3,No,No,Yes,Yes
CUST03728,CON03728,PAY03728,Female,62,5,28.27,141.35,,2,Yes,No,Yes,No
CUST03729,CON03729,PAY03729,Male,27,27,84.25,2274.75,Cable,1,No,No,Yes,No
CUST03730,CON03730,PAY03730,Male,34,14,83.75,1172.5,DSL,0,Yes,No,Yes,No
CUST03731,CON03731,PAY03731,Female,55,71,97.27,6906.17,Fiber Optic,2,Yes,Yes,Yes,Yes
CUST03732,CON03732,PAY03732,Female,67,3,51.12,153.36,,3,No,Yes,Yes,No
CUST03733,CON03733,PAY03733,Female,50,44,79.51,3498.44,DSL,6,No,No,No,Yes
CUST03734,CON03734,PAY03734,Male,53,30,103.59,3107.7,,9,Yes,No,Yes,No
CUST03735,CON03735,PAY03735,Male,53,64,79.42,5082.88,Fiber Optic,7,Yes,Yes,Yes,No
CUST03736,CON03736,PAY03736,Male,57,41,29.14,1194.74,,4,Yes,Yes,No,No
CUST03737,CON03737,PAY03737,Male,51,2,32.28,64.56,Cable,3,Yes,Yes,No,Yes
CUST03738,CON03738,PAY03738,Female,43,30,47.89,1436.7,Fiber Optic,5,Yes,No,Yes,No
CUST03739,CON03739,PAY03739,Male,66,52,79.73,4145.96,,6,No,No,Yes,Yes
CUST03740,CON03740,PAY03740,Female,63,27,56.78,1533.06,,1,No,Yes,Yes,Yes
CUST03741,CON03741,PAY03741,Female,53,70,103.66,7256.2,Fiber Optic,4,Yes,Yes,Yes,Yes
CUST03742,CON03742,PAY03742,Male,23,26,81.0,2106.0,Cable,0,No,No,Yes,No
CUST03743,CON03743,PAY03743,Female,66,24,29.87,716.88,Fiber Optic,1,No,Yes,Yes,Yes
CUST03744,CON03744,PAY03744,Male,76,37,75.88,2807.56,Fiber Optic,6,No,No,No,Yes
CUST03745,CON03745,PAY03745,Female,20,70,52.0,3640.0,DSL,6,No,No,No,Yes
CUST03746,CON03746,PAY03746,Male,18,23,32.56,748.88,DSL,1,No,Yes,No,Yes
CUST03747,CON03747,PAY03747,Male,52,30,103.85,3115.5,,7,Yes,No,Yes,No
CUST03748,CON03748,PAY03748,Female,49,13,34.74,451.62,Fiber Optic,6,No,Yes,Yes,Yes
CUST03749,CON03749,PAY03749,Female,68,27,25.27,682.29,Fiber Optic,1,No,Yes,Yes,Yes
CUST03750,CON03750,PAY03750,Female,26,12,95.6,1147.2,Fiber Optic,1,Yes,Yes,No,No
CUST03751,CON03751,PAY03751,Female,29,14,101.78,1424.92,Fiber Optic,1,Yes,Yes,No,No
CUST03752,CON03752,PAY03752,Male,34,44,55.07,2423.08,Fiber Optic,9,No,No,Yes,No
CUST03753,CON03753,PAY03753,Female,24,18,26.96,485.28,DSL,6,No,No,No,Yes
CUST03754,CON03754,PAY03754,Male,62,63,32.02,2017.26,,0,No,Yes,Yes,No
CUST03755,CON03755,PAY03755,Male,25,27,80.36,2169.72,Cable,0,No,No,Yes,No
CUST03756,CON03756,PAY03756,Male,53,20,61.32,1226.4,Cable,5,Yes,Yes,Yes,Yes
CUST03757,CON03757,PAY03757,Female,35,38,103.59,3936.42,Cable,0,Yes,Yes,Yes,No
CUST03758,CON03758,PAY03758,Female,30,59,101.5,5988.5,Fiber Optic,4,No,Yes,No,Yes
CUST03759,CON03759,PAY03759,Male,39,60,97.52,5851.2,,5,Yes,No,Yes,Yes
CUST03760,CON03760,PAY03760,Female,72,25,80.35,2008.75,Cable,1,Yes,Yes,No,Yes
CUST03761,CON03761,PAY03761,Male,38,48,58.01,2784.48,Fiber Optic,8,No,No,Yes,No
CUST03762,CON03762,PAY03762,Male,69,49,80.83,3960.67,,4,No,No,Yes,Yes
CUST03763,CON03763,PAY03763,Male,21,24,34.69,832.56,DSL,1,No,Yes,No,Yes
CUST03764,CON03764,PAY03764,Male,52,6,61.36,368.16,Cable,3,Yes,Yes,No,No
CUST03765,CON03765,PAY03765,Male,56,44,32.72,1439.68,,5,Yes,Yes,No,No
CUST03766,CON03766,PAY03766,Female,25,24,25.99,623.76,Fiber Optic,2,No,No,No,No
CUST03767,CON03767,PAY03767,Male,22,38,48.11,1828.18,Cable,7,Yes,Yes,Yes,Yes
CUST03768,CON03768,PAY03768,Female,63,28,58.46,1636.88,,1,No,Yes,Yes,Yes
CUST03769,CON03769,PAY03769,Female,43,6,59.81,358.86,DSL,4,No,Yes,Yes,No
CUST03770,CON03770,PAY03770,Female,18,59,98.36,5803.24,Fiber Optic,7,No,No,No,Yes
CUST03771,CON03771,PAY03771,Female,20,67,54.09,3624.03,DSL,6,No,No,No,Yes
CUST03772,CON03772,PAY03772,Male,20,14,51.2,716.8,Cable,3,Yes,Yes,No,Yes
CUST03773,CON03773,PAY03773,Female,71,4,77.32,309.28,,6,No,No,No,Yes
CUST03774,CON03774,PAY03774,Female,25,10,103.61,1036.1,Fiber Optic,3,Yes,Yes,No,No
CUST03775,CON03775,PAY03775,Male,72,25,57.46,1436.5,DSL,0,No,Yes,No,No
CUST03776,CON03776,PAY03776,Male,27,44,75.27,3311.88,DSL,4,No,No,No,No
CUST03777,CON03777,PAY03777,Male,22,54,26.17,1413.18,DSL,2,No,No,Yes,Yes
CUST03778,CON03778,PAY03778,Male,68,45,55.38,2492.1,Cable,8,No,Yes,No,Yes
CUST03779,CON03779,PAY03779,Male,73,21,63.46,1332.66,DSL,0,No,Yes,No,No
CUST03780,CON03780,PAY03780,Female,74,40,64.62,2584.8,DSL,0,Yes,No,Yes,No
CUST03781,CON03781,PAY03781,Male,77,38,80.6,3062.8,Fiber Optic,5,No,No,No,Yes
CUST03782,CON03782,PAY03782,Male,75,24,60.85,1460.4,Cable,1,Yes,No,Yes,Yes
CUST03783,CON03783,PAY03783,Male,73,25,56.6,1415.0,DSL,2,No,Yes,No,No
CUST03784,CON03784,PAY03784,Male,68,3,77.09,231.27,,1,Yes,No,Yes,Yes
CUST03785,CON03785,PAY03785,Male,56,69,31.53,2175.57,Cable,3,No,No,No,Yes
CUST03786,CON03786,PAY03786,Male,35,28,100.0,2800.0,Fiber Optic,3,Yes,No,Yes,Yes
CUST03787,CON03787,PAY03787,Female,18,44,97.36,4283.84,Cable,4,Yes,Yes,Yes,Yes
CUST03788,CON03788,PAY03788,Female,22,16,29.97,479.52,DSL,5,No,No,No,Yes
CUST03789,CON03789,PAY03789,Male,30,5,62.6,313.0,,9,No,No,Yes,No
CUST03790,CON03790,PAY03790,Male,70,22,103.42,2275.24,,5,Yes,Yes,Yes,No
CUST03791,CON03791,PAY03791,Female,43,50,63.46,3173.0,,5,Yes,Yes,No,No
CUST03792,CON03792,PAY03792,Female,49,6,57.3,343.8,DSL,4,Yes,No,Yes,No
CUST03793,CON03793,PAY03793,Male,34,3,57.25,171.75,,8,No,No,Yes,No
CUST03794,CON03794,PAY03794,Male,24,49,32.7,1602.3,DSL,5,Yes,No,Yes,Yes
CUST03795,CON03795,PAY03795,Male,71,55,31.44,1729.2,,4,No,Yes,Yes,No
CUST03796,CON03796,PAY03796,Male,28,59,28.97,1709.23,Cable,8,Yes,Yes,Yes,Yes
CUST03797,CON03797,PAY03797,Female,30,56,103.97,5822.32,Fiber Optic,6,No,Yes,No,Yes
CUST03798,CON03798,PAY03798,Male,36,26,49.1,1276.6,,0,No,Yes,No,No
CUST03799,CON03799,PAY03799,Female,74,1,26.9,26.9,Cable,2,Yes,Yes,Yes,Yes
CUST03800,CON03800,PAY03800,Female,57,70,76.58,5360.6,,5,Yes,No,No,Yes
CUST03801,CON03801,PAY03801,Female,39,66,31.84,2101.44,DSL,2,No,No,Yes,Yes
CUST03802,CON03802,PAY03802,Female,67,25,34.92,873.0,Fiber Optic,0,No,Yes,Yes,Yes
CUST03803,CON03803,PAY03803,Female,63,29,57.68,1672.72,,1,No,Yes,Yes,Yes
CUST03804,CON03804,PAY03804,Male,74,45,56.67,2550.15,Cable,7,No,Yes,No,Yes
CUST03805,CON03805,PAY03805,Female,69,27,60.84,1642.68,Cable,1,Yes,No,Yes,Yes
CUST03806,CON03806,PAY03806,Male,31,26,49.14,1277.64,,0,No,Yes,No,No
CUST03807,CON03807,PAY03807,Female,33,39,31.75,1238.25,,1,No,No,No,Yes
CUST03808,CON03808,PAY03808,Male,30,60,33.6,2016.0,Cable,8,Yes,Yes,Yes,Yes
CUST03809,CON03809,PAY03809,Female,18,59,101.6,5994.4,Fiber Optic,6,No,No,No,Yes
CUST03810,CON03810,PAY03810,Male,63,71,81.1,5758.1,Fiber Optic,4,No,Yes,Yes,Yes
CUST03811,CON03811,PAY03811,Male,33,13,81.19,1055.47,DSL,0,Yes,No,Yes,No
CUST03812,CON03812,PAY03812,Male,68,46,62.14,2858.44,Cable,8,No,Yes,No,Yes
CUST03813,CON03813,PAY03813,Female,57,33,98.43,3248.19,,7,No,No,No,No
CUST03814,CON03814,PAY03814,Female,64,28,57.44,1608.32,,1,No,Yes,Yes,Yes
CUST03815,CON03815,PAY03815,Male,64,58,78.64,4561.12,Cable,0,No,No,No,No
CUST03816,CON03816,PAY03816,Male,71,26,63.98,1663.48,Cable,0,Yes,No,Yes,Yes
CUST03817,CON03817,PAY03817,Male,34,25,48.66,1216.5,,1,No,Yes,No,No
CUST03818,CON03818,PAY03818,Male,72,3,75.29,225.87,,2,Yes,No,Yes,Yes
CUST03819,CON03819,PAY03819,Female,67,26,32.47,844.22,Fiber Optic,0,No,Yes,Yes,Yes
CUST03820,CON03820,PAY03820,Female,24,23,27.95,642.85,Fiber Optic,1,No,No,No,No
CUST03821,CON03821,PAY03821,Male,57,65,63.85,4150.25,Fiber Optic,1,Yes,No,Yes,No
CUST03822,CON03822,PAY03822,Male,59,71,83.24,5910.04,Fiber Optic,5,No,Yes,Yes,Yes
CUST03823,CON03823,PAY03823,Female,66,29,63.58,1843.82,Cable,1,Yes,No,Yes,Yes
CUST03824,CON03824,PAY03824,Female,55,32,103.11,3299.52,,6,No,No,No,No
CUST03825,CON03825,PAY03825,Male,21,72,76.21,5487.12,DSL,4,No,No,No,No
CUST03826,CON03826,PAY03826,Male,70,20,95.63,1912.6,,5,Yes,Yes,Yes,No
CUST03827,CON03827,PAY03827,Male,51,62,58.34,3617.08,Cable,7,Yes,Yes,No,No
CUST03828,CON03828,PAY03828,Female,29,52,63.86,3320.72,Fiber Optic,4,No,No,Yes,Yes
CUST03829,CON03829,PAY03829,Male,18,36,79.37,2857.32,DSL,8,Yes,No,No,No
CUST03830,CON03830,PAY03830,Male,19,33,83.48,2754.84,DSL,8,Yes,No,No,No
CUST03831,CON03831,PAY03831,Female,37,48,26.68,1280.64,Fiber Optic,6,No,Yes,No,Yes
CUST03832,CON03832,PAY03832,Female,60,31,95.22,2951.82,,6,No,No,No,No
CUST03833,CON03833,PAY03833,Female,54,34,53.44,1816.96,DSL,5,Yes,Yes,No,Yes
CUST03834,CON03834,PAY03834,Male,70,44,61.4,2701.6,Cable,6,No,Yes,No,Yes
CUST03835,CON03835,PAY03835,Male,19,36,75.16,2705.76,Fiber Optic,7,Yes,Yes,No,Yes
CUST03836,CON03836,PAY03836,Female,56,71,98.63,7002.73,Fiber Optic,4,Yes,Yes,Yes,Yes
CUST03837,CON03837,PAY03837,Male,57,60,56.22,3373.2,Cable,9,Yes,Yes,No,No
CUST03838,CON03838,PAY03838,Female,61,29,63.81,1850.49,,2,No,Yes,Yes,Yes
CUST03839,CON03839,PAY03839,Male,55,2,57.36,114.72,Cable,4,Yes,Yes,No,No
CUST03840,CON03840,PAY03840,Female,44,9,64.68,582.12,DSL,6,No,Yes,Yes,No
CUST03841,CON03841,PAY03841,Female,67,19,95.25,1809.75,Cable,2,No,No,Yes,No
CUST03842,CON03842,PAY03842,Female,48,33,54.06,1783.98,Fiber Optic,5,Yes,No,Yes,No
CUST03843,CON03843,PAY03843,Female,33,47,62.55,2939.85,Fiber Optic,7,Yes,No,No,Yes
CUST03844,CON03844,PAY03844,Female,20,6,95.73,574.38,,1,No,Yes,Yes,No
CUST03845,CON03845,PAY03845,Female,69,27,29.02,783.54,Fiber Optic,0,No,Yes,Yes,Yes
CUST03846,CON03846,PAY03846,Female,21,45,99.37,4471.65,Cable,3,Yes,Yes,Yes,Yes
CUST03847,CON03847,PAY03847,Male,18,36,82.46,2968.56,DSL,9,Yes,No,No,No
CUST03848,CON03848,PAY03848,Female,47,5,56.14,280.7,DSL,3,Yes,No,Yes,No
CUST03849,CON03849,PAY03849,Female,76,70,45.14,3159.8,Cable,2,No,No,Yes,Yes
CUST03850,CON03850,PAY03850,Female,72,24,82.08,1969.92,Cable,0,Yes,Yes,No,Yes
CUST03851,CON03851,PAY03851,Male,65,53,80.54,4268.62,,5,No,No,Yes,Yes
CUST03852,CON03852,PAY03852,Female,71,4,46.11,184.44,,1,No,Yes,Yes,No
CUST03853,CON03853,PAY03853,Male,33,24,100.3,2407.2,Fiber Optic,4,Yes,No,Yes,Yes
CUST03854,CON03854,PAY03854,Male,56,65,26.18,1701.7,Cable,4,No,No,No,Yes
CUST03855,CON03855,PAY03855,Male,32,6,55.34,332.04,,7,No,No,Yes,No
CUST03856,CON03856,PAY03856,Female,68,21,95.37,2002.77,Cable,3,No,No,Yes,No
CUST03857,CON03857,PAY03857,Male,55,69,27.36,1887.84,Cable,5,No,No,No,Yes
CUST03858,CON03858,PAY03858,Male,31,27,49.23,1329.21,,0,No,Yes,No,No
CUST03859,CON03859,PAY03859,Male,35,16,84.84,1357.44,DSL,1,Yes,No,Yes,No
CUST03860,CON03860,PAY03860,Male,56,1,79.19,79.19,Fiber Optic,0,No,No,No,No
CUST03861,CON03861,PAY03861,Female,45,32,45.85,1467.2,Fiber Optic,5,Yes,No,Yes,No
CUST03862,CON03862,PAY03862,Female,28,59,47.44,2798.96,Cable,1,No,Yes,Yes,No
CUST03863,CON03863,PAY03863,Female,66,22,97.79,2151.38,Cable,4,No,No,Yes,No
CUST03864,CON03864,PAY03864,Female,31,36,104.32,3755.52,Cable,0,Yes,Yes,Yes,No
CUST03865,CON03865,PAY03865,Male,47,5,102.98,514.9,DSL,5,No,No,No,No
CUST03866,CON03866,PAY03866,Male,54,3,75.16,225.48,Fiber Optic,0,No,No,No,No
CUST03867,CON03867,PAY03867,Female,22,70,52.59,3681.3,DSL,7,No,No,No,Yes
CUST03868,CON03868,PAY03868,Female,40,9,61.79,556.11,DSL,4,No,Yes,Yes,No
CUST03869,CON03869,PAY03869,Female,35,60,104.19,6251.4,Fiber Optic,5,No,Yes,No,Yes
CUST03870,CON03870,PAY03870,Female,76,39,58.87,2295.93,DSL,1,Yes,No,Yes,No
CUST03871,CON03871,PAY03871,Male,55,65,34.61,2249.65,Cable,5,No,No,No,Yes
CUST03872,CON03872,PAY03872,Male,30,59,31.01,1829.59,Cable,8,Yes,Yes,Yes,Yes
CUST03873,CON03873,PAY03873,Female,39,62,34.66,2148.92,DSL,1,No,No,Yes,Yes
CUST03874,CON03874,PAY03874,Female,25,25,25.95,648.75,Fiber Optic,1,No,No,No,No
CUST03875,CON03875,PAY03875,Female,68,38,51.79,1968.02,Cable,3,No,No,Yes,No
CUST03876,CON03876,PAY03876,Female,25,23,33.68,774.64,Fiber Optic,2,No,No,No,No
CUST03877,CON03877,PAY03877,Male,52,47,104.36,4904.92,Cable,1,No,No,Yes,No
CUST03878,CON03878,PAY03878,Male,36,19,60.36,1146.84,Fiber Optic,4,No,No,No,Yes
CUST03879,CON03879,PAY03879,Male,69,4,31.84,127.36,,5,Yes,No,Yes,No
CUST03880,CON03880,PAY03880,Male,50,1,34.76,34.76,Cable,2,Yes,Yes,No,Yes
CUST03881,CON03881,PAY03881,Female,18,61,96.45,5883.45,Fiber Optic,6,No,No,No,Yes
CUST03882,CON03882,PAY03882,Male,54,41,30.96,1269.36,,4,Yes,Yes,No,No
CUST03883,CON03883,PAY03883,Male,33,47,63.11,2966.17,Fiber Optic,8,No,No,Yes,No
CUST03884,CON03884,PAY03884,Female,21,45,100.75,4533.75,Cable,4,Yes,Yes,Yes,Yes
CUST03885,CON03885,PAY03885,Male,30,33,55.1,1818.3,Fiber Optic,2,No,No,No,Yes
CUST03886,CON03886,PAY03886,Male,72,47,59.86,2813.42,Cable,8,No,Yes,No,Yes
CUST03887,CON03887,PAY03887,Female,74,72,49.55,3567.6,Cable,0,No,No,Yes,Yes
CUST03888,CON03888,PAY03888,Female,66,46,62.87,2892.02,Fiber Optic,6,No,No,Yes,Yes
CUST03889,CON03889,PAY03889,Female,64,30,57.29,1718.7,,2,No,No,Yes,Yes
CUST03890,CON03890,PAY03890,Male,28,36,45.86,1650.96,Fiber Optic,2,Yes,No,No,No
CUST03891,CON03891,PAY03891,Female,49,43,98.26,4225.18,DSL,0,No,No,No,No
CUST03892,CON03892,PAY03892,Female,32,47,55.36,2601.92,Fiber Optic,6,Yes,No,No,Yes
CUST03893,CON03893,PAY03893,Female,50,42,82.53,3466.26,DSL,7,No,No,No,Yes
CUST03894,CON03894,PAY03894,Male,18,34,82.15,2793.1,DSL,8,Yes,No,No,No
CUST03895,CON03895,PAY03895,Female,71,29,30.15,874.35,Cable,5,No,Yes,Yes,No
CUST03896,CON03896,PAY03896,Male,33,58,24.99,1449.42,Cable,8,Yes,Yes,Yes,Yes
CUST03897,CON03897,PAY03897,Male,20,32,76.88,2460.16,Fiber Optic,6,Yes,Yes,No,Yes
CUST03898,CON03898,PAY03898,Female,76,72,52.67,3792.24,Cable,2,No,No,Yes,Yes
CUST03899,CON03899,PAY03899,Female,75,3,26.44,79.32,Cable,1,Yes,Yes,Yes,Yes
CUST03900,CON03900,PAY03900,Female,68,7,33.97,237.79,,3,Yes,No,Yes,No
CUST03901,CON03901,PAY03901,Female,29,36,29.85,1074.6,,3,No,No,No,Yes
CUST03902,CON03902,PAY03902,Male,69,4,33.61,134.44,,6,Yes,No,Yes,No
CUST03903,CON03903,PAY03903,Female,29,10,103.87,1038.7,Fiber Optic,1,Yes,Yes,No,No
CUST03904,CON03904,PAY03904,Male,36,47,54.4,2556.8,Fiber Optic,8,No,Yes,No,Yes
CUST03905,CON03905,PAY03905,Male,49,3,99.77,299.31,DSL,7,No,No,No,No
CUST03906,CON03906,PAY03906,Female,71,44,61.19,2692.36,Fiber Optic,7,No,No,Yes,Yes
CUST03907,CON03907,PAY03907,Female,57,66,28.81,1901.46,Cable,5,Yes,No,Yes,Yes
CUST03908,CON03908,PAY03908,Female,54,72,97.47,7017.84,Fiber Optic,4,Yes,Yes,Yes,Yes
CUST03909,CON03909,PAY03909,Female,55,31,30.46,944.26,,4,No,No,Yes,Yes
CUST03910,CON03910,PAY03910,Male,55,68,55.64,3783.52,Fiber Optic,0,Yes,No,Yes,No
CUST03911,CON03911,PAY03911,Male,21,71,77.83,5525.93,DSL,5,No,No,No,No
CUST03912,CON03912,PAY03912,Male,24,51,27.95,1425.45,DSL,1,No,No,Yes,Yes
CUST03913,CON03913,PAY03913,Female,72,18,96.59,1738.62,Cable,2,No,No,Yes,No
CUST03914,CON03914,PAY03914,Male,25,26,82.72,2150.72,Cable,1,No,No,Yes,No
CUST03915,CON03915,PAY03915,Male,53,20,61.29,1225.8,Cable,4,Yes,Yes,Yes,Yes
CUST03916,CON03916,PAY03916,Male,34,60,96.11,5766.6,,5,Yes,No,Yes,Yes
CUST03917,CON03917,PAY03917,Female,53,13,34.95,454.35,Fiber Optic,6,No,Yes,Yes,Yes
CUST03918,CON03918,PAY03918,Male,59,66,33.62,2218.92,Cable,3,No,No,No,Yes
CUST03919,CON03919,PAY03919,Female,73,1,29.79,29.79,Cable,1,Yes,Yes,Yes,Yes
CUST03920,CON03920,PAY03920,Female,21,71,48.33,3431.43,DSL,6,No,No,No,Yes
CUST03921,CON03921,PAY03921,Female,19,45,97.83,4402.35,Cable,2,Yes,Yes,Yes,Yes
CUST03922,CON03922,PAY03922,Male,75,36,79.33,2855.88,Fiber Optic,6,No,No,No,Yes
CUST03923,CON03923,PAY03923,Male,28,42,84.35,3542.7,DSL,3,No,No,No,No
CUST03924,CON03924,PAY03924,Female,64,26,28.65,744.9,Fiber Optic,0,No,Yes,Yes,Yes
CUST03925,CON03925,PAY03925,Female,43,68,25.3,1720.4,DSL,1,No,Yes,No,No
CUST03926,CON03926,PAY03926,Female,51,31,25.69,796.39,,4,No,No,Yes,Yes
CUST03927,CON03927,PAY03927,Female,77,3,31.41,94.23,Cable,1,Yes,Yes,Yes,Yes
CUST03928,CON03928,PAY03928,Male,25,37,53.26,1970.62,Cable,7,Yes,Yes,Yes,Yes
CUST03929,CON03929,PAY03929,Male,72,54,26.78,1446.12,,3,No,Yes,Yes,No
CUST03930,CON03930,PAY03930,Male,31,5,56.12,280.6,,9,No,No,Yes,No
CUST03931,CON03931,PAY03931,Female,73,3,27.92,83.76,Cable,2,Yes,Yes,Yes,Yes
CUST03932,CON03932,PAY03932,Male,68,48,58.79,2821.92,Cable,6,No,Yes,No,Yes
CUST03933,CON03933,PAY03933,Female,58,51,63.84,3255.84,,7,Yes,Yes,No,No
CUST03934,CON03934,PAY03934,Male,71,52,32.41,1685.32,,3,No,Yes,Yes,No
CUST03935,CON03935,PAY03935,Female,18,48,96.1,4612.8,Cable,3,Yes,Yes,Yes,Yes
CUST03936,CON03936,PAY03936,Female,36,36,95.78,3448.08,Cable,0,Yes,Yes,Yes,No
CUST03937,CON03937,PAY03937,Male,39,44,62.99,2771.56,Fiber Optic,9,No,No,Yes,No
CUST03938,CON03938,PAY03938,Male,53,5,26.72,133.6,Cable,3,Yes,Yes,No,Yes
CUST03939,CON03939,PAY03939,Female,57,26,80.04,2081.04,DSL,5,Yes,Yes,No,No
CUST03940,CON03940,PAY03940,Female,29,39,28.7,1119.3,,3,No,No,No,Yes
CUST03941,CON03941,PAY03941,Male,30,36,58.51,2106.36,Fiber Optic,1,No,No,No,Yes
CUST03942,CON03942,PAY03942,Female,68,21,100.73,2115.33,Cable,2,No,No,Yes,No
CUST03943,CON03943,PAY03943,Male,39,47,56.97,2677.59,Fiber Optic,8,No,No,Yes,No
CUST03944,CON03944,PAY03944,Male,49,66,79.37,5238.42,Fiber Optic,6,Yes,Yes,Yes,No
CUST03945,CON03945,PAY03945,Male,38,62,101.21,6275.02,,7,Yes,No,Yes,Yes
CUST03946,CON03946,PAY03946,Male,53,67,82.13,5502.71,Fiber Optic,5,Yes,Yes,Yes,No
CUST03947,CON03947,PAY03947,Male,77,22,57.07,1255.54,DSL,1,No,Yes,No,No
CUST03948,CON03948,PAY03948,Male,56,43,32.37,1391.91,,5,Yes,Yes,No,No
CUST03949,CON03949,PAY03949,Male,69,53,80.86,4285.58,,4,No,No,Yes,Yes
CUST03950,CON03950,PAY03950,Male,75,23,56.55,1300.65,DSL,2,No,Yes,No,No
CUST03951,CON03951,PAY03951,Male,30,13,78.65,1022.45,DSL,0,Yes,No,Yes,No
CUST03952,CON03952,PAY03952,Male,25,34,83.6,2842.4,Fiber Optic,7,Yes,Yes,No,Yes
CUST03953,CON03953,PAY03953,Female,42,7,57.52,402.64,DSL,4,No,Yes,Yes,No
CUST03954,CON03954,PAY03954,Female,69,26,27.99,727.74,Fiber Optic,0,No,Yes,Yes,Yes
CUST03955,CON03955,PAY03955,Male,27,56,33.72,1888.32,Cable,7,Yes,Yes,Yes,Yes
CUST03956,CON03956,PAY03956,Female,69,4,48.71,194.84,,1,No,Yes,Yes,No
CUST03957,CON03957,PAY03957,Female,65,30,64.44,1933.2,,2,No,Yes,Yes,Yes
CUST03958,CON03958,PAY03958,Female,77,39,61.81,2410.59,DSL,1,Yes,No,Yes,No
CUST03959,CON03959,PAY03959,Female,21,7,99.37,695.59,,3,No,Yes,Yes,No
CUST03960,CON03960,PAY03960,Male,57,61,62.7,3824.7,Cable,9,Yes,Yes,No,No
CUST03961,CON03961,PAY03961,Female,25,12,95.73,1148.76,Fiber Optic,3,Yes,Yes,No,No
CUST03962,CON03962,PAY03962,Female,68,50,55.2,2760.0,Cable,5,Yes,No,Yes,No
CUST03963,CON03963,PAY03963,Male,30,59,32.64,1925.76,Cable,6,Yes,Yes,Yes,Yes
CUST03964,CON03964,PAY03964,Female,62,8,30.08,240.64,,2,Yes,No,Yes,No
CUST03965,CON03965,PAY03965,Male,56,66,25.49,1682.34,Cable,5,No,No,No,Yes
CUST03966,CON03966,PAY03966,Female,22,19,31.64,601.16,DSL,7,No,No,No,Yes
CUST03967,CON03967,PAY03967,Female,50,30,100.73,3021.9,Cable,4,Yes,No,No,Yes
CUST03968,CON03968,PAY03968,Male,55,61,63.18,3853.98,Cable,8,Yes,Yes,No,No
CUST03969,CON03969,PAY03969,Male,52,22,60.94,1340.68,Cable,4,Yes,Yes,Yes,Yes
CUST03970,CON03970,PAY03970,Female,44,11,83.89,922.79,Fiber Optic,1,No,Yes,No,Yes
CUST03971,CON03971,PAY03971,Female,69,46,63.45,2918.7,Fiber Optic,6,No,No,Yes,Yes
CUST03972,CON03972,PAY03972,Male,38,46,58.43,2687.78,Fiber Optic,8,No,No,Yes,No
CUST03973,CON03973,PAY03973,Female,68,3,76.07,228.21,,7,No,No,No,Yes
CUST03974,CON03974,PAY03974,Female,50,43,95.29,4097.47,DSL,0,No,No,No,No
CUST03975,CON03975,PAY03975,Female,68,36,50.27,1809.72,Cable,3,No,No,Yes,No
CUST03976,CON03976,PAY03976,Male,54,65,34.69,2254.85,Cable,5,No,No,No,Yes
CUST03977,CON03977,PAY03977,Female,39,62,25.7,1593.4,DSL,2,No,No,Yes,Yes
CUST03978,CON03978,PAY03978,Male,71,50,79.8,3990.0,,4,No,No,Yes,Yes
CUST03979,CON03979,PAY03979,Female,53,69,96.6,6665.4,Fiber Optic,4,Yes,Yes,Yes,Yes
CUST03980,CON03980,PAY03980,Female,56,70,102.91,7203.7,Fiber Optic,2,Yes,Yes,Yes,Yes
CUST03981,CON03981,PAY03981,Female,54,10,33.66,336.6,Fiber Optic,7,No,Yes,Yes,Yes
CUST03982,CON03982,PAY03982,Female,66,22,97.15,2137.3,Cable,3,No,No,Yes,No
CUST03983,CON03983,PAY03983,Female,35,49,25.16,1232.84,Fiber Optic,5,No,Yes,No,Yes
CUST03984,CON03984,PAY03984,Male,31,41,75.98,3115.18,DSL,4,No,No,No,No
CUST03985,CON03985,PAY03985,Female,72,2,45.93,91.86,,1,No,Yes,Yes,No
CUST03986,CON03986,PAY03986,Male,63,60,77.55,4653.0,Cable,1,No,No,No,No
CUST03987,CON03987,PAY03987,Female,51,33,31.67,1045.11,,3,No,No,Yes,Yes
CUST03988,CON03988,PAY03988,Female,53,64,30.44,1948.16,Cable,3,Yes,No,Yes,Yes
CUST03989,CON03989,PAY03989,Male,18,32,49.24,1575.68,,3,No,Yes,Yes,No
CUST03990,CON03990,PAY03990,Female,59,50,63.6,3180.0,,7,Yes,Yes,No,No
CUST03991,CON03991,PAY03991,Male,24,36,51.25,1845.0,Cable,8,Yes,Yes,Yes,Yes
CUST03992,CON03992,PAY03992,Female,18,48,97.59,4684.32,DSL,8,Yes,Yes,No,Yes
CUST03993,CON03993,PAY03993,Female,66,29,59.81,1734.49,,0,No,Yes,Yes,Yes
CUST03994,CON03994,PAY03994,Male,72,25,58.72,1468.0,Cable,1,Yes,No,Yes,Yes
CUST03995,CON03995,PAY03995,Male,30,4,63.81,255.24,,9,No,No,Yes,No
CUST03996,CON03996,PAY03996,Male,27,27,84.92,2292.84,Cable,1,No,No,Yes,No
CUST03997,CON03997,PAY03997,Male,26,35,46.31,1620.85,Fiber Optic,2,Yes,No,No,No
CUST03998,CON03998,PAY03998,Male,27,43,75.91,3264.13,DSL,3,No,No,No,No
CUST03999,CON03999,PAY03999,Female,63,60,97.59,5855.4,Cable,0,No,No,Yes,Yes
CUST04000,CON04000,PAY04000,Male,34,6,56.28,337.68,,9,No,No,Yes,No
CUST04001,CON04001,PAY04001,Female,25,22,25.55,562.1,Fiber Optic,2,No,No,No,No
CUST04002,CON04002,PAY04002,Male,39,62,100.79,6248.98,,5,Yes,No,Yes,Yes
CUST04003,CON04003,PAY04003,Male,31,4,58.48,233.92,,8,No,No,Yes,No
CUST04004,CON04004,PAY04004,Male,61,65,62.67,4073.55,Fiber Optic,0,Yes,No,Yes,No
CUST04005,CON04005,PAY04005,Male,34,14,84.4,1181.6,DSL,1,Yes,No,Yes,No
CUST04006,CON04006,PAY04006,Female,58,34,54.51,1853.34,DSL,5,Yes,Yes,No,Yes
CUST04007,CON04007,PAY04007,Female,58,64,28.97,1854.08,Cable,3,Yes,No,Yes,Yes
CUST04008,CON04008,PAY04008,Male,55,32,99.44,3182.08,,7,Yes,No,Yes,No
CUST04009,CON04009,PAY04009,Male,36,19,63.77,1211.63,Fiber Optic,5,No,No,No,Yes
CUST04010,CON04010,PAY04010,Female,63,61,98.92,6034.12,Cable,0,No,No,Yes,Yes
CUST04011,CON04011,PAY04011,Female,47,32,103.69,3318.08,Cable,5,Yes,No,No,Yes
CUST04012,CON04012,PAY04012,Female,24,16,31.6,505.6,DSL,7,No,No,No,Yes
CUST04013,CON04013,PAY04013,Female,52,13,34.63,450.19,Fiber Optic,6,No,Yes,Yes,Yes
CUST04014,CON04014,PAY04014,Male,48,46,45.02,2070.92,,3,No,No,Yes,No
CUST04015,CON04015,PAY04015,Female,66,45,60.12,2705.4,Fiber Optic,8,No,No,Yes,Yes
CUST04016,CON04016,PAY04016,Female,72,19,96.35,1830.65,Cable,2,No,No,Yes,No
CUST04017,CON04017,PAY04017,Female,66,18,33.42,601.56,Fiber Optic,0,No,Yes,No,Yes
CUST04018,CON04018,PAY04018,Female,74,3,32.75,98.25,Cable,2,Yes,Yes,Yes,Yes
CUST04019,CON04019,PAY04019,Male,71,21,97.73,2052.33,,6,Yes,Yes,Yes,No
CUST04020,CON04020,PAY04020,Female,67,19,25.07,476.33,Fiber Optic,0,No,Yes,No,Yes
CUST04021,CON04021,PAY04021,Female,43,30,52.79,1583.7,Fiber Optic,3,Yes,No,Yes,No
CUST04022,CON04022,PAY04022,Male,51,6,63.55,381.3,Cable,4,Yes,Yes,No,No
CUST04023,CON04023,PAY04023,Male,55,23,55.74,1282.02,Cable,5,Yes,Yes,Yes,Yes
CUST04024,CON04024,PAY04024,Female,63,30,59.7,1791.0,,2,No,Yes,Yes,Yes
CUST04025,CON04025,PAY04025,Female,29,24,33.86,812.64,Fiber Optic,2,No,No,No,No
CUST04026,CON04026,PAY04026,Female,25,71,53.53,3800.63,DSL,7,No,No,No,Yes
CUST04027,CON04027,PAY04027,Male,60,67,55.58,3723.86,Fiber Optic,0,Yes,No,Yes,No
CUST04028,CON04028,PAY04028,Female,70,23,79.03,1817.69,Cable,1,Yes,Yes,No,Yes
CUST04029,CON04029,PAY04029,Female,63,7,26.24,183.68,,3,Yes,No,Yes,No
CUST04030,CON04030,PAY04030,Male,73,22,102.44,2253.68,,6,Yes,Yes,Yes,No
CUST04031,CON04031,PAY04031,Female,42,13,78.35,1018.55,Fiber Optic,3,No,Yes,No,Yes
CUST04032,CON04032,PAY04032,Female,71,39,61.24,2388.36,DSL,0,Yes,No,Yes,No
CUST04033,CON04033,PAY04033,Male,76,24,60.82,1459.68,DSL,2,No,Yes,No,No
CUST04034,CON04034,PAY04034,Female,59,72,76.63,5517.36,,6,Yes,No,No,Yes
CUST04035,CON04035,PAY04035,Male,58,32,99.96,3198.72,,9,Yes,No,Yes,No
CUST04036,CON04036,PAY04036,Female,31,59,48.51,2862.09,Cable,1,No,Yes,Yes,No
CUST04037,CON04037,PAY04037,Male,67,53,77.2,4091.6,,5,No,No,Yes,Yes
CUST04038,CON04038,PAY04038,Female,54,44,97.88,4306.72,DSL,0,No,No,No,No
CUST04039,CON04039,PAY04039,Female,29,24,29.81,715.44,Fiber Optic,0,No,No,No,No
CUST04040,CON04040,PAY04040,Female,54,68,29.46,2003.28,Cable,4,Yes,No,Yes,Yes
CUST04041,CON04041,PAY04041,Female,57,33,29.71,980.43,,5,No,No,Yes,Yes
CUST04042,CON04042,PAY04042,Female,67,4,27.15,108.6,,3,Yes,No,Yes,No
CUST04043,CON04043,PAY04043,Female,63,28,55.86,1564.08,,1,No,Yes,Yes,Yes
CUST04044,CON04044,PAY04044,Female,64,26,32.16,836.16,Fiber Optic,1,No,Yes,Yes,Yes
CUST04045,CON04045,PAY04045,Female,64,28,60.48,1693.44,,0,No,No,Yes,Yes
CUST04046,CON04046,PAY04046,Male,29,28,97.9,2741.2,Fiber Optic,4,Yes,No,Yes,Yes
CUST04047,CON04047,PAY04047,Female,57,25,78.94,1973.5,DSL,3,Yes,Yes,No,No
CUST04048,CON04048,PAY04048,Female,51,33,25.63,845.79,,4,No,No,Yes,Yes
CUST04049,CON04049,PAY04049,Male,21,72,76.78,5528.16,DSL,4,No,No,No,No
CUST04050,CON04050,PAY04050,Female,65,19,26.17,497.23,Fiber Optic,2,No,Yes,No,Yes
CUST04051,CON04051,PAY04051,Male,39,44,63.61,2798.84,Fiber Optic,8,No,No,Yes,No
CUST04052,CON04052,PAY04052,Male,52,1,84.11,84.11,Fiber Optic,0,No,No,No,No
CUST04053,CON04053,PAY04053,Male,21,12,50.87,610.44,Cable,5,Yes,Yes,No,Yes
CUST04054,CON04054,PAY04054,Male,31,49,48.87,2394.63,Fiber Optic,9,No,Yes,No,Yes
CUST04055,CON04055,PAY04055,Male,72,5,33.15,165.75,,6,Yes,No,Yes,No
CUST04056,CON04056,PAY04056,Male,32,49,52.49,2572.01,Fiber Optic,8,No,Yes,No,Yes
CUST04057,CON04057,PAY04057,Female,69,28,63.58,1780.24,Cable,2,Yes,No,Yes,Yes
CUST04058,CON04058,PAY04058,Female,71,4,52.34,209.36,,1,No,Yes,Yes,No
CUST04059,CON04059,PAY04059,Female,55,11,34.58,380.38,Fiber Optic,7,No,Yes,Yes,Yes
CUST04060,CON04060,PAY04060,Male,35,17,60.0,1020.0,Fiber Optic,3,No,No,No,Yes
CUST04061,CON04061,PAY04061,Male,57,45,31.23,1405.35,,5,Yes,Yes,No,No
CUST04062,CON04062,PAY04062,Male,36,25,47.95,1198.75,,0,No,Yes,No,No
CUST04063,CON04063,PAY04063,Male,46,1,99.33,99.33,DSL,7,No,No,No,No
CUST04064,CON04064,PAY04064,Female,35,55,56.72,3119.6,Fiber Optic,3,No,No,Yes,Yes
CUST04065,CON04065,PAY04065,Male,20,53,27.59,1462.27,DSL,0,No,No,Yes,Yes
CUST04066,CON04066,PAY04066,Female,41,70,30.68,2147.6,DSL,0,No,Yes,No,No
CUST04067,CON04067,PAY04067,Male,34,60,103.02,6181.2,,6,Yes,No,Yes,Yes
CUST04068,CON04068,PAY04068,Male,48,5,99.89,499.45,DSL,5,No,No,No,No
CUST04069,CON04069,PAY04069,Female,47,29,47.35,1373.15,Fiber Optic,5,Yes,No,Yes,No
CUST04070,CON04070,PAY04070,Female,35,36,97.11,3495.96,Cable,0,Yes,Yes,Yes,No
CUST04071,CON04071,PAY04071,Male,74,6,32.65,195.9,,6,Yes,No,Yes,No
CUST04072,CON04072,PAY04072,Male,23,36,50.16,1805.76,Cable,7,Yes,Yes,Yes,Yes
CUST04073,CON04073,PAY04073,Male,51,61,55.08,3359.88,Cable,7,Yes,Yes,No,No
CUST04074,CON04074,PAY04074,Female,64,59,102.4,6041.6,Cable,1,No,No,Yes,Yes
CUST04075,CON04075,PAY04075,Female,62,17,34.06,579.02,Fiber Optic,0,No,Yes,No,Yes
CUST04076,CON04076,PAY04076,Male,18,12,45.97,551.64,Cable,3,Yes,Yes,No,Yes
CUST04077,CON04077,PAY04077,Female,29,59,50.69,2990.71,Cable,1,No,Yes,Yes,No
CUST04078,CON04078,PAY04078,Female,62,8,27.52,220.16,,2,Yes,No,Yes,No
CUST04079,CON04079,PAY04079,Male,22,28,77.95,2182.6,Cable,0,No,No,Yes,No
CUST04080,CON04080,PAY04080,Female,74,6,76.15,456.9,,8,No,No,No,Yes
CUST04081,CON04081,PAY04081,Male,56,1,77.13,77.13,Fiber Optic,0,No,No,No,No
CUST04082,CON04082,PAY04082,Female,61,30,59.14,1774.2,,1,No,Yes,Yes,Yes
CUST04083,CON04083,PAY04083,Female,31,44,56.09,2467.96,Fiber Optic,5,Yes,No,No,Yes
CUST04084,CON04084,PAY04084,Male,28,37,63.79,2360.23,Fiber Optic,1,No,No,No,Yes
CUST04085,CON04085,PAY04085,Female,32,49,26.85,1315.65,Fiber Optic,7,No,Yes,No,Yes
CUST04086,CON04086,PAY04086,Male,30,14,80.8,1131.2,DSL,1,Yes,No,Yes,No
CUST04087,CON04087,PAY04087,Male,20,33,81.31,2683.23,Fiber Optic,8,Yes,Yes,No,Yes
CUST04088,CON04088,PAY04088,Female,20,45,101.7,4576.5,Cable,4,Yes,Yes,Yes,Yes
CUST04089,CON04089,PAY04089,Male,66,62,34.68,2150.16,,1,No,Yes,Yes,No
CUST04090,CON04090,PAY04090,Female,29,39,25.61,998.79,,1,No,No,No,Yes
CUST04091,CON04091,PAY04091,Female,68,52,64.38,3347.76,Cable,6,Yes,No,Yes,No
CUST04092,CON04092,PAY04092,Male,36,64,98.73,6318.72,,6,Yes,No,Yes,Yes
CUST04093,CON04093,PAY04093,Male,29,35,57.36,2007.6,Fiber Optic,2,No,No,No,Yes
CUST04094,CON04094,PAY04094,Female,71,3,75.69,227.07,,8,No,No,No,Yes
CUST04095,CON04095,PAY04095,Female,72,24,83.1,1994.4,Cable,0,Yes,Yes,No,Yes
CUST04096,CON04096,PAY04096,Female,32,48,28.63,1374.24,Fiber Optic,6,No,Yes,No,Yes
CUST04097,CON04097,PAY04097,Female,70,37,50.55,1870.35,Cable,2,No,No,Yes,No
CUST04098,CON04098,PAY04098,Male,22,70,82.11,5747.7,DSL,4,No,No,No,No
CUST04099,CON04099,PAY04099,Female,21,45,101.13,4550.85,DSL,7,Yes,Yes,No,Yes
CUST04100,CON04100,PAY04100,Female,69,42,64.37,2703.54,Fiber Optic,6,No,No,Yes,Yes
CUST04101,CON04101,PAY04101,Female,32,45,62.51,2812.95,Fiber Optic,5,Yes,No,No,Yes
CUST04102,CON04102,PAY04102,Female,56,25,80.76,2019.0,DSL,5,Yes,Yes,No,No
CUST04103,CON04103,PAY04103,Female,60,24,75.83,1819.92,DSL,5,Yes,Yes,No,No
CUST04104,CON04104,PAY04104,Male,74,25,58.65,1466.25,Cable,0,Yes,No,Yes,Yes
CUST04105,CON04105,PAY04105,Female,64,24,25.01,600.24,Fiber Optic,0,No,Yes,Yes,Yes
CUST04106,CON04106,PAY04106,Male,20,22,29.69,653.18,DSL,1,No,Yes,No,Yes
CUST04107,CON04107,PAY04107,Female,30,22,29.13,640.86,Fiber Optic,2,No,No,No,No
CUST04108,CON04108,PAY04108,Female,60,31,99.09,3071.79,,7,No,No,No,No
CUST04109,CON04109,PAY04109,Male,53,51,103.94,5300.94,Cable,0,No,No,Yes,No
CUST04110,CON04110,PAY04110,Male,29,34,62.71,2132.14,Fiber Optic,2,No,No,No,Yes
CUST04111,CON04111,PAY04111,Female,43,67,27.05,1812.35,DSL,0,No,Yes,No,No
CUST04112,CON04112,PAY04112,Male,51,55,63.26,3479.3,Cable,2,No,Yes,No,No
CUST04113,CON04113,PAY04113,Female,50,30,100.48,3014.4,Cable,4,Yes,No,No,Yes
CUST04114,CON04114,PAY04114,Female,55,68,31.42,2136.56,Cable,3,Yes,No,Yes,Yes
CUST04115,CON04115,PAY04115,Male,74,24,63.04,1512.96,DSL,0,No,Yes,No,No
CUST04116,CON04116,PAY04116,Female,55,10,31.22,312.2,Fiber Optic,7,No,Yes,Yes,Yes
CUST04117,CON04117,PAY04117,Male,71,22,57.85,1272.7,Cable,0,Yes,No,Yes,Yes
CUST04118,CON04118,PAY04118,Male,57,31,97.34,3017.54,,9,Yes,No,Yes,No
CUST04119,CON04119,PAY04119,Male,18,33,84.51,2788.83,DSL,8,Yes,No,No,No
CUST04120,CON04120,PAY04120,Male,27,27,83.1,2243.7,Cable,0,No,No,Yes,No
CUST04121,CON04121,PAY04121,Female,64,31,60.78,1884.18,,1,No,Yes,Yes,Yes
CUST04122,CON04122,PAY04122,Female,45,43,78.49,3375.07,DSL,7,No,No,No,Yes
CUST04123,CON04123,PAY04123,Male,18,33,52.77,1741.41,,3,No,Yes,Yes,No
CUST04124,CON04124,PAY04124,Female,72,29,32.98,956.42,Cable,5,No,Yes,Yes,No
CUST04125,CON04125,PAY04125,Female,75,72,46.17,3324.24,Cable,0,No,No,Yes,Yes
CUST04126,CON04126,PAY04126,Female,50,5,60.21,301.05,DSL,4,Yes,No,Yes,No
CUST04127,CON04127,PAY04127,Female,35,62,32.3,2002.6,DSL,1,No,No,Yes,Yes
CUST04128,CON04128,PAY04128,Male,58,69,63.44,4377.36,Fiber Optic,1,Yes,No,Yes,No
CUST04129,CON04129,PAY04129,Male,71,37,79.27,2932.99,Fiber Optic,7,No,No,No,Yes
CUST04130,CON04130,PAY04130,Male,58,69,58.42,4030.98,Fiber Optic,0,Yes,No,Yes,No
CUST04131,CON04131,PAY04131,Male,36,48,62.36,2993.28,Fiber Optic,9,No,No,Yes,No
CUST04132,CON04132,PAY04132,Female,50,44,75.76,3333.44,DSL,7,No,No,No,Yes
CUST04133,CON04133,PAY04133,Male,53,32,103.66,3317.12,,7,Yes,No,Yes,No
CUST04134,CON04134,PAY04134,Female,45,15,82.42,1236.3,Fiber Optic,1,No,Yes,No,Yes
CUST04135,CON04135,PAY04135,Female,41,68,34.29,2331.72,DSL,0,No,Yes,No,No
CUST04136,CON04136,PAY04136,Male,20,36,79.35,2856.6,Fiber Optic,6,Yes,Yes,No,Yes
CUST04137,CON04137,PAY04137,Male,38,20,55.97,1119.4,Fiber Optic,5,No,No,No,Yes
CUST04138,CON04138,PAY04138,Female,60,31,58.03,1798.93,,1,No,Yes,Yes,Yes
CUST04139,CON04139,PAY04139,Male,57,29,104.52,3031.08,,7,Yes,No,Yes,No
CUST04140,CON04140,PAY04140,Female,21,69,54.84,3783.96,DSL,6,No,No,No,Yes
CUST04141,CON04141,PAY04141,Male,56,67,25.65,1718.55,Cable,3,No,No,No,Yes
CUST04142,CON04142,PAY04142,Female,60,32,95.69,3062.08,,6,No,No,No,No
CUST04143,CON04143,PAY04143,Female,55,70,97.77,6843.9,Fiber Optic,4,Yes,Yes,Yes,Yes
CUST04144,CON04144,PAY04144,Female,60,48,59.56,2858.88,,6,Yes,Yes,No,No
CUST04145,CON04145,PAY04145,Male,55,45,31.48,1416.6,,4,Yes,Yes,No,No
CUST04146,CON04146,PAY04146,Male,23,51,27.53,1404.03,DSL,0,No,No,Yes,Yes
CUST04147,CON04147,PAY04147,Male,31,24,100.11,2402.64,Fiber Optic,4,Yes,No,Yes,Yes
CUST04148,CON04148,PAY04148,Male,51,48,47.49,2279.52,,3,No,No,Yes,No
CUST04149,CON04149,PAY04149,Male,19,55,28.79,1583.45,DSL,2,No,No,Yes,Yes
CUST04150,CON04150,PAY04150,Female,51,4,62.2,248.8,DSL,5,Yes,No,Yes,No
CUST04151,CON04151,PAY04151,Female,68,27,55.19,1490.13,Cable,1,Yes,No,Yes,Yes
CUST04152,CON04152,PAY04152,Male,32,26,49.77,1294.02,,1,No,Yes,No,No
CUST04153,CON04153,PAY04153,Male,22,36,45.56,1640.16,Fiber Optic,2,Yes,No,No,No
CUST04154,CON04154,PAY04154,Female,52,64,30.04,1922.56,Cable,4,Yes,No,Yes,Yes
CUST04155,CON04155,PAY04155,Female,44,70,26.8,1876.0,DSL,1,No,Yes,No,No
CUST04156,CON04156,PAY04156,Female,57,52,58.16,3024.32,,6,Yes,Yes,No,No
CUST04157,CON04157,PAY04157,Female,42,46,62.08,2855.68,,4,Yes,Yes,No,No
CUST04158,CON04158,PAY04158,Male,54,32,103.28,3304.96,,8,Yes,No,Yes,No
CUST04159,CON04159,PAY04159,Male,23,72,79.83,5747.76,DSL,5,No,No,No,No
CUST04160,CON04160,PAY04160,Female,33,38,100.02,3800.76,Cable,0,Yes,Yes,Yes,No
CUST04161,CON04161,PAY04161,Male,32,50,49.09,2454.5,Fiber Optic,9,No,Yes,No,Yes
CUST04162,CON04162,PAY04162,Female,48,30,50.45,1513.5,Fiber Optic,5,Yes,No,Yes,No
CUST04163,CON04163,PAY04163,Female,59,51,58.0,2958.0,,7,Yes,Yes,No,No
CUST04164,CON04164,PAY04164,Female,66,44,60.05,2642.2,Fiber Optic,7,No,No,Yes,Yes
CUST04165,CON04165,PAY04165,Female,56,31,29.18,904.58,,3,No,No,Yes,Yes
CUST04166,CON04166,PAY04166,Female,26,14,97.84,1369.76,Fiber Optic,2,Yes,Yes,No,No
CUST04167,CON04167,PAY04167,Male,30,36,58.23,2096.28,Fiber Optic,0,No,No,No,Yes
CUST04168,CON04168,PAY04168,Female,18,45,103.34,4650.3,DSL,8,Yes,Yes,No,Yes
CUST04169,CON04169,PAY04169,Male,35,51,49.41,2519.91,Fiber Optic,7,No,Yes,No,Yes
CUST04170,CON04170,PAY04170,Female,54,42,99.96,4198.32,DSL,1,No,No,No,No
CUST04171,CON04171,PAY04171,Male,61,69,62.11,4285.59,Fiber Optic,1,Yes,No,Yes,No
CUST04172,CON04172,PAY04172,Male,34,49,51.79,2537.71,Fiber Optic,9,No,Yes,No,Yes
CUST04173,CON04173,PAY04173,Female,51,9,31.35,282.15,Fiber Optic,8,No,Yes,Yes,Yes
CUST04174,CON04174,PAY04174,Female,51,10,27.53,275.3,Fiber Optic,8,No,Yes,Yes,Yes
CUST04175,CON04175,PAY04175,Male,36,60,104.13,6247.8,,7,Yes,No,Yes,Yes
CUST04176,CON04176,PAY04176,Male,62,62,26.24,1626.88,,1,No,Yes,Yes,No
CUST04177,CON04177,PAY04177,Male,74,36,83.99,3023.64,Fiber Optic,6,No,No,No,Yes
CUST04178,CON04178,PAY04178,Female,75,72,45.43,3270.96,Cable,2,No,No,Yes,Yes
CUST04179,CON04179,PAY04179,Male,34,47,52.54,2469.38,Fiber Optic,7,No,Yes,No,Yes
CUST04180,CON04180,PAY04180,Male,27,25,82.29,2057.25,Cable,1,No,No,Yes,No
CUST04181,CON04181,PAY04181,Male,36,49,48.17,2360.33,Fiber Optic,8,No,Yes,No,Yes
CUST04182,CON04182,PAY04182,Female,28,46,61.18,2814.28,Fiber Optic,5,Yes,No,No,Yes
CUST04183,CON04183,PAY04183,Male,18,31,45.36,1406.16,,3,No,Yes,Yes,No
CUST04184,CON04184,PAY04184,Female,53,70,102.9,7203.0,Fiber Optic,3,Yes,Yes,Yes,Yes
CUST04185,CON04185,PAY04185,Male,46,44,54.22,2385.68,,2,No,No,Yes,No
CUST04186,CON04186,PAY04186,Male,34,19,55.34,1051.46,Fiber Optic,3,No,No,No,Yes
CUST04187,CON04187,PAY04187,Male,29,27,102.07,2755.89,Fiber Optic,4,Yes,No,Yes,Yes
CUST04188,CON04188,PAY04188,Female,69,4,80.87,323.48,,7,No,No,No,Yes
CUST04189,CON04189,PAY04189,Male,70,6,29.59,177.54,,5,Yes,No,Yes,No
CUST04190,CON04190,PAY04190,Male,61,65,58.16,3780.4,Fiber Optic,0,Yes,No,Yes,No
CUST04191,CON04191,PAY04191,Male,56,2,58.36,116.72,Cable,3,Yes,Yes,No,No
CUST04192,CON04192,PAY04192,Male,21,36,84.55,3043.8,DSL,8,Yes,No,No,No
CUST04193,CON04193,PAY04193,Female,63,70,81.08,5675.6,,6,Yes,No,No,Yes
CUST04194,CON04194,PAY04194,Female,72,19,102.36,1944.84,Cable,4,No,No,Yes,No
CUST04195,CON04195,PAY04195,Female,24,70,49.19,3443.3,DSL,7,No,No,No,Yes
CUST04196,CON04196,PAY04196,Female,24,22,30.38,668.36,Fiber Optic,1,No,No,No,No
CUST04197,CON04197,PAY04197,Male,57,62,57.66,3574.92,Cable,8,Yes,Yes,No,No
CUST04198,CON04198,PAY04198,Female,47,43,78.96,3395.28,DSL,7,No,No,No,Yes
CUST04199,CON04199,PAY04199,Female,63,18,30.88,555.84,Fiber Optic,1,No,Yes,No,Yes
CUST04200,CON04200,PAY04200,Female,53,69,103.74,7158.06,Fiber Optic,4,Yes,Yes,Yes,Yes
CUST04201,CON04201,PAY04201,Female,60,23,76.73,1764.79,DSL,5,Yes,Yes,No,No
CUST04202,CON04202,PAY04202,Male,18,30,48.03,1440.9,,1,No,Yes,Yes,No
CUST04203,CON04203,PAY04203,Female,72,29,28.62,829.98,Cable,5,No,Yes,Yes,No
CUST04204,CON04204,PAY04204,Male,20,32,51.84,1658.88,,1,No,Yes,Yes,No
CUST04205,CON04205,PAY04205,Male,33,13,83.15,1080.95,DSL,2,Yes,No,Yes,No
CUST04206,CON04206,PAY04206,Female,48,45,82.35,3705.75,DSL,8,No,No,No,Yes
CUST04207,CON04207,PAY04207,Male,20,37,49.91,1846.67,Cable,7,Yes,Yes,Yes,Yes
CUST04208,CON04208,PAY04208,Female,25,10,95.79,957.9,Fiber Optic,3,Yes,Yes,No,No
CUST04209,CON04209,PAY04209,Male,32,47,51.46,2418.62,Fiber Optic,8,No,Yes,No,Yes
CUST04210,CON04210,PAY04210,Female,41,13,83.0,1079.0,Fiber Optic,1,No,Yes,No,Yes
CUST04211,CON04211,PAY04211,Female,53,30,30.56,916.8,,5,No,No,Yes,Yes
CUST04212,CON04212,PAY04212,Female,26,69,47.56,3281.64,DSL,8,No,No,No,Yes
CUST04213,CON04213,PAY04213,Male,22,38,54.83,2083.54,Cable,7,Yes,Yes,Yes,Yes
CUST04214,CON04214,PAY04214,Male,49,3,101.46,304.38,DSL,6,No,No,No,No
CUST04215,CON04215,PAY04215,Female,68,5,31.82,159.1,,4,Yes,No,Yes,No
CUST04216,CON04216,PAY04216,Female,35,35,95.02,3325.7,Cable,1,Yes,Yes,Yes,No
CUST04217,CON04217,PAY04217,Female,68,2,53.63,107.26,,2,No,Yes,Yes,No
CUST04218,CON04218,PAY04218,Female,59,49,60.63,2970.87,,7,Yes,Yes,No,No
CUST04219,CON04219,PAY04219,Female,41,70,32.37,2265.9,DSL,0,No,Yes,No,No
CUST04220,CON04220,PAY04220,Male,19,36,78.67,2832.12,Fiber Optic,7,Yes,Yes,No,Yes
CUST04221,CON04221,PAY04221,Male,55,5,59.37,296.85,Cable,3,Yes,Yes,No,No
CUST04222,CON04222,PAY04222,Male,68,57,81.21,4628.97,Cable,1,No,No,No,No
CUST04223,CON04223,PAY04223,Female,32,44,61.14,2690.16,Fiber Optic,6,Yes,No,No,Yes
CUST04224,CON04224,PAY04224,Male,38,64,98.43,6299.52,,5,Yes,No,Yes,Yes
CUST04225,CON04225,PAY04225,Male,59,45,28.44,1279.8,,3,Yes,Yes,No,No
CUST04226,CON04226,PAY04226,Male,54,67,29.62,1984.54,Cable,4,No,No,No,Yes
CUST04227,CON04227,PAY04227,Female,53,43,98.34,4228.62,DSL,0,No,No,No,No
CUST04228,CON04228,PAY04228,Female,45,30,51.65,1549.5,Fiber Optic,5,Yes,No,Yes,No
CUST04229,CON04229,PAY04229,Male,24,50,26.91,1345.5,DSL,6,Yes,No,Yes,Yes
CUST04230,CON04230,PAY04230,Female,62,28,63.01,1764.28,,2,No,No,Yes,Yes
CUST04231,CON04231,PAY04231,Female,40,70,29.42,2059.4,DSL,1,No,Yes,No,No
CUST04232,CON04232,PAY04232,Male,21,34,74.99,2549.66,DSL,7,Yes,No,No,No
CUST04233,CON04233,PAY04233,Female,54,72,103.31,7438.32,Fiber Optic,3,Yes,Yes,Yes,Yes
CUST04234,CON04234,PAY04234,Male,47,1,96.03,96.03,DSL,6,No,No,No,No
CUST04235,CON04235,PAY04235,Male,59,71,77.67,5514.57,Fiber Optic,5,No,Yes,Yes,Yes
CUST04236,CON04236,PAY04236,Male,35,4,60.41,241.64,,9,No,No,Yes,No
CUST04237,CON04237,PAY04237,Female,27,62,50.47,3129.14,Cable,1,No,Yes,Yes,No
CUST04238,CON04238,PAY04238,Female,66,20,95.71,1914.2,Cable,3,No,No,Yes,No
CUST04239,CON04239,PAY04239,Female,27,59,49.67,2930.53,Cable,1,No,Yes,Yes,No
CUST04240,CON04240,PAY04240,Male,46,1,102.37,102.37,DSL,7,No,No,No,No
CUST04241,CON04241,PAY04241,Female,27,44,55.24,2430.56,Fiber Optic,7,Yes,No,No,Yes
CUST04242,CON04242,PAY04242,Female,77,37,61.49,2275.13,DSL,0,Yes,No,Yes,No
CUST04243,CON04243,PAY04243,Female,63,68,79.97,5437.96,,5,Yes,No,No,Yes
CUST04244,CON04244,PAY04244,Male,54,1,79.74,79.74,Fiber Optic,0,No,No,No,No
CUST04245,CON04245,PAY04245,Female,24,19,25.39,482.41,DSL,5,No,No,No,Yes
CUST04246,CON04246,PAY04246,Male,24,33,84.53,2789.49,Fiber Optic,6,Yes,Yes,No,Yes
CUST04247,CON04247,PAY04247,Male,29,26,99.08,2576.08,Fiber Optic,4,Yes,No,Yes,Yes
CUST04248,CON04248,PAY04248,Male,28,37,45.58,1686.46,Fiber Optic,1,Yes,No,No,No
CUST04249,CON04249,PAY04249,Male,52,46,45.93,2112.78,,4,No,No,Yes,No
CUST04250,CON04250,PAY04250,Male,20,40,47.86,1914.4,Cable,8,Yes,Yes,Yes,Yes
CUST04251,CON04251,PAY04251,Male,60,66,60.29,3979.14,Fiber Optic,0,Yes,No,Yes,No
CUST04252,CON04252,PAY04252,Female,70,27,64.98,1754.46,Cable,2,Yes,No,Yes,Yes
CUST04253,CON04253,PAY04253,Male,34,47,47.63,2238.61,Fiber Optic,9,No,Yes,No,Yes
CUST04254,CON04254,PAY04254,Male,54,65,27.69,1799.85,Cable,3,No,No,No,Yes
CUST04255,CON04255,PAY04255,Female,40,70,25.22,1765.4,DSL,0,No,Yes,No,No
CUST04256,CON04256,PAY04256,Male,57,2,62.89,125.78,Cable,3,Yes,Yes,No,No
CUST04257,CON04257,PAY04257,Female,54,64,29.43,1883.52,Cable,5,Yes,No,Yes,Yes
CUST04258,CON04258,PAY04258,Female,29,25,30.11,752.75,Fiber Optic,1,No,No,No,No
CUST04259,CON04259,PAY04259,Female,69,51,64.5,3289.5,Cable,5,Yes,No,Yes,No
CUST04260,CON04260,PAY04260,Female,50,30,102.02,3060.6,Cable,3,Yes,No,No,Yes
CUST04261,CON04261,PAY04261,Female,71,72,48.73,3508.56,Cable,2,No,No,Yes,Yes
CUST04262,CON04262,PAY04262,Female,56,65,25.37,1649.05,Cable,3,Yes,No,Yes,Yes
CUST04263,CON04263,PAY04263,Female,66,31,64.89,2011.59,Cable,0,Yes,No,Yes,Yes
CUST04264,CON04264,PAY04264,Female,68,8,30.14,241.12,,3,Yes,No,Yes,No
CUST04265,CON04265,PAY04265,Female,24,25,31.74,793.5,Fiber Optic,1,No,No,No,No
CUST04266,CON04266,PAY04266,Female,55,48,64.14,3078.72,,5,Yes,Yes,No,No
CUST04267,CON04267,PAY04267,Male,67,4,84.92,339.68,,0,Yes,No,Yes,Yes
CUST04268,CON04268,PAY04268,Female,29,24,27.38,657.12,Fiber Optic,0,No,No,No,No
CUST04269,CON04269,PAY04269,Female,55,64,32.41,2074.24,Cable,3,Yes,No,Yes,Yes
CUST04270,CON04270,PAY04270,Female,21,9,100.38,903.42,,1,No,Yes,Yes,No
CUST04271,CON04271,PAY04271,Male,57,21,63.57,1334.97,Cable,4,Yes,Yes,Yes,Yes
CUST04272,CON04272,PAY04272,Female,20,59,101.9,6012.1,Fiber Optic,8,No,No,No,Yes
CUST04273,CON04273,PAY04273,Female,26,17,33.69,572.73,DSL,7,No,No,No,Yes
CUST04274,CON04274,PAY04274,Male,26,72,84.78,6104.16,DSL,5,No,No,No,No
CUST04275,CON04275,PAY04275,Female,50,43,77.19,3319.17,DSL,6,No,No,No,Yes
CUST04276,CON04276,PAY04276,Male,58,70,80.3,5621.0,Fiber Optic,4,No,Yes,Yes,Yes
CUST04277,CON04277,PAY04277,Female,21,45,96.38,4337.1,DSL,6,Yes,Yes,No,Yes
CUST04278,CON04278,PAY04278,Female,44,43,77.97,3352.71,DSL,7,No,No,No,Yes
CUST04279,CON04279,PAY04279,Female,40,11,75.77,833.47,Fiber Optic,3,No,Yes,No,Yes
CUST04280,CON04280,PAY04280,Female,42,9,60.71,546.39,DSL,4,No,Yes,Yes,No
CUST04281,CON04281,PAY04281,Male,26,41,76.62,3141.42,DSL,4,No,No,No,No
CUST04282,CON04282,PAY04282,Female,23,18,33.39,601.02,DSL,7,No,No,No,Yes
CUST04283,CON04283,PAY04283,Female,77,70,49.28,3449.6,Cable,2,No,No,Yes,Yes
CUST04284,CON04284,PAY04284,Female,68,4,48.92,195.68,,1,No,Yes,Yes,No
CUST04285,CON04285,PAY04285,Male,69,21,104.22,2188.62,,5,Yes,Yes,Yes,No
CUST04286,CON04286,PAY04286,Female,22,71,52.61,3735.31,DSL,7,No,No,No,Yes
CUST04287,CON04287,PAY04287,Male,18,32,53.27,1704.64,,3,No,Yes,Yes,No
CUST04288,CON04288,PAY04288,Female,31,11,100.57,1106.27,Fiber Optic,1,Yes,Yes,No,No
CUST04289,CON04289,PAY04289,Female,66,6,25.05,150.3,,2,Yes,No,Yes,No
CUST04290,CON04290,PAY04290,Female,46,11,77.37,851.07,Fiber Optic,1,No,Yes,No,Yes
CUST04291,CON04291,PAY04291,Female,62,69,83.13,5735.97,,5,Yes,No,No,Yes
CUST04292,CON04292,PAY04292,Female,56,51,56.2,2866.2,,5,Yes,Yes,No,No
CUST04293,CON04293,PAY04293,Female,61,52,59.28,3082.56,,7,Yes,Yes,No,No
CUST04294,CON04294,PAY04294,Male,70,20,95.97,1919.4,,6,Yes,Yes,Yes,No
CUST04295,CON04295,PAY04295,Male,33,58,33.58,1947.64,Cable,8,Yes,Yes,Yes,Yes
CUST04296,CON04296,PAY04296,Female,65,30,57.95,1738.5,Cable,0,Yes,No,Yes,Yes
CUST04297,CON04297,PAY04297,Female,64,30,59.29,1778.7,,1,No,No,Yes,Yes
CUST04298,CON04298,PAY04298,Male,35,24,100.92,2422.08,Fiber Optic,4,Yes,No,Yes,Yes
CUST04299,CON04299,PAY04299,Female,40,7,63.46,444.22,DSL,6,No,Yes,Yes,No
CUST04300,CON04300,PAY04300,Female,46,44,84.47,3716.68,DSL,8,No,No,No,Yes
CUST04301,CON04301,PAY04301,Male,22,72,80.17,5772.24,DSL,5,No,No,No,No
CUST04302,CON04302,PAY04302,Female,67,21,28.78,604.38,Fiber Optic,0,No,Yes,No,Yes
CUST04303,CON04303,PAY04303,Male,22,71,82.31,5844.01,DSL,6,No,No,No,No
CUST04304,CON04304,PAY04304,Male,70,51,77.61,3958.11,,5,No,No,Yes,Yes
CUST04305,CON04305,PAY04305,Female,21,60,98.35,5901.0,Fiber Optic,8,No,No,No,Yes
CUST04306,CON04306,PAY04306,Female,69,26,28.83,749.58,Cable,5,No,Yes,Yes,No
CUST04307,CON04307,PAY04307,Female,37,47,27.22,1279.34,Fiber Optic,5,No,Yes,No,Yes
CUST04308,CON04308,PAY04308,Male,60,66,64.86,4280.76,Fiber Optic,0,Yes,No,Yes,No
CUST04309,CON04309,PAY04309,Female,53,13,32.76,425.88,Fiber Optic,8,No,Yes,Yes,Yes
CUST04310,CON04310,PAY04310,Female,27,25,25.66,641.5,Fiber Optic,1,No,No,No,No
CUST04311,CON04311,PAY04311,Male,22,72,76.18,5484.96,DSL,6,No,No,No,No
CUST04312,CON04312,PAY04312,Female,41,63,31.99,2015.37,DSL,3,No,No,Yes,Yes
CUST04313,CON04313,PAY04313,Male,27,59,28.58,1686.22,Cable,6,Yes,Yes,Yes,Yes
CUST04314,CON04314,PAY04314,Male,29,36,58.87,2119.32,Fiber Optic,0,No,No,No,Yes
CUST04315,CON04315,PAY04315,Male,33,58,30.41,1763.78,Cable,8,Yes,Yes,Yes,Yes
CUST04316,CON04316,PAY04316,Male,19,34,82.64,2809.76,DSL,7,Yes,No,No,No
CUST04317,CON04317,PAY04317,Female,50,9,34.64,311.76,Fiber Optic,7,No,Yes,Yes,Yes
CUST04318,CON04318,PAY04318,Female,19,44,102.12,4493.28,Cable,4,Yes,Yes,Yes,Yes
CUST04319,CON04319,PAY04319,Female,64,31,55.67,1725.77,,1,No,Yes,Yes,Yes
CUST04320,CON04320,PAY04320,Male,51,64,75.29,4818.56,Fiber Optic,6,Yes,Yes,Yes,No
CUST04321,CON04321,PAY04321,Male,33,45,64.46,2900.7,Fiber Optic,9,No,No,Yes,No
CUST04322,CON04322,PAY04322,Female,22,8,102.63,821.04,,2,No,Yes,Yes,No
CUST04323,CON04323,PAY04323,Male,57,1,84.76,84.76,Fiber Optic,1,No,No,No,No
CUST04324,CON04324,PAY04324,Female,33,53,57.38,3041.14,Fiber Optic,4,No,No,Yes,Yes
CUST04325,CON04325,PAY04325,Male,36,60,95.86,5751.6,,6,Yes,No,Yes,Yes
CUST04326,CON04326,PAY04326,Female,47,3,55.4,166.2,DSL,4,Yes,No,Yes,No
CUST04327,CON04327,PAY04327,Male,75,26,61.78,1606.28,Cable,1,Yes,No,Yes,Yes
CUST04328,CON04328,PAY04328,Male,25,36,57.05,2053.8,Fiber Optic,1,No,No,No,Yes
CUST04329,CON04329,PAY04329,Male,72,53,28.63,1517.39,,3,No,Yes,Yes,No
CUST04330,CON04330,PAY04330,Male,22,32,77.59,2482.88,Fiber Optic,7,Yes,Yes,No,Yes
CUST04331,CON04331,PAY04331,Female,59,70,95.88,6711.6,Fiber Optic,3,Yes,Yes,Yes,Yes
CUST04332,CON04332,PAY04332,Male,36,61,103.09,6288.49,,5,Yes,No,Yes,Yes
CUST04333,CON04333,PAY04333,Female,19,6,100.95,605.7,,1,No,Yes,Yes,No
CUST04334,CON04334,PAY04334,Female,62,29,63.77,1849.33,,2,No,No,Yes,Yes
CUST04335,CON04335,PAY04335,Male,71,7,83.55,584.85,,1,Yes,No,Yes,Yes
CUST04336,CON04336,PAY04336,Male,71,7,28.2,197.4,,4,Yes,No,Yes,No
CUST04337,CON04337,PAY04337,Male,71,19,103.55,1967.45,,6,Yes,Yes,Yes,No
CUST04338,CON04338,PAY04338,Male,22,36,84.57,3044.52,Fiber Optic,8,Yes,Yes,No,Yes
CUST04339,CON04339,PAY04339,Male,59,66,57.8,3814.8,Fiber Optic,1,Yes,No,Yes,No
CUST04340,CON04340,PAY04340,Male,64,62,29.7,1841.4,,1,No,Yes,Yes,No
CUST04341,CON04341,PAY04341,Female,37,51,29.42,1500.42,Fiber Optic,7,No,Yes,No,Yes
CUST04342,CON04342,PAY04342,Female,77,4,29.54,118.16,Cable,2,Yes,Yes,Yes,Yes
CUST04343,CON04343,PAY04343,Female,72,25,77.34,1933.5,Cable,1,Yes,Yes,No,Yes
CUST04344,CON04344,PAY04344,Female,58,26,78.43,2039.18,DSL,4,Yes,Yes,No,No
CUST04345,CON04345,PAY04345,Male,18,14,49.03,686.42,Cable,5,Yes,Yes,No,Yes
CUST04346,CON04346,PAY04346,Female,62,30,57.65,1729.5,,2,No,Yes,Yes,Yes
CUST04347,CON04347,PAY04347,Female,24,70,47.07,3294.9,DSL,7,No,No,No,Yes
CUST04348,CON04348,PAY04348,Female,19,45,97.28,4377.6,Cable,2,Yes,Yes,Yes,Yes
CUST04349,CON04349,PAY04349,Male,66,60,81.04,4862.4,Cable,0,No,No,No,No
CUST04350,CON04350,PAY04350,Female,55,33,100.29,3309.57,,5,No,No,No,No
CUST04351,CON04351,PAY04351,Male,20,22,30.2,664.4,DSL,0,No,Yes,No,Yes
CUST04352,CON04352,PAY04352,Male,23,70,80.27,5618.9,DSL,5,No,No,No,No
CUST04353,CON04353,PAY04353,Female,66,28,25.9,725.2,Cable,4,No,Yes,Yes,No
CUST04354,CON04354,PAY04354,Female,27,17,33.55,570.35,DSL,7,No,No,No,Yes
CUST04355,CON04355,PAY04355,Male,21,32,80.16,2565.12,Fiber Optic,8,Yes,Yes,No,Yes
CUST04356,CON04356,PAY04356,Female,57,66,30.79,2032.14,Cable,4,Yes,No,Yes,Yes
CUST04357,CON04357,PAY04357,Male,36,60,95.66,5739.6,,7,Yes,No,Yes,Yes
CUST04358,CON04358,PAY04358,Female,33,37,29.23,1081.51,,3,No,No,No,Yes
CUST04359,CON04359,PAY04359,Female,30,37,96.48,3569.76,Cable,0,Yes,Yes,Yes,No
CUST04360,CON04360,PAY04360,Female,60,71,83.21,5907.91,,6,Yes,No,No,Yes
CUST04361,CON04361,PAY04361,Female,50,6,57.61,345.66,DSL,4,Yes,No,Yes,No
CUST04362,CON04362,PAY04362,Female,75,1,33.11,33.11,Cable,2,Yes,Yes,Yes,Yes
CUST04363,CON04363,PAY04363,Male,72,5,32.69,163.45,,4,Yes,No,Yes,No
CUST04364,CON04364,PAY04364,Male,57,62,56.19,3483.78,Cable,8,Yes,Yes,No,No
CUST04365,CON04365,PAY04365,Female,18,47,96.81,4550.07,Cable,4,Yes,Yes,Yes,Yes
CUST04366,CON04366,PAY04366,Male,63,62,32.72,2028.64,,2,No,Yes,Yes,No
CUST04367,CON04367,PAY04367,Female,20,67,54.37,3642.79,DSL,6,No,No,No,Yes
CUST04368,CON04368,PAY04368,Female,33,53,57.47,3045.91,Fiber Optic,2,No,No,Yes,Yes
CUST04369,CON04369,PAY04369,Male,21,72,76.89,5536.08,DSL,4,No,No,No,No
CUST04370,CON04370,PAY04370,Male,19,15,51.41,771.15,Cable,5,Yes,Yes,No,Yes
CUST04371,CON04371,PAY04371,Male,59,68,77.16,5246.88,Fiber Optic,4,No,Yes,Yes,Yes
CUST04372,CON04372,PAY04372,Male,64,60,26.88,1612.8,,1,No,Yes,Yes,No
CUST04373,CON04373,PAY04373,Male,31,5,64.73,323.65,,9,No,No,Yes,No
CUST04374,CON04374,PAY04374,Male,58,20,55.75,1115.0,Cable,5,Yes,Yes,Yes,Yes
CUST04375,CON04375,PAY04375,Female,76,3,34.15,102.45,Cable,2,Yes,Yes,Yes,Yes
CUST04376,CON04376,PAY04376,Male,33,47,53.06,2493.82,Fiber Optic,8,No,Yes,No,Yes
CUST04377,CON04377,PAY04377,Male,52,2,100.14,200.28,DSL,6,No,No,No,No
CUST04378,CON04378,PAY04378,Male,18,22,26.5,583.0,DSL,0,No,Yes,No,Yes
CUST04379,CON04379,PAY04379,Female,58,32,48.06,1537.92,DSL,6,Yes,Yes,No,Yes
CUST04380,CON04380,PAY04380,Female,68,46,58.81,2705.26,Fiber Optic,7,No,No,Yes,Yes
CUST04381,CON04381,PAY04381,Male,56,3,63.48,190.44,Cable,5,Yes,Yes,No,No
CUST04382,CON04382,PAY04382,Male,73,46,61.41,2824.86,Cable,6,No,Yes,No,Yes
CUST04383,CON04383,PAY04383,Male,64,60,79.03,4741.8,Cable,1,No,No,No,No
CUST04384,CON04384,PAY04384,Female,57,34,95.78,3256.52,,6,No,No,No,No
CUST04385,CON04385,PAY04385,Male,54,4,25.16,100.64,Cable,1,Yes,Yes,No,Yes
CUST04386,CON04386,PAY04386,Female,43,5,63.52,317.6,DSL,6,No,Yes,Yes,No
CUST04387,CON04387,PAY04387,Female,57,72,100.33,7223.76,Fiber Optic,4,Yes,Yes,Yes,Yes
CUST04388,CON04388,PAY04388,Male,52,21,62.53,1313.13,Cable,6,Yes,Yes,Yes,Yes
CUST04389,CON04389,PAY04389,Female,62,4,27.42,109.68,,3,Yes,No,Yes,No
CUST04390,CON04390,PAY04390,Female,47,4,59.04,236.16,DSL,4,Yes,No,Yes,No
CUST04391,CON04391,PAY04391,Male,27,60,30.77,1846.2,Cable,8,Yes,Yes,Yes,Yes
CUST04392,CON04392,PAY04392,Female,68,4,51.13,204.52,,2,No,Yes,Yes,No
CUST04393,CON04393,PAY04393,Female,58,67,25.71,1722.57,Cable,3,Yes,No,Yes,Yes
CUST04394,CON04394,PAY04394,Female,59,69,104.2,7189.8,Fiber Optic,2,Yes,Yes,Yes,Yes
CUST04395,CON04395,PAY04395,Female,74,4,79.34,317.36,,8,No,No,No,Yes
CUST04396,CON04396,PAY04396,Male,72,22,58.96,1297.12,Cable,0,Yes,No,Yes,Yes
CUST04397,CON04397,PAY04397,Female,77,71,45.42,3224.82,Cable,0,No,No,Yes,Yes
CUST04398,CON04398,PAY04398,Male,59,44,31.28,1376.32,,5,Yes,Yes,No,No
CUST04399,CON04399,PAY04399,Female,46,43,82.55,3549.65,DSL,7,No,No,No,Yes
CUST04400,CON04400,PAY04400,Male,70,7,75.23,526.61,,2,Yes,No,Yes,Yes
CUST04401,CON04401,PAY04401,Male,21,23,26.49,609.27,DSL,1,No,Yes,No,Yes
CUST04402,CON04402,PAY04402,Female,44,42,82.42,3461.64,DSL,6,No,No,No,Yes
CUST04403,CON04403,PAY04403,Female,58,48,55.64,2670.72,,7,Yes,Yes,No,No
CUST04404,CON04404,PAY04404,Male,72,53,32.93,1745.29,,5,No,Yes,Yes,No
CUST04405,CON04405,PAY04405,Male,72,36,75.12,2704.32,Fiber Optic,5,No,No,No,Yes
CUST04406,CON04406,PAY04406,Male,21,15,53.71,805.65,Cable,5,Yes,Yes,No,Yes
CUST04407,CON04407,PAY04407,Female,74,2,29.91,59.82,Cable,1,Yes,Yes,Yes,Yes
CUST04408,CON04408,PAY04408,Female,73,2,80.47,160.94,,7,No,No,No,Yes
CUST04409,CON04409,PAY04409,Female,60,30,61.85,1855.5,,0,No,Yes,Yes,Yes
CUST04410,CON04410,PAY04410,Male,62,71,82.77,5876.67,Fiber Optic,4,No,Yes,Yes,Yes
CUST04411,CON04411,PAY04411,Female,40,14,79.07,1106.98,Fiber Optic,2,No,Yes,No,Yes
CUST04412,CON04412,PAY04412,Male,18,13,46.81,608.53,Cable,3,Yes,Yes,No,Yes
CUST04413,CON04413,PAY04413,Male,35,27,95.25,2571.75,Fiber Optic,3,Yes,No,Yes,Yes
CUST04414,CON04414,PAY04414,Male,74,5,30.02,150.1,,6,Yes,No,Yes,No
CUST04415,CON04415,PAY04415,Female,27,14,104.42,1461.88,Fiber Optic,3,Yes,Yes,No,No
CUST04416,CON04416,PAY04416,Female,68,30,62.29,1868.7,Cable,0,Yes,No,Yes,Yes
CUST04417,CON04417,PAY04417,Male,52,21,56.34,1183.14,Cable,4,Yes,Yes,Yes,Yes
CUST04418,CON04418,PAY04418,Female,30,21,32.56,683.76,Fiber Optic,1,No,No,No,No
CUST04419,CON04419,PAY04419,Male,33,28,100.43,2812.04,Fiber Optic,4,Yes,No,Yes,Yes
CUST04420,CON04420,PAY04420,Male,26,42,75.72,3180.24,DSL,3,No,No,No,No
CUST04421,CON04421,PAY04421,Female,44,14,76.22,1067.08,Fiber Optic,2,No,Yes,No,Yes
CUST04422,CON04422,PAY04422,Male,22,34,75.57,2569.38,DSL,7,Yes,No,No,No
CUST04423,CON04423,PAY04423,Female,65,30,58.34,1750.2,,1,No,No,Yes,Yes
CUST04424,CON04424,PAY04424,Female,18,9,101.56,914.04,,2,No,Yes,Yes,No
CUST04425,CON04425,PAY04425,Male,56,60,63.02,3781.2,Cable,7,Yes,Yes,No,No
CUST04426,CON04426,PAY04426,Female,67,25,25.91,647.75,Cable,4,No,Yes,Yes,No
CUST04427,CON04427,PAY04427,Male,31,17,84.0,1428.0,DSL,1,Yes,No,Yes,No
CUST04428,CON04428,PAY04428,Male,22,29,78.97,2290.13,Cable,0,No,No,Yes,No
CUST04429,CON04429,PAY04429,Female,27,22,28.61,629.42,Fiber Optic,2,No,No,No,No
CUST04430,CON04430,PAY04430,Female,18,63,97.12,6118.56,Fiber Optic,7,No,No,No,Yes
CUST04431,CON04431,PAY04431,Female,68,31,63.71,1975.01,Cable,1,Yes,No,Yes,Yes
CUST04432,CON04432,PAY04432,Female,23,63,100.78,6349.14,Fiber Optic,8,No,No,No,Yes
CUST04433,CON04433,PAY04433,Female,18,46,102.1,4696.6,DSL,7,Yes,Yes,No,Yes
CUST04434,CON04434,PAY04434,Female,22,20,25.95,519.0,DSL,6,No,No,No,Yes
CUST04435,CON04435,PAY04435,Female,58,33,53.24,1756.92,DSL,7,Yes,Yes,No,Yes
CUST04436,CON04436,PAY04436,Female,67,35,54.89,1921.15,Cable,2,No,No,Yes,No
CUST04437,CON04437,PAY04437,Female,32,44,59.09,2599.96,Fiber Optic,7,Yes,No,No,Yes
CUST04438,CON04438,PAY04438,Male,34,62,96.91,6008.42,,7,Yes,No,Yes,Yes
CUST04439,CON04439,PAY04439,Female,32,46,63.96,2942.16,Fiber Optic,6,Yes,No,No,Yes
CUST04440,CON04440,PAY04440,Female,53,12,27.92,335.04,Fiber Optic,7,No,Yes,Yes,Yes
CUST04441,CON04441,PAY04441,Female,51,5,59.5,297.5,DSL,5,Yes,No,Yes,No
CUST04442,CON04442,PAY04442,Female,68,20,96.87,1937.4,Cable,4,No,No,Yes,No
CUST04443,CON04443,PAY04443,Female,23,60,97.94,5876.4,Fiber Optic,6,No,No,No,Yes
CUST04444,CON04444,PAY04444,Female,61,31,61.64,1910.84,,1,No,No,Yes,Yes
CUST04445,CON04445,PAY04445,Female,62,8,34.33,274.64,,4,Yes,No,Yes,No
CUST04446,CON04446,PAY04446,Female,22,10,102.15,1021.5,,3,No,Yes,Yes,No
CUST04447,CON04447,PAY04447,Male,57,62,62.86,3897.32,Cable,9,Yes,Yes,No,No
CUST04448,CON04448,PAY04448,Female,36,50,34.22,1711.0,Fiber Optic,6,No,Yes,No,Yes
CUST04449,CON04449,PAY04449,Male,27,34,57.42,1952.28,Fiber Optic,0,No,No,No,Yes
CUST04450,CON04450,PAY04450,Female,61,59,103.1,6082.9,Cable,0,No,No,Yes,Yes
CUST04451,CON04451,PAY04451,Male,73,22,57.0,1254.0,DSL,0,No,Yes,No,No
CUST04452,CON04452,PAY04452,Male,21,71,78.59,5579.89,DSL,6,No,No,No,No
CUST04453,CON04453,PAY04453,Male,51,4,98.46,393.84,DSL,6,No,No,No,No
CUST04454,CON04454,PAY04454,Female,19,9,104.66,941.94,,2,No,Yes,Yes,No
CUST04455,CON04455,PAY04455,Male,24,71,75.45,5356.95,DSL,6,No,No,No,No
CUST04456,CON04456,PAY04456,Female,59,72,104.58,7529.76,Fiber Optic,2,Yes,Yes,Yes,Yes
CUST04457,CON04457,PAY04457,Male,23,36,83.81,3017.16,Fiber Optic,6,Yes,Yes,No,Yes
CUST04458,CON04458,PAY04458,Male,72,7,80.01,560.07,,2,Yes,No,Yes,Yes
CUST04459,CON04459,PAY04459,Male,60,70,83.01,5810.7,Fiber Optic,5,No,Yes,Yes,Yes
CUST04460,CON04460,PAY04460,Female,71,43,57.55,2474.65,Fiber Optic,6,No,No,Yes,Yes
CUST04461,CON04461,PAY04461,Male,27,36,53.25,1917.0,Fiber Optic,0,Yes,No,No,No
CUST04462,CON04462,PAY04462,Female,61,52,61.05,3174.6,,6,Yes,Yes,No,No
CUST04463,CON04463,PAY04463,Female,62,7,29.06,203.42,,3,Yes,No,Yes,No
CUST04464,CON04464,PAY04464,Male,70,6,28.67,172.02,,5,Yes,No,Yes,No
CUST04465,CON04465,PAY04465,Female,56,64,31.37,2007.68,Cable,4,Yes,No,Yes,Yes
CUST04466,CON04466,PAY04466,Male,53,48,97.41,4675.68,Cable,2,No,No,Yes,No
CUST04467,CON04467,PAY04467,Female,29,13,104.88,1363.44,Fiber Optic,3,Yes,Yes,No,No
CUST04468,CON04468,PAY04468,Female,29,52,59.2,3078.4,Fiber Optic,3,No,No,Yes,Yes
CUST04469,CON04469,PAY04469,Female,61,29,63.26,1834.54,,2,No,No,Yes,Yes
CUST04470,CON04470,PAY04470,Female,30,22,33.44,735.68,Fiber Optic,2,No,No,No,No
CUST04471,CON04471,PAY04471,Female,61,30,56.86,1705.8,,1,No,Yes,Yes,Yes
CUST04472,CON04472,PAY04472,Female,70,25,78.0,1950.0,Cable,0,Yes,Yes,No,Yes
CUST04473,CON04473,PAY04473,Male,46,3,104.17,312.51,DSL,5,No,No,No,No
CUST04474,CON04474,PAY04474,Female,46,6,57.83,346.98,DSL,3,Yes,No,Yes,No
CUST04475,CON04475,PAY04475,Female,37,66,31.55,2082.3,DSL,3,No,No,Yes,Yes
CUST04476,CON04476,PAY04476,Male,64,67,80.28,5378.76,Fiber Optic,6,No,Yes,Yes,Yes
CUST04477,CON04477,PAY04477,Female,71,50,58.25,2912.5,Cable,6,Yes,No,Yes,No
CUST04478,CON04478,PAY04478,Female,29,11,97.94,1077.34,Fiber Optic,1,Yes,Yes,No,No
CUST04479,CON04479,PAY04479,Male,74,45,55.43,2494.35,Cable,7,No,Yes,No,Yes
CUST04480,CON04480,PAY04480,Male,56,31,98.99,3068.69,,7,Yes,No,Yes,No
CUST04481,CON04481,PAY04481,Female,42,14,83.8,1173.2,Fiber Optic,3,No,Yes,No,Yes
CUST04482,CON04482,PAY04482,Male,35,27,46.72,1261.44,,0,No,Yes,No,No
CUST04483,CON04483,PAY04483,Male,59,68,77.08,5241.44,Fiber Optic,4,No,Yes,Yes,Yes
CUST04484,CON04484,PAY04484,Male,76,23,60.83,1399.09,Cable,0,Yes,No,Yes,Yes
CUST04485,CON04485,PAY04485,Male,18,11,46.08,506.88,Cable,5,Yes,Yes,No,Yes
CUST04486,CON04486,PAY04486,Female,51,13,25.14,326.82,Fiber Optic,7,No,Yes,Yes,Yes
CUST04487,CON04487,PAY04487,Female,57,34,27.11,921.74,,4,No,No,Yes,Yes
CUST04488,CON04488,PAY04488,Male,30,4,60.01,240.04,,7,No,No,Yes,No
CUST04489,CON04489,PAY04489,Male,19,33,47.58,1570.14,,1,No,Yes,Yes,No
CUST04490,CON04490,PAY04490,Male,49,4,95.83,383.32,DSL,7,No,No,No,No
CUST04491,CON04491,PAY04491,Female,52,32,50.71,1622.72,DSL,5,Yes,Yes,No,Yes
CUST04492,CON04492,PAY04492,Female,69,45,59.64,2683.8,Fiber Optic,8,No,No,Yes,Yes
CUST04493,CON04493,PAY04493,Female,51,12,32.11,385.32,Fiber Optic,6,No,Yes,Yes,Yes
CUST04494,CON04494,PAY04494,Female,61,27,56.46,1524.42,,0,No,No,Yes,Yes
CUST04495,CON04495,PAY04495,Male,40,18,58.26,1048.68,Fiber Optic,5,No,No,No,Yes
CUST04496,CON04496,PAY04496,Female,18,46,99.63,4582.98,DSL,7,Yes,Yes,No,Yes
CUST04497,CON04497,PAY04497,Female,18,46,96.16,4423.36,Cable,3,Yes,Yes,Yes,Yes
CUST04498,CON04498,PAY04498,Male,68,55,31.27,1719.85,,4,No,Yes,Yes,No
CUST04499,CON04499,PAY04499,Female,67,50,58.55,2927.5,Cable,6,Yes,No,Yes,No
CUST04500,CON04500,PAY04500,Male,35,46,55.2,2539.2,Fiber Optic,9,No,No,Yes,No
CUST04501,CON04501,PAY04501,Male,51,3,59.24,177.72,Cable,5,Yes,Yes,No,No
CUST04502,CON04502,PAY04502,Female,65,31,63.17,1958.27,Cable,0,Yes,No,Yes,Yes
CUST04503,CON04503,PAY04503,Male,24,25,82.45,2061.25,Cable,0,No,No,Yes,No
CUST04504,CON04504,PAY04504,Male,59,67,26.83,1797.61,Cable,5,No,No,No,Yes
CUST04505,CON04505,PAY04505,Female,69,35,46.15,1615.25,Cable,3,No,No,Yes,No
CUST04506,CON04506,PAY04506,Male,24,71,77.21,5481.91,DSL,5,No,No,No,No
CUST04507,CON04507,PAY04507,Male,73,8,31.2,249.6,,5,Yes,No,Yes,No
CUST04508,CON04508,PAY04508,Male,70,46,60.82,2797.72,Cable,8,No,Yes,No,Yes
CUST04509,CON04509,PAY04509,Female,75,41,57.65,2363.65,DSL,1,Yes,No,Yes,No
CUST04510,CON04510,PAY04510,Male,75,35,84.36,2952.6,Fiber Optic,5,No,No,No,Yes
CUST04511,CON04511,PAY04511,Female,71,72,46.65,3358.8,Cable,1,No,No,Yes,Yes
CUST04512,CON04512,PAY04512,Female,52,30,34.07,1022.1,,3,No,No,Yes,Yes
CUST04513,CON04513,PAY04513,Female,37,64,28.25,1808.0,DSL,2,No,No,Yes,Yes
CUST04514,CON04514,PAY04514,Female,18,46,99.76,4588.96,Cable,4,Yes,Yes,Yes,Yes
CUST04515,CON04515,PAY04515,Female,26,11,95.66,1052.26,Fiber Optic,2,Yes,Yes,No,No
CUST04516,CON04516,PAY04516,Female,64,19,28.54,542.26,Fiber Optic,2,No,Yes,No,Yes
CUST04517,CON04517,PAY04517,Female,69,26,29.96,778.96,Cable,4,No,Yes,Yes,No
CUST04518,CON04518,PAY04518,Male,28,35,49.64,1737.4,Fiber Optic,2,Yes,No,No,No
CUST04519,CON04519,PAY04519,Female,69,51,63.36,3231.36,Cable,6,Yes,No,Yes,No
CUST04520,CON04520,PAY04520,Female,74,4,80.27,321.08,,8,No,No,No,Yes
CUST04521,CON04521,PAY04521,Female,18,6,100.5,603.0,,3,No,Yes,Yes,No
CUST04522,CON04522,PAY04522,Female,18,45,102.78,4625.1,DSL,8,Yes,Yes,No,Yes
CUST04523,CON04523,PAY04523,Male,20,29,54.85,1590.65,,1,No,Yes,Yes,No
CUST04524,CON04524,PAY04524,Male,18,21,30.71,644.91,DSL,0,No,Yes,No,Yes
CUST04525,CON04525,PAY04525,Male,18,37,84.82,3138.34,DSL,9,Yes,No,No,No
CUST04526,CON04526,PAY04526,Male,21,38,46.95,1784.1,Cable,8,Yes,Yes,Yes,Yes
CUST04527,CON04527,PAY04527,Female,20,70,47.12,3298.4,DSL,6,No,No,No,Yes
CUST04528,CON04528,PAY04528,Male,54,28,100.24,2806.72,,7,Yes,No,Yes,No
CUST04529,CON04529,PAY04529,Male,30,58,30.8,1786.4,Cable,8,Yes,Yes,Yes,Yes
CUST04530,CON04530,PAY04530,Female,66,31,57.72,1789.32,,0,No,Yes,Yes,Yes
CUST04531,CON04531,PAY04531,Male,56,68,26.22,1782.96,Cable,4,No,No,No,Yes
CUST04532,CON04532,PAY04532,Female,71,22,83.2,1830.4,Cable,0,Yes,Yes,No,Yes
CUST04533,CON04533,PAY04533,Female,65,28,55.96,1566.88,Cable,1,Yes,No,Yes,Yes
CUST04534,CON04534,PAY04534,Female,64,20,34.27,685.4,Fiber Optic,0,No,Yes,No,Yes
CUST04535,CON04535,PAY04535,Female,41,62,34.61,2145.82,DSL,2,No,No,Yes,Yes
CUST04536,CON04536,PAY04536,Male,26,29,83.92,2433.68,Cable,0,No,No,Yes,No
CUST04537,CON04537,PAY04537,Female,63,68,83.37,5669.16,,4,Yes,No,No,Yes
CUST04538,CON04538,PAY04538,Male,57,68,61.85,4205.8,Fiber Optic,1,Yes,No,Yes,No
CUST04539,CON04539,PAY04539,Female,46,43,84.89,3650.27,DSL,8,No,No,No,Yes
CUST04540,CON04540,PAY04540,Female,55,48,57.04,2737.92,,5,Yes,Yes,No,No
CUST04541,CON04541,PAY04541,Female,63,69,82.47,5690.43,,5,Yes,No,No,Yes
CUST04542,CON04542,PAY04542,Male,24,36,46.78,1684.08,Cable,8,Yes,Yes,Yes,Yes
CUST04543,CON04543,PAY04543,Female,42,15,80.76,1211.4,Fiber Optic,1,No,Yes,No,Yes
CUST04544,CON04544,PAY04544,Male,23,46,25.01,1150.46,DSL,4,Yes,No,Yes,Yes
CUST04545,CON04545,PAY04545,Male,67,53,31.72,1681.16,,4,No,Yes,Yes,No
CUST04546,CON04546,PAY04546,Female,37,48,29.94,1437.12,Fiber Optic,7,No,Yes,No,Yes
CUST04547,CON04547,PAY04547,Male,67,49,84.02,4116.98,,5,No,No,Yes,Yes
CUST04548,CON04548,PAY04548,Male,54,1,84.26,84.26,Fiber Optic,1,No,No,No,No
CUST04549,CON04549,PAY04549,Male,37,50,51.02,2551.0,Fiber Optic,9,No,Yes,No,Yes
CUST04550,CON04550,PAY04550,Male,73,7,32.5,227.5,,6,Yes,No,Yes,No
CUST04551,CON04551,PAY04551,Male,70,51,25.84,1317.84,,3,No,Yes,Yes,No
CUST04552,CON04552,PAY04552,Female,19,49,99.62,4881.38,DSL,7,Yes,Yes,No,Yes
CUST04553,CON04553,PAY04553,Female,18,48,104.19,5001.12,Cable,4,Yes,Yes,Yes,Yes
CUST04554,CON04554,PAY04554,Female,29,54,57.48,3103.92,Fiber Optic,4,No,No,Yes,Yes
CUST04555,CON04555,PAY04555,Male,74,6,26.21,157.26,,5,Yes,No,Yes,No
CUST04556,CON04556,PAY04556,Male,23,47,32.49,1527.03,DSL,6,Yes,No,Yes,Yes
CUST04557,CON04557,PAY04557,Female,42,46,64.26,2955.96,,4,Yes,Yes,No,No
CUST04558,CON04558,PAY04558,Male,18,33,48.51,1600.83,,3,No,Yes,Yes,No
CUST04559,CON04559,PAY04559,Male,21,31,54.38,1685.78,,1,No,Yes,Yes,No
CUST04560,CON04560,PAY04560,Female,54,41,97.71,4006.11,DSL,2,No,No,No,No
CUST04561,CON04561,PAY04561,Male,67,55,26.4,1452.0,,5,No,Yes,Yes,No
CUST04562,CON04562,PAY04562,Male,57,28,100.21,2805.88,,8,Yes,No,Yes,No
CUST04563,CON04563,PAY04563,Male,49,56,56.06,3139.36,Cable,2,No,Yes,No,No
CUST04564,CON04564,PAY04564,Male,40,21,64.21,1348.41,Fiber Optic,3,No,No,No,Yes
CUST04565,CON04565,PAY04565,Male,72,25,60.18,1504.5,Cable,0,Yes,No,Yes,Yes
CUST04566,CON04566,PAY04566,Male,56,69,59.24,4087.56,Fiber Optic,0,Yes,No,Yes,No
CUST04567,CON04567,PAY04567,Male,18,21,34.38,721.98,DSL,0,No,Yes,No,Yes
CUST04568,CON04568,PAY04568,Male,22,36,78.49,2825.64,Fiber Optic,8,Yes,Yes,No,Yes
CUST04569,CON04569,PAY04569,Female,59,25,83.14,2078.5,DSL,4,Yes,Yes,No,No
CUST04570,CON04570,PAY04570,Female,54,31,30.43,943.33,,5,No,No,Yes,Yes
CUST04571,CON04571,PAY04571,Female,34,47,27.82,1307.54,Fiber Optic,7,No,Yes,No,Yes
CUST04572,CON04572,PAY04572,Female,43,12,80.51,966.12,Fiber Optic,2,No,Yes,No,Yes
CUST04573,CON04573,PAY04573,Male,19,35,83.79,2932.65,Fiber Optic,6,Yes,Yes,No,Yes
CUST04574,CON04574,PAY04574,Male,35,60,99.97,5998.2,,7,Yes,No,Yes,Yes
CUST04575,CON04575,PAY04575,Male,34,23,48.43,1113.89,,0,No,Yes,No,No
CUST04576,CON04576,PAY04576,Female,22,9,103.65,932.85,,3,No,Yes,Yes,No
CUST04577,CON04577,PAY04577,Female,37,47,28.77,1352.19,Fiber Optic,5,No,Yes,No,Yes
CUST04578,CON04578,PAY04578,Female,63,71,83.05,5896.55,,5,Yes,No,No,Yes
CUST04579,CON04579,PAY04579,Male,18,30,52.18,1565.4,,1,No,Yes,Yes,No
CUST04580,CON04580,PAY04580,Female,61,26,83.74,2177.24,DSL,5,Yes,Yes,No,No
CUST04581,CON04581,PAY04581,Male,30,15,83.79,1256.85,DSL,1,Yes,No,Yes,No
CUST04582,CON04582,PAY04582,Male,51,49,98.91,4846.59,Cable,2,No,No,Yes,No
CUST04583,CON04583,PAY04583,Male,29,14,75.52,1057.28,DSL,1,Yes,No,Yes,No
CUST04584,CON04584,PAY04584,Male,26,37,47.17,1745.29,Fiber Optic,1,Yes,No,No,No
CUST04585,CON04585,PAY04585,Female,32,55,59.45,3269.75,Fiber Optic,3,No,No,Yes,Yes
CUST04586,CON04586,PAY04586,Male,58,41,32.26,1322.66,,4,Yes,Yes,No,No
CUST04587,CON04587,PAY04587,Female,44,68,25.44,1729.92,DSL,1,No,Yes,No,No
CUST04588,CON04588,PAY04588,Female,31,57,101.03,5758.71,Fiber Optic,6,No,Yes,No,Yes
CUST04589,CON04589,PAY04589,Male,23,52,31.0,1612.0,DSL,2,No,No,Yes,Yes
CUST04590,CON04590,PAY04590,Female,70,1,46.58,46.58,,3,No,Yes,Yes,No
CUST04591,CON04591,PAY04591,Male,55,45,26.75,1203.75,,3,Yes,Yes,No,No
CUST04592,CON04592,PAY04592,Female,29,53,55.06,2918.18,Fiber Optic,3,No,No,Yes,Yes
CUST04593,CON04593,PAY04593,Female,56,31,25.74,797.94,,4,No,No,Yes,Yes
CUST04594,CON04594,PAY04594,Male,30,27,52.3,1412.1,,0,No,Yes,No,No
CUST04595,CON04595,PAY04595,Female,29,59,51.34,3029.06,Cable,0,No,Yes,Yes,No
CUST04596,CON04596,PAY04596,Male,36,44,57.45,2527.8,Fiber Optic,7,No,No,Yes,No
CUST04597,CON04597,PAY04597,Female,64,19,27.03,513.57,Fiber Optic,0,No,Yes,No,Yes
CUST04598,CON04598,PAY04598,Female,32,37,34.54,1277.98,,1,No,No,No,Yes
CUST04599,CON04599,PAY04599,Female,61,25,83.36,2084.0,DSL,5,Yes,Yes,No,No
CUST04600,CON04600,PAY04600,Female,55,30,27.48,824.4,,5,No,No,Yes,Yes
CUST04601,CON04601,PAY04601,Male,53,22,58.02,1276.44,Cable,6,Yes,Yes,Yes,Yes
CUST04602,CON04602,PAY04602,Male,51,4,60.36,241.44,Cable,5,Yes,Yes,No,No
CUST04603,CON04603,PAY04603,Male,25,70,83.62,5853.4,DSL,6,No,No,No,No
CUST04604,CON04604,PAY04604,Female,66,31,64.42,1997.02,Cable,1,Yes,No,Yes,Yes
CUST04605,CON04605,PAY04605,Female,62,61,99.67,6079.87,Cable,0,No,No,Yes,Yes
CUST04606,CON04606,PAY04606,Female,66,26,29.06,755.56,Cable,5,No,Yes,Yes,No
CUST04607,CON04607,PAY04607,Male,72,46,59.32,2728.72,Cable,7,No,Yes,No,Yes
CUST04608,CON04608,PAY04608,Female,71,22,75.39,1658.58,Cable,0,Yes,Yes,No,Yes
CUST04609,CON04609,PAY04609,Male,50,47,52.1,2448.7,,4,No,No,Yes,No
CUST04610,CON04610,PAY04610,Female,49,6,55.43,332.58,DSL,3,Yes,No,Yes,No
CUST04611,CON04611,PAY04611,Female,54,66,32.76,2162.16,Cable,4,Yes,No,Yes,Yes
CUST04612,CON04612,PAY04612,Male,34,62,96.61,5989.82,,5,Yes,No,Yes,Yes
CUST04613,CON04613,PAY04613,Male,62,63,30.49,1920.87,,0,No,Yes,Yes,No
CUST04614,CON04614,PAY04614,Female,19,47,104.59,4915.73,Cable,2,Yes,Yes,Yes,Yes
CUST04615,CON04615,PAY04615,Male,58,66,59.93,3955.38,Fiber Optic,0,Yes,No,Yes,No
CUST04616,CON04616,PAY04616,Male,22,72,82.61,5947.92,DSL,5,No,No,No,No
CUST04617,CON04617,PAY04617,Male,20,21,31.38,658.98,DSL,0,No,Yes,No,Yes
CUST04618,CON04618,PAY04618,Female,70,20,103.27,2065.4,Cable,2,No,No,Yes,No
CUST04619,CON04619,PAY04619,Female,18,9,97.09,873.81,,3,No,Yes,Yes,No
CUST04620,CON04620,PAY04620,Female,20,47,100.37,4717.39,DSL,7,Yes,Yes,No,Yes
CUST04621,CON04621,PAY04621,Female,68,25,28.48,712.0,Cable,5,No,Yes,Yes,No
CUST04622,CON04622,PAY04622,Female,34,58,98.65,5721.7,Fiber Optic,4,No,Yes,No,Yes
CUST04623,CON04623,PAY04623,Male,53,4,31.98,127.92,Cable,2,Yes,Yes,No,Yes
CUST04624,CON04624,PAY04624,Male,25,37,57.07,2111.59,Fiber Optic,2,No,No,No,Yes
CUST04625,CON04625,PAY04625,Male,35,24,103.74,2489.76,Fiber Optic,2,Yes,No,Yes,Yes
CUST04626,CON04626,PAY04626,Male,27,49,28.78,1410.22,DSL,4,Yes,No,Yes,Yes
CUST04627,CON04627,PAY04627,Male,67,49,79.41,3891.09,,5,No,No,Yes,Yes
CUST04628,CON04628,PAY04628,Male,54,58,56.3,3265.4,Cable,9,Yes,Yes,No,No
CUST04629,CON04629,PAY04629,Female,25,16,25.65,410.4,DSL,5,No,No,No,Yes
CUST04630,CON04630,PAY04630,Male,69,58,77.42,4490.36,Cable,0,No,No,No,No
CUST04631,CON04631,PAY04631,Female,20,60,103.08,6184.8,Fiber Optic,7,No,No,No,Yes
CUST04632,CON04632,PAY04632,Male,49,65,80.06,5203.9,Fiber Optic,5,Yes,Yes,Yes,No
CUST04633,CON04633,PAY04633,Male,27,57,33.39,1903.23,Cable,7,Yes,Yes,Yes,Yes
CUST04634,CON04634,PAY04634,Female,69,5,79.16,395.8,,6,No,No,No,Yes
CUST04635,CON04635,PAY04635,Male,51,6,57.98,347.88,Cable,4,Yes,Yes,No,No
CUST04636,CON04636,PAY04636,Female,27,46,62.8,2888.8,Fiber Optic,5,Yes,No,No,Yes
CUST04637,CON04637,PAY04637,Female,29,61,49.42,3014.62,Cable,2,No,Yes,Yes,No
CUST04638,CON04638,PAY04638,Female,47,33,96.95,3199.35,Cable,3,Yes,No,No,Yes
CUST04639,CON04639,PAY04639,Female,49,43,81.3,3495.9,DSL,8,No,No,No,Yes
CUST04640,CON04640,PAY04640,Female,49,43,102.94,4426.42,DSL,1,No,No,No,No
CUST04641,CON04641,PAY04641,Female,21,9,97.49,877.41,,3,No,Yes,Yes,No
CUST04642,CON04642,PAY04642,Male,27,41,79.45,3257.45,DSL,3,No,No,No,No
CUST04643,CON04643,PAY04643,Female,46,31,47.96,1486.76,Fiber Optic,4,Yes,No,Yes,No
CUST04644,CON04644,PAY04644,Female,49,32,96.7,3094.4,Cable,3,Yes,No,No,Yes
CUST04645,CON04645,PAY04645,Male,32,17,76.53,1301.01,DSL,2,Yes,No,Yes,No
CUST04646,CON04646,PAY04646,Male,72,26,57.58,1497.08,Cable,0,Yes,No,Yes,Yes
CUST04647,CON04647,PAY04647,Male,18,36,75.67,2724.12,DSL,7,Yes,No,No,No
CUST04648,CON04648,PAY04648,Male,21,34,79.25,2694.5,DSL,7,Yes,No,No,No
CUST04649,CON04649,PAY04649,Female,76,40,58.88,2355.2,DSL,0,Yes,No,Yes,No
CUST04650,CON04650,PAY04650,Male,18,12,54.17,650.04,Cable,4,Yes,Yes,No,Yes
CUST04651,CON04651,PAY04651,Female,72,28,29.49,825.72,Cable,6,No,Yes,Yes,No
CUST04652,CON04652,PAY04652,Male,33,14,80.5,1127.0,DSL,1,Yes,No,Yes,No
CUST04653,CON04653,PAY04653,Male,18,37,81.66,3021.42,DSL,7,Yes,No,No,No
CUST04654,CON04654,PAY04654,Female,22,49,103.69,5080.81,DSL,6,Yes,Yes,No,Yes
CUST04655,CON04655,PAY04655,Female,44,31,46.78,1450.18,Fiber Optic,3,Yes,No,Yes,No
CUST04656,CON04656,PAY04656,Male,53,45,27.41,1233.45,,5,Yes,Yes,No,No
CUST04657,CON04657,PAY04657,Female,71,37,46.62,1724.94,Cable,4,No,No,Yes,No
CUST04658,CON04658,PAY04658,Female,73,37,56.98,2108.26,DSL,1,Yes,No,Yes,No
CUST04659,CON04659,PAY04659,Male,29,37,58.74,2173.38,Fiber Optic,1,No,No,No,Yes
CUST04660,CON04660,PAY04660,Female,71,50,56.46,2823.0,Cable,6,Yes,No,Yes,No
CUST04661,CON04661,PAY04661,Female,68,34,54.95,1868.3,Cable,2,No,No,Yes,No
CUST04662,CON04662,PAY04662,Male,67,54,27.46,1482.84,,4,No,Yes,Yes,No
CUST04663,CON04663,PAY04663,Male,31,26,52.89,1375.14,,0,No,Yes,No,No
CUST04664,CON04664,PAY04664,Male,34,18,63.14,1136.52,Fiber Optic,5,No,No,No,Yes
CUST04665,CON04665,PAY04665,Female,73,4,31.59,126.36,Cable,1,Yes,Yes,Yes,Yes
CUST04666,CON04666,PAY04666,Female,32,45,57.52,2588.4,Fiber Optic,5,Yes,No,No,Yes
CUST04667,CON04667,PAY04667,Female,60,26,79.56,2068.56,DSL,5,Yes,Yes,No,No
CUST04668,CON04668,PAY04668,Female,70,21,83.62,1756.02,Cable,1,Yes,Yes,No,Yes
CUST04669,CON04669,PAY04669,Female,71,1,28.58,28.58,Cable,2,Yes,Yes,Yes,Yes
CUST04670,CON04670,PAY04670,Male,29,57,30.14,1717.98,Cable,8,Yes,Yes,Yes,Yes
CUST04671,CON04671,PAY04671,Male,63,61,31.44,1917.84,,1,No,Yes,Yes,No
CUST04672,CON04672,PAY04672,Male,53,28,95.37,2670.36,,7,Yes,No,Yes,No
CUST04673,CON04673,PAY04673,Female,45,7,61.47,430.29,DSL,4,No,Yes,Yes,No
CUST04674,CON04674,PAY04674,Male,18,14,53.84,753.76,Cable,5,Yes,Yes,No,Yes
CUST04675,CON04675,PAY04675,Male,69,8,27.74,221.92,,5,Yes,No,Yes,No
CUST04676,CON04676,PAY04676,Male,23,51,29.46,1502.46,DSL,1,No,No,Yes,Yes
CUST04677,CON04677,PAY04677,Male,46,44,50.33,2214.52,,2,No,No,Yes,No
CUST04678,CON04678,PAY04678,Male,26,46,25.3,1163.8,DSL,5,Yes,No,Yes,Yes
CUST04679,CON04679,PAY04679,Male,66,50,83.01,4150.5,,6,No,No,Yes,Yes
CUST04680,CON04680,PAY04680,Female,28,24,28.29,678.96,Fiber Optic,0,No,No,No,No
CUST04681,CON04681,PAY04681,Female,30,53,57.45,3044.85,Fiber Optic,2,No,No,Yes,Yes
CUST04682,CON04682,PAY04682,Female,18,48,94.99,4559.52,Cable,4,Yes,Yes,Yes,Yes
CUST04683,CON04683,PAY04683,Female,70,20,97.73,1954.6,Cable,4,No,No,Yes,No
CUST04684,CON04684,PAY04684,Male,52,45,47.53,2138.85,,2,No,No,Yes,No
CUST04685,CON04685,PAY04685,Male,47,57,61.37,3498.09,Cable,1,No,Yes,No,No
CUST04686,CON04686,PAY04686,Female,47,45,75.07,3378.15,DSL,8,No,No,No,Yes
CUST04687,CON04687,PAY04687,Male,24,34,84.09,2859.06,Fiber Optic,8,Yes,Yes,No,Yes
CUST04688,CON04688,PAY04688,Female,67,27,26.03,702.81,Cable,4,No,Yes,Yes,No
CUST04689,CON04689,PAY04689,Male,55,62,60.36,3742.32,Cable,7,Yes,Yes,No,No
CUST04690,CON04690,PAY04690,Female,19,45,97.2,4374.0,DSL,7,Yes,Yes,No,Yes
CUST04691,CON04691,PAY04691,Female,36,47,28.71,1349.37,Fiber Optic,6,No,Yes,No,Yes
CUST04692,CON04692,PAY04692,Female,63,31,55.23,1712.13,,2,No,No,Yes,Yes
CUST04693,CON04693,PAY04693,Female,35,48,31.22,1498.56,Fiber Optic,7,No,Yes,No,Yes
CUST04694,CON04694,PAY04694,Female,23,18,28.11,505.98,DSL,7,No,No,No,Yes
CUST04695,CON04695,PAY04695,Male,25,71,83.15,5903.65,DSL,5,No,No,No,No
CUST04696,CON04696,PAY04696,Male,56,66,59.27,3911.82,Fiber Optic,0,Yes,No,Yes,No
CUST04697,CON04697,PAY04697,Male,72,6,80.0,480.0,,0,Yes,No,Yes,Yes
CUST04698,CON04698,PAY04698,Male,29,44,84.29,3708.76,DSL,3,No,No,No,No
CUST04699,CON04699,PAY04699,Male,72,7,32.82,229.74,,6,Yes,No,Yes,No
CUST04700,CON04700,PAY04700,Female,33,55,61.84,3401.2,Fiber Optic,4,No,No,Yes,Yes
CUST04701,CON04701,PAY04701,Male,31,60,25.25,1515.0,Cable,8,Yes,Yes,Yes,Yes
CUST04702,CON04702,PAY04702,Female,73,22,84.36,1855.92,Cable,0,Yes,Yes,No,Yes
CUST04703,CON04703,PAY04703,Female,68,1,51.44,51.44,,2,No,Yes,Yes,No
CUST04704,CON04704,PAY04704,Male,36,26,50.5,1313.0,,0,No,Yes,No,No
CUST04705,CON04705,PAY04705,Female,71,34,54.96,1868.64,Cable,4,No,No,Yes,No
CUST04706,CON04706,PAY04706,Female,72,20,101.7,2034.0,Cable,2,No,No,Yes,No
CUST04707,CON04707,PAY04707,Male,32,50,53.68,2684.0,Fiber Optic,7,No,Yes,No,Yes
CUST04708,CON04708,PAY04708,Male,18,29,53.72,1557.88,,3,No,Yes,Yes,No
CUST04709,CON04709,PAY04709,Female,54,33,47.53,1568.49,DSL,7,Yes,Yes,No,Yes
CUST04710,CON04710,PAY04710,Female,68,36,54.78,1972.08,Cable,2,No,No,Yes,No
CUST04711,CON04711,PAY04711,Female,57,23,79.57,1830.11,DSL,5,Yes,Yes,No,No
CUST04712,CON04712,PAY04712,Male,58,65,62.56,4066.4,Fiber Optic,0,Yes,No,Yes,No
CUST04713,CON04713,PAY04713,Female,65,26,26.1,678.6,Fiber Optic,0,No,Yes,Yes,Yes
CUST04714,CON04714,PAY04714,Female,66,24,30.95,742.8,Fiber Optic,0,No,Yes,Yes,Yes
CUST04715,CON04715,PAY04715,Female,22,48,104.78,5029.44,Cable,3,Yes,Yes,Yes,Yes
CUST04716,CON04716,PAY04716,Female,68,4,34.63,138.52,,3,Yes,No,Yes,No
CUST04717,CON04717,PAY04717,Male,70,55,29.72,1634.6,,3,No,Yes,Yes,No
CUST04718,CON04718,PAY04718,Female,58,33,45.94,1516.02,DSL,5,Yes,Yes,No,Yes
CUST04719,CON04719,PAY04719,Female,67,20,97.25,1945.0,Cable,2,No,No,Yes,No
CUST04720,CON04720,PAY04720,Female,33,46,60.34,2775.64,Fiber Optic,5,Yes,No,No,Yes
CUST04721,CON04721,PAY04721,Female,37,64,30.22,1934.08,DSL,3,No,No,Yes,Yes
CUST04722,CON04722,PAY04722,Female,33,58,97.04,5628.32,Fiber Optic,4,No,Yes,No,Yes
CUST04723,CON04723,PAY04723,Male,32,57,30.37,1731.09,Cable,6,Yes,Yes,Yes,Yes
CUST04724,CON04724,PAY04724,Female,77,3,34.82,104.46,Cable,1,Yes,Yes,Yes,Yes
CUST04725,CON04725,PAY04725,Male,73,34,77.65,2640.1,Fiber Optic,5,No,No,No,Yes
CUST04726,CON04726,PAY04726,Male,54,58,56.47,3275.26,Cable,7,Yes,Yes,No,No
CUST04727,CON04727,PAY04727,Female,55,64,34.97,2238.08,Cable,3,Yes,No,Yes,Yes
CUST04728,CON04728,PAY04728,Male,50,65,79.71,5181.15,Fiber Optic,7,Yes,Yes,Yes,No
CUST04729,CON04729,PAY04729,Male,24,72,77.79,5600.88,DSL,4,No,No,No,No
CUST04730,CON04730,PAY04730,Male,49,54,58.47,3157.38,Cable,0,No,Yes,No,No
CUST04731,CON04731,PAY04731,Female,35,54,63.28,3417.12,Fiber Optic,3,No,No,Yes,Yes
CUST04732,CON04732,PAY04732,Male,50,55,59.74,3285.7,Cable,1,No,Yes,No,No
CUST04733,CON04733,PAY04733,Male,51,61,64.78,3951.58,Cable,7,Yes,Yes,No,No
CUST04734,CON04734,PAY04734,Male,56,1,83.27,83.27,Fiber Optic,0,No,No,No,No
CUST04735,CON04735,PAY04735,Female,52,6,61.67,370.02,DSL,4,Yes,No,Yes,No
CUST04736,CON04736,PAY04736,Female,61,20,32.32,646.4,Fiber Optic,1,No,Yes,No,Yes
CUST04737,CON04737,PAY04737,Male,54,67,27.95,1872.65,Cable,4,No,No,No,Yes
CUST04738,CON04738,PAY04738,Female,63,21,32.7,686.7,Fiber Optic,2,No,Yes,No,Yes
CUST04739,CON04739,PAY04739,Female,76,70,53.5,3745.0,Cable,2,No,No,Yes,Yes
CUST04740,CON04740,PAY04740,Male,27,27,77.89,2103.03,Cable,0,No,No,Yes,No
CUST04741,CON04741,PAY04741,Male,77,25,55.46,1386.5,DSL,2,No,Yes,No,No
CUST04742,CON04742,PAY04742,Female,71,22,96.44,2121.68,Cable,2,No,No,Yes,No
CUST04743,CON04743,PAY04743,Female,63,8,28.04,224.32,,2,Yes,No,Yes,No
CUST04744,CON04744,PAY04744,Male,53,44,34.05,1498.2,,5,Yes,Yes,No,No
CUST04745,CON04745,PAY04745,Female,45,15,77.41,1161.15,Fiber Optic,2,No,Yes,No,Yes
CUST04746,CON04746,PAY04746,Male,32,60,32.71,1962.6,Cable,8,Yes,Yes,Yes,Yes
CUST04747,CON04747,PAY04747,Female,20,6,98.82,592.92,,2,No,Yes,Yes,No
CUST04748,CON04748,PAY04748,Female,56,31,104.81,3249.11,,6,No,No,No,No
CUST04749,CON04749,PAY04749,Male,18,36,78.77,2835.72,DSL,9,Yes,No,No,No
CUST04750,CON04750,PAY04750,Male,35,24,103.79,2490.96,Fiber Optic,2,Yes,No,Yes,Yes
CUST04751,CON04751,PAY04751,Female,30,35,102.21,3577.35,Cable,1,Yes,Yes,Yes,No
CUST04752,CON04752,PAY04752,Male,54,65,78.88,5127.2,Fiber Optic,6,Yes,Yes,Yes,No
CUST04753,CON04753,PAY04753,Female,48,30,104.1,3123.0,Cable,5,Yes,No,No,Yes
CUST04754,CON04754,PAY04754,Male,73,4,30.07,120.28,,6,Yes,No,Yes,No
CUST04755,CON04755,PAY04755,Female,69,25,27.28,682.0,Cable,6,No,Yes,Yes,No
CUST04756,CON04756,PAY04756,Female,70,52,57.99,3015.48,Cable,5,Yes,No,Yes,No
CUST04757,CON04757,PAY04757,Female,70,3,84.93,254.79,,8,No,No,No,Yes
CUST04758,CON04758,PAY04758,Male,22,36,80.02,2880.72,DSL,9,Yes,No,No,No
CUST04759,CON04759,PAY04759,Male,25,36,51.34,1848.24,Cable,7,Yes,Yes,Yes,Yes
CUST04760,CON04760,PAY04760,Male,36,24,54.89,1317.36,,0,No,Yes,No,No
CUST04761,CON04761,PAY04761,Male,19,38,47.87,1819.06,Cable,7,Yes,Yes,Yes,Yes
CUST04762,CON04762,PAY04762,Female,31,38,95.11,3614.18,Cable,0,Yes,Yes,Yes,No
CUST04763,CON04763,PAY04763,Female,55,68,25.88,1759.84,Cable,3,Yes,No,Yes,Yes
CUST04764,CON04764,PAY04764,Female,63,18,28.82,518.76,Fiber Optic,1,No,Yes,No,Yes
CUST04765,CON04765,PAY04765,Male,71,4,77.55,310.2,,0,Yes,No,Yes,Yes
CUST04766,CON04766,PAY04766,Male,53,22,63.46,1396.12,Cable,4,Yes,Yes,Yes,Yes
CUST04767,CON04767,PAY04767,Female,69,30,62.65,1879.5,Cable,2,Yes,No,Yes,Yes
CUST04768,CON04768,PAY04768,Male,73,4,80.87,323.48,,2,Yes,No,Yes,Yes
CUST04769,CON04769,PAY04769,Male,74,46,63.88,2938.48,Cable,7,No,Yes,No,Yes
CUST04770,CON04770,PAY04770,Female,28,61,47.13,2874.93,Cable,1,No,Yes,Yes,No
CUST04771,CON04771,PAY04771,Male,52,50,103.96,5198.0,Cable,0,No,No,Yes,No
CUST04772,CON04772,PAY04772,Male,60,66,28.53,1882.98,Cable,3,No,No,No,Yes
CUST04773,CON04773,PAY04773,Male,18,33,52.59,1735.47,,3,No,Yes,Yes,No
CUST04774,CON04774,PAY04774,Male,20,36,81.54,2935.44,Fiber Optic,7,Yes,Yes,No,Yes
CUST04775,CON04775,PAY04775,Male,71,53,82.57,4376.21,,5,No,No,Yes,Yes
CUST04776,CON04776,PAY04776,Male,33,49,47.14,2309.86,Fiber Optic,8,No,Yes,No,Yes
CUST04777,CON04777,PAY04777,Male,30,59,33.17,1957.03,Cable,7,Yes,Yes,Yes,Yes
CUST04778,CON04778,PAY04778,Male,47,46,50.59,2327.14,,3,No,No,Yes,No
CUST04779,CON04779,PAY04779,Female,71,22,81.6,1795.2,Cable,0,Yes,Yes,No,Yes
CUST04780,CON04780,PAY04780,Female,62,30,59.1,1773.0,,2,No,Yes,Yes,Yes
CUST04781,CON04781,PAY04781,Female,24,70,50.21,3514.7,DSL,8,No,No,No,Yes
CUST04782,CON04782,PAY04782,Female,73,1,27.26,27.26,Cable,1,Yes,Yes,Yes,Yes
CUST04783,CON04783,PAY04783,Female,30,55,57.18,3144.9,Fiber Optic,2,No,No,Yes,Yes
CUST04784,CON04784,PAY04784,Male,37,47,61.55,2892.85,Fiber Optic,7,No,No,Yes,No
CUST04785,CON04785,PAY04785,Male,20,37,48.74,1803.38,Cable,7,Yes,Yes,Yes,Yes
CUST04786,CON04786,PAY04786,Male,72,5,33.08,165.4,,4,Yes,No,Yes,No
CUST04787,CON04787,PAY04787,Male,52,47,100.08,4703.76,Cable,0,No,No,Yes,No
CUST04788,CON04788,PAY04788,Female,23,20,33.03,660.6,DSL,6,No,No,No,Yes
CUST04789,CON04789,PAY04789,Male,20,29,49.88,1446.52,,2,No,Yes,Yes,No
CUST04790,CON04790,PAY04790,Female,51,43,99.81,4291.83,DSL,1,No,No,No,No
CUST04791,CON04791,PAY04791,Male,52,32,99.74,3191.68,,8,Yes,No,Yes,No
CUST04792,CON04792,PAY04792,Female,72,37,50.39,1864.43,Cable,4,No,No,Yes,No
CUST04793,CON04793,PAY04793,Female,67,35,50.2,1757.0,Cable,3,No,No,Yes,No
CUST04794,CON04794,PAY04794,Male,73,22,58.75,1292.5,Cable,1,Yes,No,Yes,Yes
CUST04795,CON04795,PAY04795,Male,23,39,54.47,2124.33,Fiber Optic,2,Yes,No,No,No
CUST04796,CON04796,PAY04796,Female,42,11,78.63,864.93,Fiber Optic,3,No,Yes,No,Yes
CUST04797,CON04797,PAY04797,Male,56,24,56.61,1358.64,Cable,6,Yes,Yes,Yes,Yes
CUST04798,CON04798,PAY04798,Male,56,22,62.23,1369.06,Cable,4,Yes,Yes,Yes,Yes
CUST04799,CON04799,PAY04799,Female,44,70,28.96,2027.2,DSL,1,No,Yes,No,No
CUST04800,CON04800,PAY04800,Female,44,15,75.22,1128.3,Fiber Optic,1,No,Yes,No,Yes
CUST04801,CON04801,PAY04801,Female,72,6,78.29,469.74,,8,No,No,No,Yes
CUST04802,CON04802,PAY04802,Female,40,62,34.34,2129.08,DSL,2,No,No,Yes,Yes
CUST04803,CON04803,PAY04803,Male,22,34,75.29,2559.86,Fiber Optic,6,Yes,Yes,No,Yes
CUST04804,CON04804,PAY04804,Female,40,48,55.06,2642.88,,4,Yes,Yes,No,No
CUST04805,CON04805,PAY04805,Female,52,3,61.03,183.09,DSL,4,Yes,No,Yes,No
CUST04806,CON04806,PAY04806,Female,64,23,29.75,684.25,Fiber Optic,0,No,Yes,Yes,Yes
CUST04807,CON04807,PAY04807,Male,35,24,100.75,2418.0,Fiber Optic,3,Yes,No,Yes,Yes
CUST04808,CON04808,PAY04808,Male,30,7,62.81,439.67,,7,No,No,Yes,No
CUST04809,CON04809,PAY04809,Female,51,32,99.15,3172.8,Cable,5,Yes,No,No,Yes
CUST04810,CON04810,PAY04810,Male,69,4,83.08,332.32,,2,Yes,No,Yes,Yes
CUST04811,CON04811,PAY04811,Female,42,11,79.62,875.82,Fiber Optic,1,No,Yes,No,Yes
CUST04812,CON04812,PAY04812,Female,68,35,50.62,1771.7,Cable,3,No,No,Yes,No
CUST04813,CON04813,PAY04813,Female,30,35,99.25,3473.75,Cable,0,Yes,Yes,Yes,No
CUST04814,CON04814,PAY04814,Female,47,32,103.11,3299.52,Cable,3,Yes,No,No,Yes
CUST04815,CON04815,PAY04815,Male,30,16,81.97,1311.52,DSL,1,Yes,No,Yes,No
CUST04816,CON04816,PAY04816,Male,55,62,60.84,3772.08,Cable,9,Yes,Yes,No,No
CUST04817,CON04817,PAY04817,Female,32,36,104.3,3754.8,Cable,1,Yes,Yes,Yes,No
CUST04818,CON04818,PAY04818,Male,56,6,60.22,361.32,Cable,3,Yes,Yes,No,No
CUST04819,CON04819,PAY04819,Male,27,49,26.01,1274.49,DSL,5,Yes,No,Yes,Yes
CUST04820,CON04820,PAY04820,Female,30,56,62.2,3483.2,Fiber Optic,2,No,No,Yes,Yes
CUST04821,CON04821,PAY04821,Male,51,51,95.13,4851.63,Cable,0,No,No,Yes,No
CUST04822,CON04822,PAY04822,Female,59,70,83.01,5810.7,,4,Yes,No,No,Yes
CUST04823,CON04823,PAY04823,Male,62,68,78.69,5350.92,Fiber Optic,4,No,Yes,Yes,Yes
CUST04824,CON04824,PAY04824,Female,75,23,77.43,1780.89,Cable,0,Yes,Yes,No,Yes
CUST04825,CON04825,PAY04825,Female,76,70,52.49,3674.3,Cable,0,No,No,Yes,Yes
CUST04826,CON04826,PAY04826,Female,21,45,101.7,4576.5,Cable,3,Yes,Yes,Yes,Yes
CUST04827,CON04827,PAY04827,Male,25,25,81.29,2032.25,Cable,0,No,No,Yes,No
CUST04828,CON04828,PAY04828,Male,19,31,45.89,1422.59,,1,No,Yes,Yes,No
CUST04829,CON04829,PAY04829,Female,64,4,31.31,125.24,,3,Yes,No,Yes,No
CUST04830,CON04830,PAY04830,Female,71,45,57.68,2595.6,Fiber Optic,8,No,No,Yes,Yes
CUST04831,CON04831,PAY04831,Female,27,21,27.36,574.56,Fiber Optic,0,No,No,No,No
CUST04832,CON04832,PAY04832,Female,66,31,57.91,1795.21,Cable,2,Yes,No,Yes,Yes
CUST04833,CON04833,PAY04833,Male,55,60,61.28,3676.8,Cable,7,Yes,Yes,No,No
CUST04834,CON04834,PAY04834,Female,19,46,99.47,4575.62,DSL,8,Yes,Yes,No,Yes
CUST04835,CON04835,PAY04835,Female,32,58,99.96,5797.68,Fiber Optic,6,No,Yes,No,Yes
CUST04836,CON04836,PAY04836,Female,67,37,45.68,1690.16,Cable,3,No,No,Yes,No
CUST04837,CON04837,PAY04837,Male,24,40,53.0,2120.0,Cable,9,Yes,Yes,Yes,Yes
CUST04838,CON04838,PAY04838,Male,33,46,64.09,2948.14,Fiber Optic,7,No,No,Yes,No
CUST04839,CON04839,PAY04839,Female,27,59,53.89,3179.51,Cable,1,No,Yes,Yes,No
CUST04840,CON04840,PAY04840,Female,46,9,61.97,557.73,DSL,5,No,Yes,Yes,No
CUST04841,CON04841,PAY04841,Female,70,50,62.07,3103.5,Cable,4,Yes,No,Yes,No
CUST04842,CON04842,PAY04842,Female,64,23,31.34,720.82,Fiber Optic,0,No,Yes,Yes,Yes
CUST04843,CON04843,PAY04843,Male,60,59,28.24,1666.16,,0,No,Yes,Yes,No
CUST04844,CON04844,PAY04844,Female,50,33,96.4,3181.2,Cable,5,Yes,No,No,Yes
CUST04845,CON04845,PAY04845,Male,72,54,31.31,1690.74,,4,No,Yes,Yes,No
CUST04846,CON04846,PAY04846,Female,32,47,29.1,1367.7,Fiber Optic,7,No,Yes,No,Yes
CUST04847,CON04847,PAY04847,Female,18,45,96.45,4340.25,DSL,7,Yes,Yes,No,Yes
CUST04848,CON04848,PAY04848,Male,34,47,46.11,2167.17,Fiber Optic,8,No,Yes,No,Yes
CUST04849,CON04849,PAY04849,Male,30,43,84.32,3625.76,DSL,4,No,No,No,No
CUST04850,CON04850,PAY04850,Female,23,70,53.31,3731.7,DSL,8,No,No,No,Yes
CUST04851,CON04851,PAY04851,Female,52,65,34.25,2226.25,Cable,3,Yes,No,Yes,Yes
CUST04852,CON04852,PAY04852,Male,51,67,76.4,5118.8,Fiber Optic,6,Yes,Yes,Yes,No
CUST04853,CON04853,PAY04853,Female,75,3,30.1,90.3,Cable,1,Yes,Yes,Yes,Yes
CUST04854,CON04854,PAY04854,Male,55,51,99.65,5082.15,Cable,1,No,No,Yes,No
CUST04855,CON04855,PAY04855,Male,30,15,80.34,1205.1,DSL,1,Yes,No,Yes,No
CUST04856,CON04856,PAY04856,Male,57,65,26.7,1735.5,Cable,5,No,No,No,Yes
CUST04857,CON04857,PAY04857,Male,51,47,50.33,2365.51,,2,No,No,Yes,No
CUST04858,CON04858,PAY04858,Male,34,61,96.49,5885.89,,5,Yes,No,Yes,Yes
CUST04859,CON04859,PAY04859,Male,66,60,28.42,1705.2,,0,No,Yes,Yes,No
CUST04860,CON04860,PAY04860,Male,21,33,53.46,1764.18,,1,No,Yes,Yes,No
CUST04861,CON04861,PAY04861,Female,46,41,77.71,3186.11,DSL,6,No,No,No,Yes
CUST04862,CON04862,PAY04862,Female,69,27,34.19,923.13,Cable,6,No,Yes,Yes,No
CUST04863,CON04863,PAY04863,Female,50,12,27.11,325.32,Fiber Optic,8,No,Yes,Yes,Yes
CUST04864,CON04864,PAY04864,Male,66,56,77.36,4332.16,Cable,0,No,No,No,No
CUST04865,CON04865,PAY04865,Female,61,51,58.48,2982.48,,6,Yes,Yes,No,No
CUST04866,CON04866,PAY04866,Female,23,9,98.44,885.96,,2,No,Yes,Yes,No
CUST04867,CON04867,PAY04867,Male,18,36,78.42,2823.12,DSL,8,Yes,No,No,No
CUST04868,CON04868,PAY04868,Male,19,52,34.07,1771.64,DSL,2,No,No,Yes,Yes
CUST04869,CON04869,PAY04869,Male,56,42,33.93,1425.06,,5,Yes,Yes,No,No
CUST04870,CON04870,PAY04870,Male,55,28,100.44,2812.32,,9,Yes,No,Yes,No
CUST04871,CON04871,PAY04871,Male,51,3,58.51,175.53,Cable,4,Yes,Yes,No,No
CUST04872,CON04872,PAY04872,Female,65,19,32.6,619.4,Fiber Optic,0,No,Yes,No,Yes
CUST04873,CON04873,PAY04873,Male,20,22,32.59,716.98,DSL,0,No,Yes,No,Yes
CUST04874,CON04874,PAY04874,Female,29,13,98.57,1281.41,Fiber Optic,1,Yes,Yes,No,No
CUST04875,CON04875,PAY04875,Female,67,24,26.94,646.56,Fiber Optic,1,No,Yes,Yes,Yes
CUST04876,CON04876,PAY04876,Female,28,22,29.05,639.1,Fiber Optic,2,No,No,No,No
CUST04877,CON04877,PAY04877,Female,60,31,103.21,3199.51,,7,No,No,No,No
CUST04878,CON04878,PAY04878,Female,63,60,97.97,5878.2,Cable,1,No,No,Yes,Yes
CUST04879,CON04879,PAY04879,Female,40,62,29.19,1809.78,DSL,1,No,No,Yes,Yes
CUST04880,CON04880,PAY04880,Female,67,4,46.19,184.76,,2,No,Yes,Yes,No
CUST04881,CON04881,PAY04881,Male,33,58,30.36,1760.88,Cable,7,Yes,Yes,Yes,Yes
CUST04882,CON04882,PAY04882,Female,46,6,64.43,386.58,DSL,6,No,Yes,Yes,No
CUST04883,CON04883,PAY04883,Female,68,26,32.45,843.7,Cable,4,No,Yes,Yes,No
CUST04884,CON04884,PAY04884,Male,19,23,28.65,658.95,DSL,1,No,Yes,No,Yes
CUST04885,CON04885,PAY04885,Male,36,62,99.76,6185.12,,5,Yes,No,Yes,Yes
CUST04886,CON04886,PAY04886,Female,60,48,62.09,2980.32,,7,Yes,Yes,No,No
CUST04887,CON04887,PAY04887,Female,30,10,99.34,993.4,Fiber Optic,1,Yes,Yes,No,No
CUST04888,CON04888,PAY04888,Male,29,60,33.62,2017.2,Cable,8,Yes,Yes,Yes,Yes
CUST04889,CON04889,PAY04889,Female,33,50,33.9,1695.0,Fiber Optic,6,No,Yes,No,Yes
CUST04890,CON04890,PAY04890,Female,22,62,97.38,6037.56,Fiber Optic,7,No,No,No,Yes
CUST04891,CON04891,PAY04891,Female,24,67,53.76,3601.92,DSL,8,No,No,No,Yes
CUST04892,CON04892,PAY04892,Female,70,21,78.76,1653.96,Cable,0,Yes,Yes,No,Yes
CUST04893,CON04893,PAY04893,Female,66,46,62.99,2897.54,Fiber Optic,8,No,No,Yes,Yes
CUST04894,CON04894,PAY04894,Male,33,58,32.49,1884.42,Cable,8,Yes,Yes,Yes,Yes
CUST04895,CON04895,PAY04895,Male,54,2,76.69,153.38,Fiber Optic,0,No,No,No,No
CUST04896,CON04896,PAY04896,Female,69,42,59.39,2494.38,Fiber Optic,6,No,No,Yes,Yes
CUST04897,CON04897,PAY04897,Male,53,59,59.79,3527.61,Cable,7,Yes,Yes,No,No
CUST04898,CON04898,PAY04898,Male,57,1,77.99,77.99,Fiber Optic,1,No,No,No,No
CUST04899,CON04899,PAY04899,Male,57,42,29.8,1251.6,,4,Yes,Yes,No,No
CUST04900,CON04900,PAY04900,Female,52,5,63.82,319.1,DSL,4,Yes,No,Yes,No
CUST04901,CON04901,PAY04901,Male,40,21,59.62,1252.02,Fiber Optic,5,No,No,No,Yes
CUST04902,CON04902,PAY04902,Male,48,65,83.19,5407.35,Fiber Optic,5,Yes,Yes,Yes,No
CUST04903,CON04903,PAY04903,Male,27,37,57.49,2127.13,Fiber Optic,1,No,No,No,Yes
CUST04904,CON04904,PAY04904,Male,27,58,31.57,1831.06,Cable,8,Yes,Yes,Yes,Yes
CUST04905,CON04905,PAY04905,Female,21,8,103.83,830.64,,3,No,Yes,Yes,No
CUST04906,CON04906,PAY04906,Male,35,45,64.91,2920.95,Fiber Optic,9,No,No,Yes,No
CUST04907,CON04907,PAY04907,Male,59,42,31.54,1324.68,,5,Yes,Yes,No,No
CUST04908,CON04908,PAY04908,Male,69,6,82.46,494.76,,0,Yes,No,Yes,Yes
CUST04909,CON04909,PAY04909,Male,72,8,33.23,265.84,,6,Yes,No,Yes,No
CUST04910,CON04910,PAY04910,Female,68,1,48.73,48.73,,3,No,Yes,Yes,No
CUST04911,CON04911,PAY04911,Female,61,26,83.26,2164.76,DSL,3,Yes,Yes,No,No
CUST04912,CON04912,PAY04912,Male,18,11,46.23,508.53,Cable,5,Yes,Yes,No,Yes
CUST04913,CON04913,PAY04913,Female,53,72,103.74,7469.28,Fiber Optic,2,Yes,Yes,Yes,Yes
CUST04914,CON04914,PAY04914,Male,35,51,50.52,2576.52,Fiber Optic,9,No,Yes,No,Yes
CUST04915,CON04915,PAY04915,Female,60,70,80.96,5667.2,,4,Yes,No,No,Yes
CUST04916,CON04916,PAY04916,Female,68,5,77.78,388.9,,8,No,No,No,Yes
CUST04917,CON04917,PAY04917,Male,30,59,34.46,2033.14,Cable,8,Yes,Yes,Yes,Yes
CUST04918,CON04918,PAY04918,Female,68,27,64.44,1739.88,Cable,2,Yes,No,Yes,Yes
CUST04919,CON04919,PAY04919,Female,38,50,62.99,3149.5,,3,Yes,Yes,No,No
CUST04920,CON04920,PAY04920,Male,52,28,102.05,2857.4,,7,Yes,No,Yes,No
CUST04921,CON04921,PAY04921,Female,72,4,48.73,194.92,,2,No,Yes,Yes,No
CUST04922,CON04922,PAY04922,Female,64,27,62.48,1686.96,,2,No,No,Yes,Yes
CUST04923,CON04923,PAY04923,Female,71,72,47.29,3404.88,Cable,0,No,No,Yes,Yes
CUST04924,CON04924,PAY04924,Female,32,47,31.62,1486.14,Fiber Optic,5,No,Yes,No,Yes
CUST04925,CON04925,PAY04925,Male,53,51,95.93,4892.43,Cable,0,No,No,Yes,No
CUST04926,CON04926,PAY04926,Female,52,5,62.52,312.6,DSL,5,Yes,No,Yes,No
CUST04927,CON04927,PAY04927,Female,31,56,98.49,5515.44,Fiber Optic,4,No,Yes,No,Yes
CUST04928,CON04928,PAY04928,Male,55,65,29.16,1895.4,Cable,3,No,No,No,Yes
CUST04929,CON04929,PAY04929,Female,66,17,32.38,550.46,Fiber Optic,0,No,Yes,No,Yes
CUST04930,CON04930,PAY04930,Female,32,49,34.26,1678.74,Fiber Optic,5,No,Yes,No,Yes
CUST04931,CON04931,PAY04931,Female,32,50,27.63,1381.5,Fiber Optic,5,No,Yes,No,Yes
CUST04932,CON04932,PAY04932,Male,37,62,100.44,6227.28,,6,Yes,No,Yes,Yes
CUST04933,CON04933,PAY04933,Male,69,20,100.96,2019.2,,4,Yes,Yes,Yes,No
CUST04934,CON04934,PAY04934,Male,20,12,48.84,586.08,Cable,5,Yes,Yes,No,Yes
CUST04935,CON04935,PAY04935,Female,61,24,77.44,1858.56,DSL,4,Yes,Yes,No,No
CUST04936,CON04936,PAY04936,Female,30,36,32.56,1172.16,,3,No,No,No,Yes
CUST04937,CON04937,PAY04937,Female,66,38,51.75,1966.5,Cable,3,No,No,Yes,No
CUST04938,CON04938,PAY04938,Male,69,3,76.68,230.04,,0,Yes,No,Yes,Yes
CUST04939,CON04939,PAY04939,Male,58,67,30.04,2012.68,Cable,4,No,No,No,Yes
CUST04940,CON04940,PAY04940,Female,70,5,79.17,395.85,,8,No,No,No,Yes
CUST04941,CON04941,PAY04941,Male,75,5,33.38,166.9,,4,Yes,No,Yes,No
CUST04942,CON04942,PAY04942,Female,42,7,57.3,401.1,DSL,5,No,Yes,Yes,No
CUST04943,CON04943,PAY04943,Male,36,44,62.51,2750.44,Fiber Optic,7,No,No,Yes,No
CUST04944,CON04944,PAY04944,Male,70,21,99.94,2098.74,,6,Yes,Yes,Yes,No
CUST04945,CON04945,PAY04945,Male,49,2,30.56,61.12,Cable,1,Yes,Yes,No,Yes
CUST04946,CON04946,PAY04946,Male,67,59,75.02,4426.18,Cable,0,No,No,No,No
CUST04947,CON04947,PAY04947,Female,25,16,34.56,552.96,DSL,7,No,No,No,Yes
CUST04948,CON04948,PAY04948,Female,72,21,81.1,1703.1,Cable,1,Yes,Yes,No,Yes
CUST04949,CON04949,PAY04949,Female,72,19,97.2,1846.8,Cable,4,No,No,Yes,No
CUST04950,CON04950,PAY04950,Male,29,3,62.04,186.12,,8,No,No,Yes,No
CUST04951,CON04951,PAY04951,Male,29,46,29.06,1336.76,DSL,6,Yes,No,Yes,Yes
CUST04952,CON04952,PAY04952,Male,71,8,28.1,224.8,,6,Yes,No,Yes,No
CUST04953,CON04953,PAY04953,Male,73,48,55.76,2676.48,Cable,7,No,Yes,No,Yes
CUST04954,CON04954,PAY04954,Male,18,15,51.53,772.95,Cable,5,Yes,Yes,No,Yes
CUST04955,CON04955,PAY04955,Male,53,45,27.89,1255.05,,5,Yes,Yes,No,No
CUST04956,CON04956,PAY04956,Female,56,65,25.72,1671.8,Cable,5,Yes,No,Yes,Yes
CUST04957,CON04957,PAY04957,Male,32,27,101.93,2752.11,Fiber Optic,4,Yes,No,Yes,Yes
CUST04958,CON04958,PAY04958,Female,77,2,27.72,55.44,Cable,1,Yes,Yes,Yes,Yes
CUST04959,CON04959,PAY04959,Female,34,52,57.12,2970.24,Fiber Optic,4,No,No,Yes,Yes
CUST04960,CON04960,PAY04960,Male,57,3,76.87,230.61,Fiber Optic,0,No,No,No,No
CUST04961,CON04961,PAY04961,Male,22,35,83.0,2905.0,DSL,9,Yes,No,No,No
CUST04962,CON04962,PAY04962,Female,63,27,59.86,1616.22,,1,No,Yes,Yes,Yes
CUST04963,CON04963,PAY04963,Male,33,7,56.47,395.29,,8,No,No,Yes,No
CUST04964,CON04964,PAY04964,Male,70,47,63.82,2999.54,Cable,6,No,Yes,No,Yes
CUST04965,CON04965,PAY04965,Male,56,6,57.22,343.32,Cable,5,Yes,Yes,No,No
CUST04966,CON04966,PAY04966,Male,71,6,27.31,163.86,,4,Yes,No,Yes,No
CUST04967,CON04967,PAY04967,Female,19,45,95.15,4281.75,Cable,2,Yes,Yes,Yes,Yes
CUST04968,CON04968,PAY04968,Female,31,53,55.28,2929.84,Fiber Optic,3,No,No,Yes,Yes
CUST04969,CON04969,PAY04969,Female,57,49,60.57,2967.93,,7,Yes,Yes,No,No
CUST04970,CON04970,PAY04970,Male,54,50,98.64,4932.0,Cable,0,No,No,Yes,No
CUST04971,CON04971,PAY04971,Female,46,8,59.93,479.44,DSL,6,No,Yes,Yes,No
CUST04972,CON04972,PAY04972,Male,69,58,76.56,4440.48,Cable,0,No,No,No,No
CUST04973,CON04973,PAY04973,Male,69,6,27.89,167.34,,5,Yes,No,Yes,No
CUST04974,CON04974,PAY04974,Female,32,57,102.66,5851.62,Fiber Optic,4,No,Yes,No,Yes
CUST04975,CON04975,PAY04975,Female,22,63,98.56,6209.28,Fiber Optic,8,No,No,No,Yes
CUST04976,CON04976,PAY04976,Male,52,55,56.18,3089.9,Cable,1,No,Yes,No,No
CUST04977,CON04977,PAY04977,Female,25,20,27.71,554.2,DSL,7,No,No,No,Yes
CUST04978,CON04978,PAY04978,Male,51,5,98.87,494.35,DSL,6,No,No,No,No
CUST04979,CON04979,PAY04979,Female,27,48,59.84,2872.32,Fiber Optic,6,Yes,No,No,Yes
CUST04980,CON04980,PAY04980,Male,21,72,84.07,6053.04,DSL,5,No,No,No,No
CUST04981,CON04981,PAY04981,Female,69,28,59.28,1659.84,Cable,0,Yes,No,Yes,Yes
CUST04982,CON04982,PAY04982,Female,72,22,78.8,1733.6,Cable,1,Yes,Yes,No,Yes
CUST04983,CON04983,PAY04983,Female,20,49,100.32,4915.68,DSL,7,Yes,Yes,No,Yes
CUST04984,CON04984,PAY04984,Male,33,28,104.55,2927.4,Fiber Optic,3,Yes,No,Yes,Yes
CUST04985,CON04985,PAY04985,Male,35,25,101.08,2527.0,Fiber Optic,3,Yes,No,Yes,Yes
CUST04986,CON04986,PAY04986,Female,76,2,30.1,60.2,Cable,3,Yes,Yes,Yes,Yes
CUST04987,CON04987,PAY04987,Male,65,56,76.15,4264.4,Cable,1,No,No,No,No
CUST04988,CON04988,PAY04988,Male,47,44,46.66,2053.04,,4,No,No,Yes,No
CUST04989,CON04989,PAY04989,Female,52,68,28.91,1965.88,Cable,3,Yes,No,Yes,Yes
CUST04990,CON04990,PAY04990,Male,30,24,51.43,1234.32,,1,No,Yes,No,No
CUST04991,CON04991,PAY04991,Female,57,32,33.35,1067.2,,5,No,No,Yes,Yes
CUST04992,CON04992,PAY04992,Male,54,4,27.24,108.96,Cable,3,Yes,Yes,No,Yes
CUST04993,CON04993,PAY04993,Female,43,6,57.16,342.96,DSL,6,No,Yes,Yes,No
CUST04994,CON04994,PAY04994,Male,24,34,77.1,2621.4,Fiber Optic,7,Yes,Yes,No,Yes
CUST04995,CON04995,PAY04995,Male,73,6,84.41,506.46,,0,Yes,No,Yes,Yes
CUST04996,CON04996,PAY04996,Male,63,56,79.97,4478.32,Cable,0,No,No,No,No
CUST04997,CON04997,PAY04997,Female,20,68,48.69,3310.92,DSL,7,No,No,No,Yes
CUST04998,CON04998,PAY04998,Female,28,37,32.79,1213.23,,3,No,No,No,Yes
CUST04999,CON04999,PAY04999,Female,48,45,82.99,3734.55,DSL,8,No,No,No,Yes
CUST05000,CON05000,PAY05000,Male,34,6,62.65,375.9,,8,No,No,Yes,No
CUST05001,CON05001,PAY05001,Male,49,5,32.79,163.95,Cable,2,Yes,Yes,No,Yes
CUST05002,CON05002,PAY05002,Female,32,45,55.68,2505.6,Fiber Optic,7,Yes,No,No,Yes
CUST05003,CON05003,PAY05003,Male,68,20,101.97,2039.4,,5,Yes,Yes,Yes,No
CUST05004,CON05004,PAY05004,Female,50,45,78.02,3510.9,DSL,8,No,No,No,Yes
CUST05005,CON05005,PAY05005,Female,62,59,104.21,6148.39,Cable,0,No,No,Yes,Yes
CUST05006,CON05006,PAY05006,Female,34,52,60.17,3128.84,Fiber Optic,3,No,No,Yes,Yes
CUST05007,CON05007,PAY05007,Male,60,65,62.63,4070.95,Fiber Optic,1,Yes,No,Yes,No
CUST05008,CON05008,PAY05008,Female,26,69,51.21,3533.49,DSL,6,No,No,No,Yes
CUST05009,CON05009,PAY05009,Male,25,29,80.13,2323.77,Cable,1,No,No,Yes,No
CUST05010,CON05010,PAY05010,Female,45,13,80.0,1040.0,Fiber Optic,3,No,Yes,No,Yes
CUST05011,CON05011,PAY05011,Male,55,48,102.7,4929.6,Cable,1,No,No,Yes,No
CUST05012,CON05012,PAY05012,Female,57,34,103.23,3509.82,,5,No,No,No,No
CUST05013,CON05013,PAY05013,Male,71,21,96.88,2034.48,,4,Yes,Yes,Yes,No
CUST05014,CON05014,PAY05014,Female,32,36,25.39,914.04,,1,No,No,No,Yes
CUST05015,CON05015,PAY05015,Male,32,14,78.86,1104.04,DSL,0,Yes,No,Yes,No
CUST05016,CON05016,PAY05016,Male,18,13,51.33,667.29,Cable,4,Yes,Yes,No,Yes
CUST05017,CON05017,PAY05017,Female,51,9,25.63,230.67,Fiber Optic,6,No,Yes,Yes,Yes
CUST05018,CON05018,PAY05018,Female,66,43,58.65,2521.95,Fiber Optic,8,No,No,Yes,Yes
CUST05019,CON05019,PAY05019,Male,35,60,101.49,6089.4,,7,Yes,No,Yes,Yes
CUST05020,CON05020,PAY05020,Male,57,68,64.89,4412.52,Fiber Optic,0,Yes,No,Yes,No
CUST05021,CON05021,PAY05021,Female,57,24,82.99,1991.76,DSL,3,Yes,Yes,No,No
CUST05022,CON05022,PAY05022,Female,43,32,53.83,1722.56,Fiber Optic,4,Yes,No,Yes,No
CUST05023,CON05023,PAY05023,Male,21,32,51.39,1644.48,,1,No,Yes,Yes,No
CUST05024,CON05024,PAY05024,Female,46,5,55.04,275.2,DSL,6,No,Yes,Yes,No
CUST05025,CON05025,PAY05025,Male,30,3,63.29,189.87,,9,No,No,Yes,No
CUST05026,CON05026,PAY05026,Male,52,4,99.78,399.12,DSL,7,No,No,No,No
CUST05027,CON05027,PAY05027,Female,49,13,30.25,393.25,Fiber Optic,8,No,Yes,Yes,Yes
CUST05028,CON05028,PAY05028,Female,53,33,45.57,1503.81,DSL,5,Yes,Yes,No,Yes
CUST05029,CON05029,PAY05029,Female,63,61,102.41,6247.01,Cable,0,No,No,Yes,Yes
CUST05030,CON05030,PAY05030,Female,60,68,78.69,5350.92,,4,Yes,No,No,Yes
CUST05031,CON05031,PAY05031,Male,53,28,96.76,2709.28,,7,Yes,No,Yes,No
CUST05032,CON05032,PAY05032,Male,46,5,102.96,514.8,DSL,5,No,No,No,No
CUST05033,CON05033,PAY05033,Female,50,11,26.32,289.52,Fiber Optic,8,No,Yes,Yes,Yes
CUST05034,CON05034,PAY05034,Male,36,61,100.56,6134.16,,6,Yes,No,Yes,Yes
CUST05035,CON05035,PAY05035,Male,56,20,60.59,1211.8,Cable,6,Yes,Yes,Yes,Yes
CUST05036,CON05036,PAY05036,Male,23,33,77.18,2546.94,Fiber Optic,8,Yes,Yes,No,Yes
CUST05037,CON05037,PAY05037,Female,24,8,103.48,827.84,,1,No,Yes,Yes,No
CUST05038,CON05038,PAY05038,Female,68,1,53.18,53.18,,1,No,Yes,Yes,No
CUST05039,CON05039,PAY05039,Male,29,6,56.43,338.58,,9,No,No,Yes,No
CUST05040,CON05040,PAY05040,Male,48,1,98.14,98.14,DSL,6,No,No,No,No
CUST05041,CON05041,PAY05041,Female,57,33,49.36,1628.88,DSL,7,Yes,Yes,No,Yes
CUST05042,CON05042,PAY05042,Male,58,30,98.07,2942.1,,7,Yes,No,Yes,No
CUST05043,CON05043,PAY05043,Male,23,34,77.65,2640.1,Fiber Optic,8,Yes,Yes,No,Yes
CUST05044,CON05044,PAY05044,Female,35,66,27.42,1809.72,DSL,2,No,No,Yes,Yes
CUST05045,CON05045,PAY05045,Female,31,56,104.06,5827.36,Fiber Optic,5,No,Yes,No,Yes
CUST05046,CON05046,PAY05046,Male,35,46,59.64,2743.44,Fiber Optic,8,No,No,Yes,No
CUST05047,CON05047,PAY05047,Female,30,39,29.2,1138.8,,1,No,No,No,Yes
CUST05048,CON05048,PAY05048,Female,28,21,29.21,613.41,Fiber Optic,1,No,No,No,No
CUST05049,CON05049,PAY05049,Female,20,48,99.86,4793.28,Cable,4,Yes,Yes,Yes,Yes
CUST05050,CON05050,PAY05050,Female,57,25,82.98,2074.5,DSL,5,Yes,Yes,No,No
CUST05051,CON05051,PAY05051,Female,35,47,26.31,1236.57,Fiber Optic,7,No,Yes,No,Yes
CUST05052,CON05052,PAY05052,Male,20,53,26.29,1393.37,DSL,2,No,No,Yes,Yes
CUST05053,CON05053,PAY05053,Male,25,49,26.69,1307.81,DSL,4,Yes,No,Yes,Yes
CUST05054,CON05054,PAY05054,Male,66,49,78.91,3866.59,,5,No,No,Yes,Yes
CUST05055,CON05055,PAY05055,Male,66,51,28.04,1430.04,,4,No,Yes,Yes,No
CUST05056,CON05056,PAY05056,Male,50,4,33.77,135.08,Cable,3,Yes,Yes,No,Yes
CUST05057,CON05057,PAY05057,Male,57,60,63.36,3801.6,Cable,7,Yes,Yes,No,No
CUST05058,CON05058,PAY05058,Male,68,51,78.1,3983.1,,6,No,No,Yes,Yes
CUST05059,CON05059,PAY05059,Female,66,26,31.45,817.7,Fiber Optic,1,No,Yes,Yes,Yes
CUST05060,CON05060,PAY05060,Female,65,6,26.55,159.3,,4,Yes,No,Yes,No
CUST05061,CON05061,PAY05061,Male,23,39,47.08,1836.12,Fiber Optic,0,Yes,No,No,No
CUST05062,CON05062,PAY05062,Female,61,69,78.64,5426.16,,5,Yes,No,No,Yes
CUST05063,CON05063,PAY05063,Female,61,31,63.43,1966.33,,2,No,No,Yes,Yes
CUST05064,CON05064,PAY05064,Female,38,48,56.33,2703.84,,3,Yes,Yes,No,No
CUST05065,CON05065,PAY05065,Female,35,55,57.22,3147.1,Fiber Optic,2,No,No,Yes,Yes
CUST05066,CON05066,PAY05066,Female,52,30,29.1,873.0,,4,No,No,Yes,Yes
CUST05067,CON05067,PAY05067,Female,66,31,63.13,1957.03,Cable,1,Yes,No,Yes,Yes
CUST05068,CON05068,PAY05068,Male,21,34,81.52,2771.68,Fiber Optic,7,Yes,Yes,No,Yes
CUST05069,CON05069,PAY05069,Female,61,31,62.34,1932.54,,1,No,Yes,Yes,Yes
CUST05070,CON05070,PAY05070,Male,70,49,77.58,3801.42,,4,No,No,Yes,Yes
CUST05071,CON05071,PAY05071,Male,54,5,32.12,160.6,Cable,2,Yes,Yes,No,Yes
CUST05072,CON05072,PAY05072,Female,70,44,58.37,2568.28,Fiber Optic,7,No,No,Yes,Yes
CUST05073,CON05073,PAY05073,Female,68,30,61.65,1849.5,Cable,1,Yes,No,Yes,Yes
CUST05074,CON05074,PAY05074,Male,31,25,98.14,2453.5,Fiber Optic,2,Yes,No,Yes,Yes
CUST05075,CON05075,PAY05075,Male,65,57,80.17,4569.69,Cable,0,No,No,No,No
CUST05076,CON05076,PAY05076,Female,33,48,59.66,2863.68,Fiber Optic,7,Yes,No,No,Yes
CUST05077,CON05077,PAY05077,Female,20,8,99.27,794.16,,1,No,Yes,Yes,No
CUST05078,CON05078,PAY05078,Female,47,42,78.78,3308.76,DSL,7,No,No,No,Yes
CUST05079,CON05079,PAY05079,Female,52,33,29.65,978.45,,3,No,No,Yes,Yes
CUST05080,CON05080,PAY05080,Male,70,44,60.43,2658.92,Cable,7,No,Yes,No,Yes
CUST05081,CON05081,PAY05081,Female,50,44,96.91,4264.04,DSL,1,No,No,No,No
CUST05082,CON05082,PAY05082,Female,69,34,45.21,1537.14,Cable,4,No,No,Yes,No
CUST05083,CON05083,PAY05083,Female,66,45,56.1,2524.5,Fiber Optic,8,No,No,Yes,Yes
CUST05084,CON05084,PAY05084,Female,33,47,32.41,1523.27,Fiber Optic,7,No,Yes,No,Yes
CUST05085,CON05085,PAY05085,Female,30,56,96.13,5383.28,Fiber Optic,5,No,Yes,No,Yes
CUST05086,CON05086,PAY05086,Female,69,28,61.92,1733.76,Cable,1,Yes,No,Yes,Yes
CUST05087,CON05087,PAY05087,Female,49,30,46.93,1407.9,Fiber Optic,4,Yes,No,Yes,No
CUST05088,CON05088,PAY05088,Female,61,50,64.71,3235.5,,5,Yes,Yes,No,No
CUST05089,CON05089,PAY05089,Female,61,51,56.18,2865.18,,5,Yes,Yes,No,No
CUST05090,CON05090,PAY05090,Female,30,14,99.07,1386.98,Fiber Optic,2,Yes,Yes,No,No
CUST05091,CON05091,PAY05091,Male,49,65,77.46,5034.9,Fiber Optic,7,Yes,Yes,Yes,No
CUST05092,CON05092,PAY05092,Male,52,22,56.7,1247.4,Cable,6,Yes,Yes,Yes,Yes
CUST05093,CON05093,PAY05093,Female,59,68,78.23,5319.64,,5,Yes,No,No,Yes
CUST05094,CON05094,PAY05094,Female,46,2,57.66,115.32,DSL,3,Yes,No,Yes,No
CUST05095,CON05095,PAY05095,Female,19,46,98.42,4527.32,Cable,3,Yes,Yes,Yes,Yes
CUST05096,CON05096,PAY05096,Male,55,31,96.44,2989.64,,9,Yes,No,Yes,No
CUST05097,CON05097,PAY05097,Female,20,62,97.57,6049.34,Fiber Optic,6,No,No,No,Yes
CUST05098,CON05098,PAY05098,Female,19,46,96.44,4436.24,DSL,6,Yes,Yes,No,Yes
CUST05099,CON05099,PAY05099,Female,44,69,28.85,1990.65,DSL,1,No,Yes,No,No
CUST05100,CON05100,PAY05100,Male,54,67,26.39,1768.13,Cable,4,No,No,No,Yes
CUST05101,CON05101,PAY05101,Female,41,9,60.23,542.07,DSL,4,No,Yes,Yes,No
CUST05102,CON05102,PAY05102,Female,62,31,59.06,1830.86,,2,No,No,Yes,Yes
CUST05103,CON05103,PAY05103,Male,34,26,102.02,2652.52,Fiber Optic,2,Yes,No,Yes,Yes
CUST05104,CON05104,PAY05104,Female,66,38,54.85,2084.3,Cable,3,No,No,Yes,No
CUST05105,CON05105,PAY05105,Male,19,53,32.94,1745.82,DSL,2,No,No,Yes,Yes
CUST05106,CON05106,PAY05106,Male,76,37,81.52,3016.24,Fiber Optic,5,No,No,No,Yes
CUST05107,CON05107,PAY05107,Female,69,24,80.61,1934.64,Cable,0,Yes,Yes,No,Yes
CUST05108,CON05108,PAY05108,Female,76,72,49.41,3557.52,Cable,0,No,No,Yes,Yes
CUST05109,CON05109,PAY05109,Male,52,50,100.68,5034.0,Cable,0,No,No,Yes,No
CUST05110,CON05110,PAY05110,Female,53,30,26.11,783.3,,5,No,No,Yes,Yes
CUST05111,CON05111,PAY05111,Male,18,33,79.21,2613.93,DSL,9,Yes,No,No,No
CUST05112,CON05112,PAY05112,Female,20,59,103.16,6086.44,Fiber Optic,8,No,No,No,Yes
CUST05113,CON05113,PAY05113,Male,30,56,29.68,1662.08,Cable,8,Yes,Yes,Yes,Yes
CUST05114,CON05114,PAY05114,Male,29,4,64.39,257.56,,7,No,No,Yes,No
CUST05115,CON05115,PAY05115,Female,28,12,99.18,1190.16,Fiber Optic,3,Yes,Yes,No,No
CUST05116,CON05116,PAY05116,Male,61,68,77.7,5283.6,Fiber Optic,6,No,Yes,Yes,Yes
CUST05117,CON05117,PAY05117,Male,68,46,61.8,2842.8,Cable,7,No,Yes,No,Yes
CUST05118,CON05118,PAY05118,Male,76,22,60.03,1320.66,Cable,0,Yes,No,Yes,Yes
CUST05119,CON05119,PAY05119,Male,56,31,97.6,3025.6,,7,Yes,No,Yes,No
CUST05120,CON05120,PAY05120,Female,66,22,101.52,2233.44,Cable,2,No,No,Yes,No
CUST05121,CON05121,PAY05121,Female,31,45,58.47,2631.15,Fiber Optic,6,Yes,No,No,Yes
CUST05122,CON05122,PAY05122,Female,27,40,33.98,1359.2,,2,No,No,No,Yes
CUST05123,CON05123,PAY05123,Male,74,22,61.01,1342.22,Cable,0,Yes,No,Yes,Yes
CUST05124,CON05124,PAY05124,Male,72,52,28.73,1493.96,,4,No,Yes,Yes,No
CUST05125,CON05125,PAY05125,Female,40,68,32.03,2178.04,DSL,0,No,Yes,No,No
CUST05126,CON05126,PAY05126,Female,70,30,59.24,1777.2,Cable,0,Yes,No,Yes,Yes
CUST05127,CON05127,PAY05127,Male,73,25,58.18,1454.5,Cable,1,Yes,No,Yes,Yes
CUST05128,CON05128,PAY05128,Male,52,58,60.58,3513.64,Cable,0,No,Yes,No,No
CUST05129,CON05129,PAY05129,Female,26,22,33.92,746.24,Fiber Optic,1,No,No,No,No
CUST05130,CON05130,PAY05130,Female,52,67,28.67,1920.89,Cable,4,Yes,No,Yes,Yes
CUST05131,CON05131,PAY05131,Male,20,72,83.0,5976.0,DSL,6,No,No,No,No
CUST05132,CON05132,PAY05132,Female,68,2,75.74,151.48,,8,No,No,No,Yes
CUST05133,CON05133,PAY05133,Female,47,5,60.99,304.95,DSL,5,Yes,No,Yes,No
CUST05134,CON05134,PAY05134,Male,33,47,51.76,2432.72,Fiber Optic,7,No,Yes,No,Yes
CUST05135,CON05135,PAY05135,Male,72,22,64.09,1409.98,Cable,0,Yes,No,Yes,Yes
CUST05136,CON05136,PAY05136,Female,57,67,32.78,2196.26,Cable,5,Yes,No,Yes,Yes
CUST05137,CON05137,PAY05137,Male,52,47,54.83,2577.01,,3,No,No,Yes,No
CUST05138,CON05138,PAY05138,Female,71,36,50.1,1803.6,Cable,3,No,No,Yes,No
CUST05139,CON05139,PAY05139,Female,61,70,76.34,5343.8,,6,Yes,No,No,Yes
CUST05140,CON05140,PAY05140,Male,59,65,31.81,2067.65,Cable,5,No,No,No,Yes
CUST05141,CON05141,PAY05141,Female,28,14,96.67,1353.38,Fiber Optic,3,Yes,Yes,No,No
CUST05142,CON05142,PAY05142,Male,66,56,75.0,4200.0,Cable,0,No,No,No,No
CUST05143,CON05143,PAY05143,Female,68,37,49.02,1813.74,Cable,3,No,No,Yes,No
CUST05144,CON05144,PAY05144,Female,41,15,75.12,1126.8,Fiber Optic,2,No,Yes,No,Yes
CUST05145,CON05145,PAY05145,Male,72,8,25.84,206.72,,5,Yes,No,Yes,No
CUST05146,CON05146,PAY05146,Female,39,48,59.51,2856.48,,3,Yes,Yes,No,No
CUST05147,CON05147,PAY05147,Male,22,35,80.52,2818.2,Fiber Optic,6,Yes,Yes,No,Yes
CUST05148,CON05148,PAY05148,Male,48,44,45.64,2008.16,,2,No,No,Yes,No
CUST05149,CON05149,PAY05149,Female,61,69,81.45,5620.05,,4,Yes,No,No,Yes
CUST05150,CON05150,PAY05150,Male,72,53,33.49,1774.97,,5,No,Yes,Yes,No
CUST05151,CON05151,PAY05151,Female,62,70,80.12,5608.4,,5,Yes,No,No,Yes
CUST05152,CON05152,PAY05152,Female,54,65,30.77,2000.05,Cable,5,Yes,No,Yes,Yes
CUST05153,CON05153,PAY05153,Male,18,30,49.8,1494.0,,1,No,Yes,Yes,No
CUST05154,CON05154,PAY05154,Female,63,69,82.0,5658.0,,6,Yes,No,No,Yes
CUST05155,CON05155,PAY05155,Female,26,62,45.52,2822.24,Cable,0,No,Yes,Yes,No
CUST05156,CON05156,PAY05156,Male,58,31,96.71,2998.01,,8,Yes,No,Yes,No
CUST05157,CON05157,PAY05157,Male,70,21,101.08,2122.68,,6,Yes,Yes,Yes,No
CUST05158,CON05158,PAY05158,Female,48,3,63.11,189.33,DSL,3,Yes,No,Yes,No
CUST05159,CON05159,PAY05159,Male,47,1,99.78,99.78,DSL,6,No,No,No,No
CUST05160,CON05160,PAY05160,Female,45,32,49.91,1597.12,Fiber Optic,3,Yes,No,Yes,No
CUST05161,CON05161,PAY05161,Female,69,5,75.18,375.9,,6,No,No,No,Yes
CUST05162,CON05162,PAY05162,Male,52,49,103.39,5066.11,Cable,2,No,No,Yes,No
CUST05163,CON05163,PAY05163,Female,61,52,55.3,2875.6,,5,Yes,Yes,No,No
CUST05164,CON05164,PAY05164,Male,72,8,31.7,253.6,,5,Yes,No,Yes,No
CUST05165,CON05165,PAY05165,Female,68,42,55.0,2310.0,Fiber Optic,6,No,No,Yes,Yes
CUST05166,CON05166,PAY05166,Female,27,24,31.68,760.32,Fiber Optic,0,No,No,No,No
CUST05167,CON05167,PAY05167,Male,71,44,60.04,2641.76,Cable,7,No,Yes,No,Yes
CUST05168,CON05168,PAY05168,Female,56,34,28.66,974.44,,3,No,No,Yes,Yes
CUST05169,CON05169,PAY05169,Female,54,12,28.13,337.56,Fiber Optic,6,No,Yes,Yes,Yes
CUST05170,CON05170,PAY05170,Male,50,4,96.77,387.08,DSL,7,No,No,No,No
CUST05171,CON05171,PAY05171,Male,47,44,54.97,2418.68,,3,No,No,Yes,No
CUST05172,CON05172,PAY05172,Male,22,21,25.92,544.32,DSL,0,No,Yes,No,Yes
CUST05173,CON05173,PAY05173,Female,72,26,28.31,736.06,Cable,4,No,Yes,Yes,No
CUST05174,CON05174,PAY05174,Female,32,50,30.06,1503.0,Fiber Optic,5,No,Yes,No,Yes
CUST05175,CON05175,PAY05175,Male,53,48,99.44,4773.12,Cable,1,No,No,Yes,No
CUST05176,CON05176,PAY05176,Female,68,2,49.0,98.0,,1,No,Yes,Yes,No
CUST05177,CON05177,PAY05177,Female,44,30,47.61,1428.3,Fiber Optic,5,Yes,No,Yes,No
CUST05178,CON05178,PAY05178,Male,73,18,96.07,1729.26,,4,Yes,Yes,Yes,No
CUST05179,CON05179,PAY05179,Female,69,22,96.07,2113.54,Cable,2,No,No,Yes,No
CUST05180,CON05180,PAY05180,Female,62,70,76.28,5339.6,,5,Yes,No,No,Yes
CUST05181,CON05181,PAY05181,Male,29,26,102.28,2659.28,Fiber Optic,2,Yes,No,Yes,Yes
CUST05182,CON05182,PAY05182,Female,24,24,29.51,708.24,Fiber Optic,1,No,No,No,No
CUST05183,CON05183,PAY05183,Male,73,4,27.38,109.52,,5,Yes,No,Yes,No
CUST05184,CON05184,PAY05184,Female,18,61,103.77,6329.97,Fiber Optic,8,No,No,No,Yes
CUST05185,CON05185,PAY05185,Male,33,13,82.98,1078.74,DSL,1,Yes,No,Yes,No
CUST05186,CON05186,PAY05186,Female,77,3,30.44,91.32,Cable,2,Yes,Yes,Yes,Yes
CUST05187,CON05187,PAY05187,Female,18,48,100.4,4819.2,DSL,7,Yes,Yes,No,Yes
CUST05188,CON05188,PAY05188,Female,26,62,45.65,2830.3,Cable,0,No,Yes,Yes,No
CUST05189,CON05189,PAY05189,Male,60,62,31.5,1953.0,,2,No,Yes,Yes,No
CUST05190,CON05190,PAY05190,Male,29,41,76.04,3117.64,DSL,3,No,No,No,No
CUST05191,CON05191,PAY05191,Male,22,52,30.17,1568.84,DSL,2,No,No,Yes,Yes
CUST05192,CON05192,PAY05192,Female,68,1,50.77,50.77,,1,No,Yes,Yes,No
CUST05193,CON05193,PAY05193,Female,68,52,57.58,2994.16,Cable,6,Yes,No,Yes,No
CUST05194,CON05194,PAY05194,Female,41,64,29.01,1856.64,DSL,1,No,No,Yes,Yes
CUST05195,CON05195,PAY05195,Female,22,8,95.95,767.6,,2,No,Yes,Yes,No
CUST05196,CON05196,PAY05196,Female,57,70,84.01,5880.7,,4,Yes,No,No,Yes
CUST05197,CON05197,PAY05197,Male,49,3,97.57,292.71,DSL,7,No,No,No,No
CUST05198,CON05198,PAY05198,Male,27,39,48.57,1894.23,Fiber Optic,1,Yes,No,No,No
CUST05199,CON05199,PAY05199,Male,70,44,58.69,2582.36,Cable,7,No,Yes,No,Yes
CUST05200,CON05200,PAY05200,Female,70,26,32.75,851.5,Cable,6,No,Yes,Yes,No
CUST05201,CON05201,PAY05201,Male,63,68,84.91,5773.88,Fiber Optic,4,No,Yes,Yes,Yes
CUST05202,CON05202,PAY05202,Male,27,33,58.97,1946.01,Fiber Optic,0,No,No,No,Yes
CUST05203,CON05203,PAY05203,Female,60,29,60.5,1754.5,,1,No,No,Yes,Yes
CUST05204,CON05204,PAY05204,Female,57,64,27.08,1733.12,Cable,3,Yes,No,Yes,Yes
CUST05205,CON05205,PAY05205,Female,50,30,99.3,2979.0,Cable,4,Yes,No,No,Yes
CUST05206,CON05206,PAY05206,Male,18,14,46.58,652.12,Cable,4,Yes,Yes,No,Yes
CUST05207,CON05207,PAY05207,Female,40,47,60.23,2830.81,,5,Yes,Yes,No,No
CUST05208,CON05208,PAY05208,Male,20,37,77.13,2853.81,DSL,7,Yes,No,No,No
CUST05209,CON05209,PAY05209,Female,25,23,31.42,722.66,Fiber Optic,1,No,No,No,No
CUST05210,CON05210,PAY05210,Female,69,1,49.15,49.15,,3,No,Yes,Yes,No
CUST05211,CON05211,PAY05211,Female,72,2,54.99,109.98,,3,No,Yes,Yes,No
CUST05212,CON05212,PAY05212,Female,74,6,78.49,470.94,,8,No,No,No,Yes
CUST05213,CON05213,PAY05213,Male,51,4,59.01,236.04,Cable,5,Yes,Yes,No,No
CUST05214,CON05214,PAY05214,Male,39,44,59.37,2612.28,Fiber Optic,9,No,No,Yes,No
CUST05215,CON05215,PAY05215,Male,73,5,28.15,140.75,,5,Yes,No,Yes,No
CUST05216,CON05216,PAY05216,Male,20,13,48.05,624.65,Cable,5,Yes,Yes,No,Yes
CUST05217,CON05217,PAY05217,Male,73,26,58.58,1523.08,Cable,0,Yes,No,Yes,Yes
CUST05218,CON05218,PAY05218,Female,51,29,104.21,3022.09,Cable,4,Yes,No,No,Yes
CUST05219,CON05219,PAY05219,Male,52,57,54.99,3134.43,Cable,2,No,Yes,No,No
CUST05220,CON05220,PAY05220,Female,73,52,55.66,2894.32,Cable,4,Yes,No,Yes,No
CUST05221,CON05221,PAY05221,Female,66,6,29.37,176.22,,4,Yes,No,Yes,No
CUST05222,CON05222,PAY05222,Male,53,58,57.04,3308.32,Cable,9,Yes,Yes,No,No
CUST05223,CON05223,PAY05223,Female,34,35,104.86,3670.1,Cable,0,Yes,Yes,Yes,No
CUST05224,CON05224,PAY05224,Female,27,39,31.26,1219.14,,2,No,No,No,Yes
CUST05225,CON05225,PAY05225,Female,71,41,62.12,2546.92,DSL,1,Yes,No,Yes,No
CUST05226,CON05226,PAY05226,Female,27,38,34.56,1313.28,,2,No,No,No,Yes
CUST05227,CON05227,PAY05227,Female,38,51,30.9,1575.9,Fiber Optic,6,No,Yes,No,Yes
CUST05228,CON05228,PAY05228,Female,18,45,103.42,4653.9,Cable,3,Yes,Yes,Yes,Yes
CUST05229,CON05229,PAY05229,Male,54,64,82.91,5306.24,Fiber Optic,6,Yes,Yes,Yes,No
CUST05230,CON05230,PAY05230,Male,19,32,77.16,2469.12,Fiber Optic,7,Yes,Yes,No,Yes
CUST05231,CON05231,PAY05231,Male,31,27,49.88,1346.76,,0,No,Yes,No,No
CUST05232,CON05232,PAY05232,Female,45,9,61.61,554.49,DSL,4,No,Yes,Yes,No
CUST05233,CON05233,PAY05233,Male,18,33,47.02,1551.66,,3,No,Yes,Yes,No
CUST05234,CON05234,PAY05234,Male,75,4,29.68,118.72,,5,Yes,No,Yes,No
CUST05235,CON05235,PAY05235,Female,71,72,45.04,3242.88,Cable,1,No,No,Yes,Yes
CUST05236,CON05236,PAY05236,Female,55,10,26.94,269.4,Fiber Optic,8,No,Yes,Yes,Yes
CUST05237,CON05237,PAY05237,Male,55,68,30.33,2062.44,Cable,3,No,No,No,Yes
CUST05238,CON05238,PAY05238,Male,24,36,47.46,1708.56,Fiber Optic,1,Yes,No,No,No
CUST05239,CON05239,PAY05239,Female,34,56,64.61,3618.16,Fiber Optic,4,No,No,Yes,Yes
CUST05240,CON05240,PAY05240,Female,26,68,50.5,3434.0,DSL,6,No,No,No,Yes
CUST05241,CON05241,PAY05241,Female,72,51,63.02,3214.02,Cable,6,Yes,No,Yes,No
CUST05242,CON05242,PAY05242,Female,74,39,63.48,2475.72,DSL,0,Yes,No,Yes,No
CUST05243,CON05243,PAY05243,Female,55,66,29.75,1963.5,Cable,4,Yes,No,Yes,Yes
CUST05244,CON05244,PAY05244,Female,68,25,29.28,732.0,Cable,6,No,Yes,Yes,No
CUST05245,CON05245,PAY05245,Female,72,41,60.43,2477.63,DSL,0,Yes,No,Yes,No
CUST05246,CON05246,PAY05246,Female,30,57,101.93,5810.01,Fiber Optic,6,No,Yes,No,Yes
CUST05247,CON05247,PAY05247,Female,30,60,97.29,5837.4,Fiber Optic,4,No,Yes,No,Yes
CUST05248,CON05248,PAY05248,Male,33,49,53.51,2621.99,Fiber Optic,8,No,Yes,No,Yes
CUST05249,CON05249,PAY05249,Female,30,25,31.62,790.5,Fiber Optic,0,No,No,No,No
CUST05250,CON05250,PAY05250,Male,49,2,95.65,191.3,DSL,7,No,No,No,No
CUST05251,CON05251,PAY05251,Female,77,1,28.82,28.82,Cable,1,Yes,Yes,Yes,Yes
CUST05252,CON05252,PAY05252,Female,30,35,100.42,3514.7,Cable,0,Yes,Yes,Yes,No
CUST05253,CON05253,PAY05253,Female,29,59,100.23,5913.57,Fiber Optic,6,No,Yes,No,Yes
CUST05254,CON05254,PAY05254,Male,73,19,103.58,1968.02,,5,Yes,Yes,Yes,No
CUST05255,CON05255,PAY05255,Female,47,4,58.34,233.36,DSL,5,Yes,No,Yes,No
CUST05256,CON05256,PAY05256,Male,31,49,51.05,2501.45,Fiber Optic,9,No,Yes,No,Yes
CUST05257,CON05257,PAY05257,Female,59,23,81.22,1868.06,DSL,3,Yes,Yes,No,No
CUST05258,CON05258,PAY05258,Female,67,5,34.57,172.85,,2,Yes,No,Yes,No
CUST05259,CON05259,PAY05259,Female,57,30,25.14,754.2,,4,No,No,Yes,Yes
CUST05260,CON05260,PAY05260,Male,65,60,33.78,2026.8,,1,No,Yes,Yes,No
CUST05261,CON05261,PAY05261,Female,23,60,104.13,6247.8,Fiber Optic,6,No,No,No,Yes
CUST05262,CON05262,PAY05262,Female,53,31,25.85,801.35,,4,No,No,Yes,Yes
CUST05263,CON05263,PAY05263,Female,62,70,75.0,5250.0,,5,Yes,No,No,Yes
CUST05264,CON05264,PAY05264,Male,53,30,96.58,2897.4,,8,Yes,No,Yes,No
CUST05265,CON05265,PAY05265,Male,58,70,83.25,5827.5,Fiber Optic,5,No,Yes,Yes,Yes
CUST05266,CON05266,PAY05266,Female,47,41,79.92,3276.72,DSL,7,No,No,No,Yes
CUST05267,CON05267,PAY05267,Female,76,37,64.58,2389.46,DSL,1,Yes,No,Yes,No
CUST05268,CON05268,PAY05268,Male,25,72,78.43,5646.96,DSL,5,No,No,No,No
CUST05269,CON05269,PAY05269,Male,20,71,84.11,5971.81,DSL,4,No,No,No,No
CUST05270,CON05270,PAY05270,Female,72,23,80.3,1846.9,Cable,0,Yes,Yes,No,Yes
CUST05271,CON05271,PAY05271,Female,55,66,26.73,1764.18,Cable,3,Yes,No,Yes,Yes
CUST05272,CON05272,PAY05272,Female,66,38,50.03,1901.14,Cable,4,No,No,Yes,No
CUST05273,CON05273,PAY05273,Female,59,30,56.86,1705.8,,1,No,No,Yes,Yes
CUST05274,CON05274,PAY05274,Female,65,28,64.96,1818.88,,2,No,Yes,Yes,Yes
CUST05275,CON05275,PAY05275,Male,61,70,75.57,5289.9,Fiber Optic,5,No,Yes,Yes,Yes
CUST05276,CON05276,PAY05276,Male,18,30,47.04,1411.2,,2,No,Yes,Yes,No
CUST05277,CON05277,PAY05277,Female,64,4,27.41,109.64,,2,Yes,No,Yes,No
CUST05278,CON05278,PAY05278,Female,40,50,58.33,2916.5,,4,Yes,Yes,No,No
CUST05279,CON05279,PAY05279,Female,29,46,63.13,2903.98,Fiber Optic,6,Yes,No,No,Yes
CUST05280,CON05280,PAY05280,Female,60,31,56.72,1758.32,,1,No,No,Yes,Yes
CUST05281,CON05281,PAY05281,Male,18,32,51.13,1636.16,,2,No,Yes,Yes,No
CUST05282,CON05282,PAY05282,Female,34,59,104.89,6188.51,Fiber Optic,4,No,Yes,No,Yes
CUST05283,CON05283,PAY05283,Female,44,70,33.25,2327.5,DSL,0,No,Yes,No,No
CUST05284,CON05284,PAY05284,Male,61,69,57.83,3990.27,Fiber Optic,0,Yes,No,Yes,No
CUST05285,CON05285,PAY05285,Female,58,72,76.37,5498.64,,5,Yes,No,No,Yes
CUST05286,CON05286,PAY05286,Female,18,7,98.07,686.49,,3,No,Yes,Yes,No
CUST05287,CON05287,PAY05287,Male,67,5,83.69,418.45,,1,Yes,No,Yes,Yes
CUST05288,CON05288,PAY05288,Female,20,45,103.79,4670.55,Cable,2,Yes,Yes,Yes,Yes
CUST05289,CON05289,PAY05289,Male,31,24,96.88,2325.12,Fiber Optic,3,Yes,No,Yes,Yes
CUST05290,CON05290,PAY05290,Female,53,45,102.71,4621.95,DSL,2,No,No,No,No
CUST05291,CON05291,PAY05291,Male,50,67,82.47,5525.49,Fiber Optic,5,Yes,Yes,Yes,No
CUST05292,CON05292,PAY05292,Male,76,38,82.27,3126.26,Fiber Optic,6,No,No,No,Yes
CUST05293,CON05293,PAY05293,Male,30,23,49.12,1129.76,,1,No,Yes,No,No
CUST05294,CON05294,PAY05294,Female,32,36,95.52,3438.72,Cable,0,Yes,Yes,Yes,No
CUST05295,CON05295,PAY05295,Female,42,9,59.46,535.14,DSL,5,No,Yes,Yes,No
CUST05296,CON05296,PAY05296,Female,72,37,53.48,1978.76,Cable,4,No,No,Yes,No
CUST05297,CON05297,PAY05297,Female,43,33,54.62,1802.46,Fiber Optic,5,Yes,No,Yes,No
CUST05298,CON05298,PAY05298,Male,18,15,46.54,698.1,Cable,5,Yes,Yes,No,Yes
CUST05299,CON05299,PAY05299,Male,59,41,31.46,1289.86,,5,Yes,Yes,No,No
CUST05300,CON05300,PAY05300,Female,55,64,33.87,2167.68,Cable,3,Yes,No,Yes,Yes
CUST05301,CON05301,PAY05301,Female,57,35,49.32,1726.2,DSL,6,Yes,Yes,No,Yes
CUST05302,CON05302,PAY05302,Male,32,60,26.99,1619.4,Cable,7,Yes,Yes,Yes,Yes
CUST05303,CON05303,PAY05303,Female,45,11,81.43,895.73,Fiber Optic,3,No,Yes,No,Yes
CUST05304,CON05304,PAY05304,Female,38,50,34.26,1713.0,Fiber Optic,7,No,Yes,No,Yes
CUST05305,CON05305,PAY05305,Male,70,26,56.15,1459.9,Cable,0,Yes,No,Yes,Yes
CUST05306,CON05306,PAY05306,Male,20,15,51.35,770.25,Cable,5,Yes,Yes,No,Yes
CUST05307,CON05307,PAY05307,Female,52,36,50.04,1801.44,DSL,6,Yes,Yes,No,Yes
CUST05308,CON05308,PAY05308,Female,22,16,30.74,491.84,DSL,7,No,No,No,Yes
CUST05309,CON05309,PAY05309,Male,46,44,51.41,2262.04,,4,No,No,Yes,No
CUST05310,CON05310,PAY05310,Female,71,3,32.53,97.59,Cable,3,Yes,Yes,Yes,Yes
CUST05311,CON05311,PAY05311,Female,50,12,33.24,398.88,Fiber Optic,7,No,Yes,Yes,Yes
CUST05312,CON05312,PAY05312,Male,64,63,25.39,1599.57,,0,No,Yes,Yes,No
CUST05313,CON05313,PAY05313,Female,68,51,62.21,3172.71,Cable,6,Yes,No,Yes,No
CUST05314,CON05314,PAY05314,Male,28,45,80.87,3639.15,DSL,5,No,No,No,No
CUST05315,CON05315,PAY05315,Male,33,25,54.74,1368.5,,1,No,Yes,No,No
CUST05316,CON05316,PAY05316,Female,30,61,54.36,3315.96,Cable,0,No,Yes,Yes,No
CUST05317,CON05317,PAY05317,Female,50,42,77.54,3256.68,DSL,7,No,No,No,Yes
CUST05318,CON05318,PAY05318,Female,31,12,102.24,1226.88,Fiber Optic,2,Yes,Yes,No,No
CUST05319,CON05319,PAY05319,Female,18,46,96.34,4431.64,DSL,7,Yes,Yes,No,Yes
CUST05320,CON05320,PAY05320,Male,73,18,102.11,1837.98,,5,Yes,Yes,Yes,No
CUST05321,CON05321,PAY05321,Female,50,3,60.03,180.09,DSL,4,Yes,No,Yes,No
CUST05322,CON05322,PAY05322,Male,69,53,29.72,1575.16,,3,No,Yes,Yes,No
CUST05323,CON05323,PAY05323,Female,22,16,28.21,451.36,DSL,7,No,No,No,Yes
CUST05324,CON05324,PAY05324,Female,52,2,55.81,111.62,DSL,3,Yes,No,Yes,No
CUST05325,CON05325,PAY05325,Female,48,41,78.09,3201.69,DSL,8,No,No,No,Yes
CUST05326,CON05326,PAY05326,Male,59,69,76.8,5299.2,Fiber Optic,5,No,Yes,Yes,Yes
CUST05327,CON05327,PAY05327,Female,42,47,55.18,2593.46,,3,Yes,Yes,No,No
CUST05328,CON05328,PAY05328,Female,67,18,96.5,1737.0,Cable,2,No,No,Yes,No
CUST05329,CON05329,PAY05329,Female,48,32,95.16,3045.12,Cable,4,Yes,No,No,Yes
CUST05330,CON05330,PAY05330,Male,24,25,82.56,2064.0,Cable,1,No,No,Yes,No
CUST05331,CON05331,PAY05331,Female,66,28,32.27,903.56,Cable,6,No,Yes,Yes,No
CUST05332,CON05332,PAY05332,Male,57,59,59.21,3493.39,Cable,9,Yes,Yes,No,No
CUST05333,CON05333,PAY05333,Female,55,9,30.03,270.27,Fiber Optic,6,No,Yes,Yes,Yes
CUST05334,CON05334,PAY05334,Male,22,52,30.84,1603.68,DSL,0,No,No,Yes,Yes
CUST05335,CON05335,PAY05335,Female,18,61,104.32,6363.52,Fiber Optic,8,No,No,No,Yes
CUST05336,CON05336,PAY05336,Male,71,38,81.23,3086.74,Fiber Optic,6,No,No,No,Yes
CUST05337,CON05337,PAY05337,Female,23,62,95.18,5901.16,Fiber Optic,6,No,No,No,Yes
CUST05338,CON05338,PAY05338,Female,63,69,83.24,5743.56,,4,Yes,No,No,Yes
CUST05339,CON05339,PAY05339,Female,18,44,96.64,4252.16,Cable,3,Yes,Yes,Yes,Yes
CUST05340,CON05340,PAY05340,Female,64,20,29.56,591.2,Fiber Optic,2,No,Yes,No,Yes
CUST05341,CON05341,PAY05341,Female,62,21,29.39,617.19,Fiber Optic,0,No,Yes,No,Yes
CUST05342,CON05342,PAY05342,Female,69,25,31.74,793.5,Cable,6,No,Yes,Yes,No
CUST05343,CON05343,PAY05343,Male,22,52,30.1,1565.2,DSL,2,No,No,Yes,Yes
CUST05344,CON05344,PAY05344,Male,55,67,28.54,1912.18,Cable,3,No,No,No,Yes
CUST05345,CON05345,PAY05345,Male,25,72,81.41,5861.52,DSL,4,No,No,No,No
CUST05346,CON05346,PAY05346,Female,71,4,28.36,113.44,Cable,3,Yes,Yes,Yes,Yes
CUST05347,CON05347,PAY05347,Male,34,48,62.02,2976.96,Fiber Optic,8,No,No,Yes,No
CUST05348,CON05348,PAY05348,Male,75,25,60.85,1521.25,Cable,0,Yes,No,Yes,Yes
CUST05349,CON05349,PAY05349,Male,18,20,26.81,536.2,DSL,1,No,Yes,No,Yes
CUST05350,CON05350,PAY05350,Female,62,31,60.31,1869.61,,0,No,No,Yes,Yes
CUST05351,CON05351,PAY05351,Female,52,45,101.4,4563.0,DSL,2,No,No,No,No
CUST05352,CON05352,PAY05352,Female,38,69,26.35,1818.15,DSL,0,No,Yes,No,No
CUST05353,CON05353,PAY05353,Female,70,19,98.21,1865.99,Cable,3,No,No,Yes,No
CUST05354,CON05354,PAY05354,Female,72,37,47.82,1769.34,Cable,4,No,No,Yes,No
CUST05355,CON05355,PAY05355,Male,59,45,28.71,1291.95,,4,Yes,Yes,No,No
CUST05356,CON05356,PAY05356,Male,23,70,78.47,5492.9,DSL,5,No,No,No,No
CUST05357,CON05357,PAY05357,Female,49,43,83.46,3588.78,DSL,8,No,No,No,Yes
CUST05358,CON05358,PAY05358,Female,57,36,54.29,1954.44,DSL,6,Yes,Yes,No,Yes
CUST05359,CON05359,PAY05359,Male,52,55,62.23,3422.65,Cable,2,No,Yes,No,No
CUST05360,CON05360,PAY05360,Male,18,15,53.3,799.5,Cable,4,Yes,Yes,No,Yes
CUST05361,CON05361,PAY05361,Male,63,57,80.31,4577.67,Cable,0,No,No,No,No
CUST05362,CON05362,PAY05362,Female,18,45,101.64,4573.8,DSL,7,Yes,Yes,No,Yes
CUST05363,CON05363,PAY05363,Female,58,60,97.71,5862.6,Cable,0,No,No,Yes,Yes
CUST05364,CON05364,PAY05364,Male,55,68,61.44,4177.92,Fiber Optic,0,Yes,No,Yes,No
CUST05365,CON05365,PAY05365,Female,55,33,30.55,1008.15,,3,No,No,Yes,Yes
CUST05366,CON05366,PAY05366,Male,54,3,63.51,190.53,Cable,4,Yes,Yes,No,No
CUST05367,CON05367,PAY05367,Male,69,6,77.47,464.82,,2,Yes,No,Yes,Yes
CUST05368,CON05368,PAY05368,Male,58,41,32.06,1314.46,,5,Yes,Yes,No,No
CUST05369,CON05369,PAY05369,Male,72,3,83.47,250.41,,2,Yes,No,Yes,Yes
CUST05370,CON05370,PAY05370,Female,54,67,26.83,1797.61,Cable,5,Yes,No,Yes,Yes
CUST05371,CON05371,PAY05371,Female,57,26,83.34,2166.84,DSL,4,Yes,Yes,No,No
CUST05372,CON05372,PAY05372,Female,22,45,101.71,4576.95,Cable,3,Yes,Yes,Yes,Yes
CUST05373,CON05373,PAY05373,Female,61,31,56.93,1764.83,,0,No,Yes,Yes,Yes
CUST05374,CON05374,PAY05374,Male,20,33,80.25,2648.25,Fiber Optic,6,Yes,Yes,No,Yes
CUST05375,CON05375,PAY05375,Male,73,47,55.88,2626.36,Cable,7,No,Yes,No,Yes
CUST05376,CON05376,PAY05376,Male,37,47,61.84,2906.48,Fiber Optic,8,No,No,Yes,No
CUST05377,CON05377,PAY05377,Female,57,51,64.3,3279.3,,5,Yes,Yes,No,No
CUST05378,CON05378,PAY05378,Female,44,5,60.35,301.75,DSL,6,No,Yes,Yes,No
CUST05379,CON05379,PAY05379,Female,31,45,61.85,2783.25,Fiber Optic,5,Yes,No,No,Yes
CUST05380,CON05380,PAY05380,Male,18,33,77.21,2547.93,DSL,9,Yes,No,No,No
CUST05381,CON05381,PAY05381,Female,31,63,48.81,3075.03,Cable,1,No,Yes,Yes,No
CUST05382,CON05382,PAY05382,Female,67,27,57.48,1551.96,Cable,1,Yes,No,Yes,Yes
CUST05383,CON05383,PAY05383,Female,52,45,103.84,4672.8,DSL,1,No,No,No,No
CUST05384,CON05384,PAY05384,Female,68,44,63.45,2791.8,Fiber Optic,7,No,No,Yes,Yes
CUST05385,CON05385,PAY05385,Male,25,71,76.57,5436.47,DSL,6,No,No,No,No
CUST05386,CON05386,PAY05386,Female,28,12,95.33,1143.96,Fiber Optic,2,Yes,Yes,No,No
CUST05387,CON05387,PAY05387,Female,56,72,97.56,7024.32,Fiber Optic,2,Yes,Yes,Yes,Yes
CUST05388,CON05388,PAY05388,Male,52,57,64.17,3657.69,Cable,2,No,Yes,No,No
CUST05389,CON05389,PAY05389,Male,31,34,56.08,1906.72,Fiber Optic,1,No,No,No,Yes
CUST05390,CON05390,PAY05390,Male,53,55,58.37,3210.35,Cable,0,No,Yes,No,No
CUST05391,CON05391,PAY05391,Female,57,69,81.91,5651.79,,4,Yes,No,No,Yes
CUST05392,CON05392,PAY05392,Female,72,72,48.97,3525.84,Cable,0,No,No,Yes,Yes
CUST05393,CON05393,PAY05393,Male,54,41,32.94,1350.54,,3,Yes,Yes,No,No
CUST05394,CON05394,PAY05394,Male,29,56,30.59,1713.04,Cable,8,Yes,Yes,Yes,Yes
CUST05395,CON05395,PAY05395,Female,21,59,103.72,6119.48,Fiber Optic,6,No,No,No,Yes
CUST05396,CON05396,PAY05396,Female,71,71,53.21,3777.91,Cable,0,No,No,Yes,Yes
CUST05397,CON05397,PAY05397,Female,41,66,33.28,2196.48,DSL,0,No,Yes,No,No
CUST05398,CON05398,PAY05398,Male,54,43,26.5,1139.5,,3,Yes,Yes,No,No
CUST05399,CON05399,PAY05399,Female,18,62,101.77,6309.74,Fiber Optic,7,No,No,No,Yes
CUST05400,CON05400,PAY05400,Male,56,6,56.69,340.14,Cable,5,Yes,Yes,No,No
CUST05401,CON05401,PAY05401,Female,63,6,26.2,157.2,,3,Yes,No,Yes,No
CUST05402,CON05402,PAY05402,Male,20,53,30.36,1609.08,DSL,1,No,No,Yes,Yes
CUST05403,CON05403,PAY05403,Male,24,53,27.29,1446.37,DSL,2,No,No,Yes,Yes
CUST05404,CON05404,PAY05404,Female,19,45,95.9,4315.5,Cable,3,Yes,Yes,Yes,Yes
CUST05405,CON05405,PAY05405,Female,72,25,75.56,1889.0,Cable,1,Yes,Yes,No,Yes
CUST05406,CON05406,PAY05406,Male,25,37,53.01,1961.37,Fiber Optic,0,Yes,No,No,No
CUST05407,CON05407,PAY05407,Female,44,41,75.15,3081.15,DSL,6,No,No,No,Yes
CUST05408,CON05408,PAY05408,Female,58,31,97.48,3021.88,,5,No,No,No,No
CUST05409,CON05409,PAY05409,Male,36,48,63.05,3026.4,Fiber Optic,9,No,No,Yes,No
CUST05410,CON05410,PAY05410,Female,31,38,30.21,1147.98,,3,No,No,No,Yes
CUST05411,CON05411,PAY05411,Male,18,24,32.14,771.36,DSL,0,No,Yes,No,Yes
CUST05412,CON05412,PAY05412,Male,62,63,32.02,2017.26,,0,No,Yes,Yes,No
CUST05413,CON05413,PAY05413,Male,59,69,26.56,1832.64,Cable,5,No,No,No,Yes
CUST05414,CON05414,PAY05414,Female,65,30,60.71,1821.3,Cable,0,Yes,No,Yes,Yes
CUST05415,CON05415,PAY05415,Male,36,20,58.01,1160.2,Fiber Optic,3,No,No,No,Yes
CUST05416,CON05416,PAY05416,Female,66,28,58.39,1634.92,Cable,1,Yes,No,Yes,Yes
CUST05417,CON05417,PAY05417,Female,21,61,95.45,5822.45,Fiber Optic,6,No,No,No,Yes
CUST05418,CON05418,PAY05418,Male,35,25,54.18,1354.5,,1,No,Yes,No,No
CUST05419,CON05419,PAY05419,Female,20,47,95.66,4496.02,DSL,7,Yes,Yes,No,Yes
CUST05420,CON05420,PAY05420,Male,31,35,63.13,2209.55,Fiber Optic,1,No,No,No,Yes
CUST05421,CON05421,PAY05421,Male,55,45,34.67,1560.15,,4,Yes,Yes,No,No
CUST05422,CON05422,PAY05422,Female,47,29,104.67,3035.43,Cable,4,Yes,No,No,Yes
CUST05423,CON05423,PAY05423,Female,46,41,83.55,3425.55,DSL,7,No,No,No,Yes
CUST05424,CON05424,PAY05424,Male,57,49,102.47,5021.03,Cable,2,No,No,Yes,No
CUST05425,CON05425,PAY05425,Female,51,33,95.59,3154.47,Cable,3,Yes,No,No,Yes
CUST05426,CON05426,PAY05426,Female,52,30,95.42,2862.6,Cable,3,Yes,No,No,Yes
CUST05427,CON05427,PAY05427,Male,20,70,80.06,5604.2,DSL,6,No,No,No,No
CUST05428,CON05428,PAY05428,Female,60,48,57.89,2778.72,,5,Yes,Yes,No,No
CUST05429,CON05429,PAY05429,Male,33,48,52.38,2514.24,Fiber Optic,8,No,Yes,No,Yes
CUST05430,CON05430,PAY05430,Female,55,13,29.46,382.98,Fiber Optic,6,No,Yes,Yes,Yes
CUST05431,CON05431,PAY05431,Male,23,37,54.75,2025.75,Fiber Optic,2,Yes,No,No,No
CUST05432,CON05432,PAY05432,Female,31,61,50.36,3071.96,Cable,0,No,Yes,Yes,No
CUST05433,CON05433,PAY05433,Male,21,12,49.98,599.76,Cable,4,Yes,Yes,No,Yes
CUST05434,CON05434,PAY05434,Female,50,10,32.33,323.3,Fiber Optic,8,No,Yes,Yes,Yes
CUST05435,CON05435,PAY05435,Female,30,13,100.42,1305.46,Fiber Optic,1,Yes,Yes,No,No
CUST05436,CON05436,PAY05436,Female,34,48,34.46,1654.08,Fiber Optic,7,No,Yes,No,Yes
CUST05437,CON05437,PAY05437,Male,37,62,103.96,6445.52,,6,Yes,No,Yes,Yes
CUST05438,CON05438,PAY05438,Female,40,9,61.07,549.63,DSL,6,No,Yes,Yes,No
CUST05439,CON05439,PAY05439,Male,67,59,83.56,4930.04,Cable,0,No,No,No,No
CUST05440,CON05440,PAY05440,Female,40,67,26.23,1757.41,DSL,1,No,Yes,No,No
CUST05441,CON05441,PAY05441,Female,73,2,78.79,157.58,,7,No,No,No,Yes
CUST05442,CON05442,PAY05442,Female,67,52,64.02,3329.04,Cable,5,Yes,No,Yes,No
CUST05443,CON05443,PAY05443,Female,19,47,104.89,4929.83,DSL,8,Yes,Yes,No,Yes
CUST05444,CON05444,PAY05444,Male,20,39,51.13,1994.07,Cable,8,Yes,Yes,Yes,Yes
CUST05445,CON05445,PAY05445,Male,46,2,103.13,206.26,DSL,6,No,No,No,No
CUST05446,CON05446,PAY05446,Female,57,71,97.55,6926.05,Fiber Optic,4,Yes,Yes,Yes,Yes
CUST05447,CON05447,PAY05447,Female,70,26,29.48,766.48,Cable,6,No,Yes,Yes,No
CUST05448,CON05448,PAY05448,Male,68,44,62.51,2750.44,Cable,8,No,Yes,No,Yes
CUST05449,CON05449,PAY05449,Male,54,5,27.83,139.15,Cable,1,Yes,Yes,No,Yes
CUST05450,CON05450,PAY05450,Female,67,26,26.26,682.76,Cable,5,No,Yes,Yes,No
CUST05451,CON05451,PAY05451,Male,56,23,63.96,1471.08,Cable,5,Yes,Yes,Yes,Yes
CUST05452,CON05452,PAY05452,Male,23,71,79.3,5630.3,DSL,4,No,No,No,No
CUST05453,CON05453,PAY05453,Female,74,39,59.17,2307.63,DSL,0,Yes,No,Yes,No
CUST05454,CON05454,PAY05454,Female,19,63,104.3,6570.9,Fiber Optic,8,No,No,No,Yes
CUST05455,CON05455,PAY05455,Female,43,31,47.3,1466.3,Fiber Optic,3,Yes,No,Yes,No
CUST05456,CON05456,PAY05456,Female,71,72,50.52,3637.44,Cable,2,No,No,Yes,Yes
CUST05457,CON05457,PAY05457,Female,29,59,49.47,2918.73,Cable,1,No,Yes,Yes,No
CUST05458,CON05458,PAY05458,Male,76,23,59.82,1375.86,Cable,0,Yes,No,Yes,Yes
CUST05459,CON05459,PAY05459,Male,66,59,78.12,4609.08,Cable,0,No,No,No,No
CUST05460,CON05460,PAY05460,Female,69,44,57.17,2515.48,Fiber Optic,7,No,No,Yes,Yes
CUST05461,CON05461,PAY05461,Male,53,48,96.39,4626.72,Cable,0,No,No,Yes,No
CUST05462,CON05462,PAY05462,Female,18,61,101.25,6176.25,Fiber Optic,8,No,No,No,Yes
CUST05463,CON05463,PAY05463,Male,27,33,56.74,1872.42,Fiber Optic,2,No,No,No,Yes
CUST05464,CON05464,PAY05464,Female,25,11,95.06,1045.66,Fiber Optic,2,Yes,Yes,No,No
CUST05465,CON05465,PAY05465,Female,58,68,84.72,5760.96,,5,Yes,No,No,Yes
CUST05466,CON05466,PAY05466,Male,47,1,99.65,99.65,DSL,6,No,No,No,No
CUST05467,CON05467,PAY05467,Male,47,46,45.84,2108.64,,3,No,No,Yes,No
CUST05468,CON05468,PAY05468,Male,28,39,52.55,2049.45,Fiber Optic,0,Yes,No,No,No
CUST05469,CON05469,PAY05469,Female,66,3,52.9,158.7,,2,No,Yes,Yes,No
CUST05470,CON05470,PAY05470,Male,68,55,28.48,1566.4,,3,No,Yes,Yes,No
CUST05471,CON05471,PAY05471,Female,73,21,77.01,1617.21,Cable,0,Yes,Yes,No,Yes
CUST05472,CON05472,PAY05472,Female,31,40,26.6,1064.0,,3,No,No,No,Yes
CUST05473,CON05473,PAY05473,Male,52,5,33.46,167.3,Cable,1,Yes,Yes,No,Yes
CUST05474,CON05474,PAY05474,Female,44,11,78.89,867.79,Fiber Optic,1,No,Yes,No,Yes
CUST05475,CON05475,PAY05475,Male,39,21,55.77,1171.17,Fiber Optic,5,No,No,No,Yes
CUST05476,CON05476,PAY05476,Female,39,66,28.86,1904.76,DSL,3,No,No,Yes,Yes
CUST05477,CON05477,PAY05477,Female,59,63,104.06,6555.78,Cable,0,No,No,Yes,Yes
CUST05478,CON05478,PAY05478,Male,50,48,52.29,2509.92,,3,No,No,Yes,No
CUST05479,CON05479,PAY05479,Female,49,31,47.89,1484.59,Fiber Optic,5,Yes,No,Yes,No
CUST05480,CON05480,PAY05480,Female,45,44,80.47,3540.68,DSL,8,No,No,No,Yes
CUST05481,CON05481,PAY05481,Male,26,37,46.77,1730.49,Fiber Optic,0,Yes,No,No,No
CUST05482,CON05482,PAY05482,Male,34,45,55.47,2496.15,Fiber Optic,8,No,No,Yes,No
CUST05483,CON05483,PAY05483,Male,53,1,26.85,26.85,Cable,1,Yes,Yes,No,Yes
CUST05484,CON05484,PAY05484,Female,71,31,64.21,1990.51,Cable,0,Yes,No,Yes,Yes
CUST05485,CON05485,PAY05485,Male,38,48,62.15,2983.2,Fiber Optic,8,No,No,Yes,No
CUST05486,CON05486,PAY05486,Female,42,49,57.21,2803.29,,4,Yes,Yes,No,No
CUST05487,CON05487,PAY05487,Female,65,20,25.85,517.0,Fiber Optic,2,No,Yes,No,Yes
CUST05488,CON05488,PAY05488,Female,68,5,75.68,378.4,,6,No,No,No,Yes
CUST05489,CON05489,PAY05489,Female,75,40,55.49,2219.6,DSL,1,Yes,No,Yes,No
CUST05490,CON05490,PAY05490,Female,38,48,55.0,2640.0,,3,Yes,Yes,No,No
CUST05491,CON05491,PAY05491,Male,59,70,79.39,5557.3,Fiber Optic,4,No,Yes,Yes,Yes
CUST05492,CON05492,PAY05492,Female,53,10,29.07,290.7,Fiber Optic,7,No,Yes,Yes,Yes
CUST05493,CON05493,PAY05493,Female,62,31,61.54,1907.74,,1,No,Yes,Yes,Yes
CUST05494,CON05494,PAY05494,Male,54,20,60.94,1218.8,Cable,5,Yes,Yes,Yes,Yes
CUST05495,CON05495,PAY05495,Male,53,50,101.77,5088.5,Cable,2,No,No,Yes,No
CUST05496,CON05496,PAY05496,Female,45,12,84.29,1011.48,Fiber Optic,3,No,Yes,No,Yes
CUST05497,CON05497,PAY05497,Male,66,49,78.02,3822.98,,6,No,No,Yes,Yes
CUST05498,CON05498,PAY05498,Female,56,34,33.35,1133.9,,4,No,No,Yes,Yes
CUST05499,CON05499,PAY05499,Male,69,4,34.44,137.76,,6,Yes,No,Yes,No
CUST05500,CON05500,PAY05500,Male,72,4,80.05,320.2,,2,Yes,No,Yes,Yes
CUST05501,CON05501,PAY05501,Female,26,19,28.31,537.89,DSL,7,No,No,No,Yes
CUST05502,CON05502,PAY05502,Male,23,38,46.11,1752.18,Fiber Optic,1,Yes,No,No,No
CUST05503,CON05503,PAY05503,Male,30,25,50.54,1263.5,,0,No,Yes,No,No
CUST05504,CON05504,PAY05504,Female,41,67,26.11,1749.37,DSL,0,No,Yes,No,No
CUST05505,CON05505,PAY05505,Female,58,72,100.71,7251.12,Fiber Optic,3,Yes,Yes,Yes,Yes
CUST05506,CON05506,PAY05506,Male,18,12,51.37,616.44,Cable,4,Yes,Yes,No,Yes
CUST05507,CON05507,PAY05507,Female,18,48,100.98,4847.04,Cable,4,Yes,Yes,Yes,Yes
CUST05508,CON05508,PAY05508,Female,67,38,50.03,1901.14,Cable,4,No,No,Yes,No
CUST05509,CON05509,PAY05509,Female,40,66,33.27,2195.82,DSL,0,No,Yes,No,No
CUST05510,CON05510,PAY05510,Female,49,11,30.53,335.83,Fiber Optic,8,No,Yes,Yes,Yes
CUST05511,CON05511,PAY05511,Female,67,24,33.77,810.48,Fiber Optic,0,No,Yes,Yes,Yes
CUST05512,CON05512,PAY05512,Female,53,30,34.5,1035.0,,3,No,No,Yes,Yes
CUST05513,CON05513,PAY05513,Female,57,23,84.53,1944.19,DSL,3,Yes,Yes,No,No
CUST05514,CON05514,PAY05514,Female,23,61,95.95,5852.95,Fiber Optic,6,No,No,No,Yes
CUST05515,CON05515,PAY05515,Male,35,61,101.03,6162.83,,7,Yes,No,Yes,Yes
CUST05516,CON05516,PAY05516,Male,24,72,80.36,5785.92,DSL,5,No,No,No,No
CUST05517,CON05517,PAY05517,Female,72,2,27.98,55.96,Cable,1,Yes,Yes,Yes,Yes
CUST05518,CON05518,PAY05518,Male,73,24,58.26,1398.24,Cable,1,Yes,No,Yes,Yes
CUST05519,CON05519,PAY05519,Male,31,44,75.99,3343.56,DSL,4,No,No,No,No
CUST05520,CON05520,PAY05520,Female,32,44,55.8,2455.2,Fiber Optic,6,Yes,No,No,Yes
CUST05521,CON05521,PAY05521,Male,20,55,25.06,1378.3,DSL,1,No,No,Yes,Yes
CUST05522,CON05522,PAY05522,Male,53,1,78.02,78.02,Fiber Optic,0,No,No,No,No
CUST05523,CON05523,PAY05523,Male,20,29,52.56,1524.24,,2,No,Yes,Yes,No
CUST05524,CON05524,PAY05524,Female,31,12,96.31,1155.72,Fiber Optic,1,Yes,Yes,No,No
CUST05525,CON05525,PAY05525,Female,35,38,97.15,3691.7,Cable,1,Yes,Yes,Yes,No
CUST05526,CON05526,PAY05526,Male,60,62,28.22,1749.64,,0,No,Yes,Yes,No
CUST05527,CON05527,PAY05527,Male,59,67,57.5,3852.5,Fiber Optic,0,Yes,No,Yes,No
CUST05528,CON05528,PAY05528,Male,20,53,28.97,1535.41,DSL,2,No,No,Yes,Yes
CUST05529,CON05529,PAY05529,Male,73,4,83.86,335.44,,0,Yes,No,Yes,Yes
CUST05530,CON05530,PAY05530,Female,18,62,98.94,6134.28,Fiber Optic,8,No,No,No,Yes
CUST05531,CON05531,PAY05531,Male,72,5,82.46,412.3,,2,Yes,No,Yes,Yes
CUST05532,CON05532,PAY05532,Female,52,2,57.55,115.1,DSL,5,Yes,No,Yes,No
CUST05533,CON05533,PAY05533,Male,22,33,81.33,2683.89,DSL,9,Yes,No,No,No
CUST05534,CON05534,PAY05534,Male,29,43,80.06,3442.58,DSL,4,No,No,No,No
CUST05535,CON05535,PAY05535,Male,21,53,27.0,1431.0,DSL,0,No,No,Yes,Yes
CUST05536,CON05536,PAY05536,Female,70,29,60.13,1743.77,Cable,1,Yes,No,Yes,Yes
CUST05537,CON05537,PAY05537,Female,20,63,102.06,6429.78,Fiber Optic,7,No,No,No,Yes
CUST05538,CON05538,PAY05538,Female,52,32,29.67,949.44,,4,No,No,Yes,Yes
CUST05539,CON05539,PAY05539,Female,44,7,56.01,392.07,DSL,5,No,Yes,Yes,No
CUST05540,CON05540,PAY05540,Female,73,3,25.9,77.7,Cable,1,Yes,Yes,Yes,Yes
CUST05541,CON05541,PAY05541,Male,30,27,95.08,2567.16,Fiber Optic,2,Yes,No,Yes,Yes
CUST05542,CON05542,PAY05542,Male,33,62,98.99,6137.38,,6,Yes,No,Yes,Yes
CUST05543,CON05543,PAY05543,Female,18,8,102.9,823.2,,1,No,Yes,Yes,No
CUST05544,CON05544,PAY05544,Female,29,21,29.79,625.59,Fiber Optic,2,No,No,No,No
CUST05545,CON05545,PAY05545,Male,61,67,59.91,4013.97,Fiber Optic,1,Yes,No,Yes,No
CUST05546,CON05546,PAY05546,Female,43,7,55.73,390.11,DSL,4,No,Yes,Yes,No
CUST05547,CON05547,PAY05547,Female,27,13,97.87,1272.31,Fiber Optic,3,Yes,Yes,No,No
CUST05548,CON05548,PAY05548,Female,77,40,59.68,2387.2,DSL,0,Yes,No,Yes,No
CUST05549,CON05549,PAY05549,Male,48,54,59.9,3234.6,Cable,0,No,Yes,No,No
CUST05550,CON05550,PAY05550,Male,72,25,58.07,1451.75,Cable,0,Yes,No,Yes,Yes
CUST05551,CON05551,PAY05551,Female,73,37,62.54,2313.98,DSL,1,Yes,No,Yes,No
CUST05552,CON05552,PAY05552,Male,58,69,80.96,5586.24,Fiber Optic,6,No,Yes,Yes,Yes
CUST05553,CON05553,PAY05553,Male,29,48,25.74,1235.52,DSL,5,Yes,No,Yes,Yes
CUST05554,CON05554,PAY05554,Female,29,45,61.82,2781.9,Fiber Optic,6,Yes,No,No,Yes
CUST05555,CON05555,PAY05555,Male,36,19,59.0,1121.0,Fiber Optic,4,No,No,No,Yes
CUST05556,CON05556,PAY05556,Female,64,20,33.06,661.2,Fiber Optic,1,No,Yes,No,Yes
CUST05557,CON05557,PAY05557,Female,64,6,26.8,160.8,,3,Yes,No,Yes,No
CUST05558,CON05558,PAY05558,Female,71,1,49.27,49.27,,2,No,Yes,Yes,No
CUST05559,CON05559,PAY05559,Male,70,22,100.52,2211.44,,4,Yes,Yes,Yes,No
CUST05560,CON05560,PAY05560,Female,57,23,82.72,1902.56,DSL,4,Yes,Yes,No,No
CUST05561,CON05561,PAY05561,Male,53,56,56.42,3159.52,Cable,2,No,Yes,No,No
CUST05562,CON05562,PAY05562,Male,53,49,99.99,4899.51,Cable,1,No,No,Yes,No
CUST05563,CON05563,PAY05563,Female,61,31,99.2,3075.2,,6,No,No,No,No
CUST05564,CON05564,PAY05564,Female,43,46,60.96,2804.16,,3,Yes,Yes,No,No
CUST05565,CON05565,PAY05565,Male,22,52,28.59,1486.68,DSL,0,No,No,Yes,Yes
CUST05566,CON05566,PAY05566,Male,73,22,100.6,2213.2,,6,Yes,Yes,Yes,No
CUST05567,CON05567,PAY05567,Male,52,4,25.47,101.88,Cable,3,Yes,Yes,No,Yes
CUST05568,CON05568,PAY05568,Male,69,59,83.85,4947.15,Cable,0,No,No,No,No
CUST05569,CON05569,PAY05569,Male,19,40,49.24,1969.6,Cable,7,Yes,Yes,Yes,Yes
CUST05570,CON05570,PAY05570,Male,32,24,96.86,2324.64,Fiber Optic,4,Yes,No,Yes,Yes
CUST05571,CON05571,PAY05571,Male,25,27,77.34,2088.18,Cable,0,No,No,Yes,No
CUST05572,CON05572,PAY05572,Male,55,29,103.16,2991.64,,7,Yes,No,Yes,No
CUST05573,CON05573,PAY05573,Male,49,47,46.53,2186.91,,3,No,No,Yes,No
CUST05574,CON05574,PAY05574,Female,20,45,100.13,4505.85,DSL,6,Yes,Yes,No,Yes
CUST05575,CON05575,PAY05575,Male,24,70,82.66,5786.2,DSL,6,No,No,No,No
CUST05576,CON05576,PAY05576,Female,58,60,103.39,6203.4,Cable,1,No,No,Yes,Yes
CUST05577,CON05577,PAY05577,Male,51,5,57.45,287.25,Cable,3,Yes,Yes,No,No
CUST05578,CON05578,PAY05578,Male,63,61,28.65,1747.65,,0,No,Yes,Yes,No
CUST05579,CON05579,PAY05579,Male,30,58,25.28,1466.24,Cable,6,Yes,Yes,Yes,Yes
CUST05580,CON05580,PAY05580,Male,28,38,52.56,1997.28,Fiber Optic,2,Yes,No,No,No
CUST05581,CON05581,PAY05581,Male,62,59,32.15,1896.85,,2,No,Yes,Yes,No
CUST05582,CON05582,PAY05582,Male,29,28,102.61,2873.08,Fiber Optic,3,Yes,No,Yes,Yes
CUST05583,CON05583,PAY05583,Female,18,44,99.35,4371.4,Cable,4,Yes,Yes,Yes,Yes
CUST05584,CON05584,PAY05584,Female,31,52,58.12,3022.24,Fiber Optic,3,No,No,Yes,Yes
CUST05585,CON05585,PAY05585,Female,34,38,97.62,3709.56,Cable,0,Yes,Yes,Yes,No
CUST05586,CON05586,PAY05586,Female,47,42,80.42,3377.64,DSL,7,No,No,No,Yes
CUST05587,CON05587,PAY05587,Female,73,3,30.45,91.35,Cable,3,Yes,Yes,Yes,Yes
CUST05588,CON05588,PAY05588,Female,61,35,97.82,3423.7,,6,No,No,No,No
CUST05589,CON05589,PAY05589,Female,69,52,63.15,3283.8,Cable,4,Yes,No,Yes,No
CUST05590,CON05590,PAY05590,Male,53,23,58.27,1340.21,Cable,6,Yes,Yes,Yes,Yes
CUST05591,CON05591,PAY05591,Male,54,29,103.58,3003.82,,9,Yes,No,Yes,No
CUST05592,CON05592,PAY05592,Male,20,72,80.66,5807.52,DSL,4,No,No,No,No
CUST05593,CON05593,PAY05593,Male,22,53,33.01,1749.53,DSL,0,No,No,Yes,Yes
CUST05594,CON05594,PAY05594,Female,67,36,49.72,1789.92,Cable,2,No,No,Yes,No
CUST05595,CON05595,PAY05595,Male,31,17,84.25,1432.25,DSL,2,Yes,No,Yes,No
CUST05596,CON05596,PAY05596,Female,39,66,26.68,1760.88,DSL,0,No,Yes,No,No
CUST05597,CON05597,PAY05597,Male,74,23,55.81,1283.63,DSL,0,No,Yes,No,No
CUST05598,CON05598,PAY05598,Male,18,51,34.78,1773.78,DSL,2,No,No,Yes,Yes
CUST05599,CON05599,PAY05599,Female,41,66,25.2,1663.2,DSL,3,No,No,Yes,Yes
CUST05600,CON05600,PAY05600,Female,68,7,30.34,212.38,,4,Yes,No,Yes,No
CUST05601,CON05601,PAY05601,Male,58,1,77.83,77.83,Fiber Optic,0,No,No,No,No
CUST05602,CON05602,PAY05602,Female,21,46,104.19,4792.74,Cable,2,Yes,Yes,Yes,Yes
CUST05603,CON05603,PAY05603,Male,51,62,63.64,3945.68,Cable,9,Yes,Yes,No,No
CUST05604,CON05604,PAY05604,Female,25,18,27.66,497.88,DSL,7,No,No,No,Yes
CUST05605,CON05605,PAY05605,Male,34,45,57.35,2580.75,Fiber Optic,7,No,No,Yes,No
CUST05606,CON05606,PAY05606,Male,60,60,31.38,1882.8,,0,No,Yes,Yes,No
CUST05607,CON05607,PAY05607,Male,20,20,29.9,598.0,DSL,0,No,Yes,No,Yes
CUST05608,CON05608,PAY05608,Female,32,37,26.14,967.18,,1,No,No,No,Yes
CUST05609,CON05609,PAY05609,Male,19,20,34.12,682.4,DSL,1,No,Yes,No,Yes
CUST05610,CON05610,PAY05610,Male,54,48,98.73,4739.04,Cable,1,No,No,Yes,No
CUST05611,CON05611,PAY05611,Female,34,50,31.85,1592.5,Fiber Optic,5,No,Yes,No,Yes
CUST05612,CON05612,PAY05612,Female,50,10,33.84,338.4,Fiber Optic,7,No,Yes,Yes,Yes
CUST05613,CON05613,PAY05613,Female,69,25,32.53,813.25,Cable,5,No,Yes,Yes,No
CUST05614,CON05614,PAY05614,Male,54,47,98.33,4621.51,Cable,2,No,No,Yes,No
CUST05615,CON05615,PAY05615,Female,31,37,98.71,3652.27,Cable,0,Yes,Yes,Yes,No
CUST05616,CON05616,PAY05616,Female,36,36,101.83,3665.88,Cable,1,Yes,Yes,Yes,No
CUST05617,CON05617,PAY05617,Male,52,47,54.81,2576.07,,2,No,No,Yes,No
CUST05618,CON05618,PAY05618,Male,60,68,25.86,1758.48,Cable,5,No,No,No,Yes
CUST05619,CON05619,PAY05619,Female,74,2,31.49,62.98,Cable,1,Yes,Yes,Yes,Yes
CUST05620,CON05620,PAY05620,Female,32,58,103.37,5995.46,Fiber Optic,6,No,Yes,No,Yes
CUST05621,CON05621,PAY05621,Male,58,65,55.0,3575.0,Fiber Optic,0,Yes,No,Yes,No
CUST05622,CON05622,PAY05622,Male,54,45,33.56,1510.2,,3,Yes,Yes,No,No
CUST05623,CON05623,PAY05623,Male,34,50,53.95,2697.5,Fiber Optic,8,No,Yes,No,Yes
CUST05624,CON05624,PAY05624,Female,46,6,58.89,353.34,DSL,3,Yes,No,Yes,No
CUST05625,CON05625,PAY05625,Female,35,53,56.53,2996.09,Fiber Optic,4,No,No,Yes,Yes
CUST05626,CON05626,PAY05626,Male,37,64,99.73,6382.72,,6,Yes,No,Yes,Yes
CUST05627,CON05627,PAY05627,Male,35,45,61.22,2754.9,Fiber Optic,9,No,No,Yes,No
CUST05628,CON05628,PAY05628,Male,47,3,96.69,290.07,DSL,7,No,No,No,No
CUST05629,CON05629,PAY05629,Female,68,50,64.96,3248.0,Cable,6,Yes,No,Yes,No
CUST05630,CON05630,PAY05630,Male,65,57,79.94,4556.58,Cable,0,No,No,No,No
CUST05631,CON05631,PAY05631,Male,62,62,32.52,2016.24,,1,No,Yes,Yes,No
CUST05632,CON05632,PAY05632,Female,70,24,26.74,641.76,Fiber Optic,1,No,Yes,Yes,Yes
CUST05633,CON05633,PAY05633,Female,46,15,77.35,1160.25,Fiber Optic,3,No,Yes,No,Yes
CUST05634,CON05634,PAY05634,Male,28,37,48.4,1790.8,Fiber Optic,0,Yes,No,No,No
CUST05635,CON05635,PAY05635,Female,31,56,101.93,5708.08,Fiber Optic,5,No,Yes,No,Yes
CUST05636,CON05636,PAY05636,Male,21,29,53.88,1562.52,,2,No,Yes,Yes,No
CUST05637,CON05637,PAY05637,Female,39,70,27.65,1935.5,DSL,0,No,Yes,No,No
CUST05638,CON05638,PAY05638,Male,29,59,28.73,1695.07,Cable,8,Yes,Yes,Yes,Yes
CUST05639,CON05639,PAY05639,Male,67,51,27.67,1411.17,,3,No,Yes,Yes,No
CUST05640,CON05640,PAY05640,Female,52,66,34.07,2248.62,Cable,3,Yes,No,Yes,Yes
CUST05641,CON05641,PAY05641,Male,18,29,53.6,1554.4,,3,No,Yes,Yes,No
CUST05642,CON05642,PAY05642,Female,31,47,62.26,2926.22,Fiber Optic,5,Yes,No,No,Yes
CUST05643,CON05643,PAY05643,Male,53,1,76.72,76.72,Fiber Optic,0,No,No,No,No
CUST05644,CON05644,PAY05644,Female,28,11,97.5,1072.5,Fiber Optic,3,Yes,Yes,No,No
CUST05645,CON05645,PAY05645,Male,32,24,101.62,2438.88,Fiber Optic,3,Yes,No,Yes,Yes
CUST05646,CON05646,PAY05646,Female,53,31,97.84,3033.04,Cable,3,Yes,No,No,Yes
CUST05647,CON05647,PAY05647,Male,53,5,28.63,143.15,Cable,3,Yes,Yes,No,Yes
CUST05648,CON05648,PAY05648,Female,71,2,46.25,92.5,,1,No,Yes,Yes,No
CUST05649,CON05649,PAY05649,Female,55,26,83.83,2179.58,DSL,4,Yes,Yes,No,No
CUST05650,CON05650,PAY05650,Male,55,59,61.69,3639.71,Cable,8,Yes,Yes,No,No
CUST05651,CON05651,PAY05651,Male,25,71,78.78,5593.38,DSL,4,No,No,No,No
CUST05652,CON05652,PAY05652,Female,58,61,101.72,6204.92,Cable,0,No,No,Yes,Yes
CUST05653,CON05653,PAY05653,Female,29,61,52.0,3172.0,Cable,2,No,Yes,Yes,No
CUST05654,CON05654,PAY05654,Female,55,65,32.79,2131.35,Cable,3,Yes,No,Yes,Yes
CUST05655,CON05655,PAY05655,Male,30,41,75.34,3088.94,DSL,3,No,No,No,No
CUST05656,CON05656,PAY05656,Female,70,35,45.15,1580.25,Cable,4,No,No,Yes,No
CUST05657,CON05657,PAY05657,Male,76,25,61.04,1526.0,DSL,0,No,Yes,No,No
CUST05658,CON05658,PAY05658,Male,18,33,76.94,2539.02,DSL,7,Yes,No,No,No
CUST05659,CON05659,PAY05659,Female,50,11,28.91,318.01,Fiber Optic,8,No,Yes,Yes,Yes
CUST05660,CON05660,PAY05660,Male,69,19,100.22,1904.18,,4,Yes,Yes,Yes,No
CUST05661,CON05661,PAY05661,Female,31,63,47.82,3012.66,Cable,0,No,Yes,Yes,No
CUST05662,CON05662,PAY05662,Male,74,4,32.25,129.0,,5,Yes,No,Yes,No
CUST05663,CON05663,PAY05663,Female,49,44,77.73,3420.12,DSL,7,No,No,No,Yes
CUST05664,CON05664,PAY05664,Male,51,4,63.94,255.76,Cable,4,Yes,Yes,No,No
CUST05665,CON05665,PAY05665,Male,67,56,76.44,4280.64,Cable,1,No,No,No,No
CUST05666,CON05666,PAY05666,Male,37,51,45.37,2313.87,Fiber Optic,8,No,Yes,No,Yes
CUST05667,CON05667,PAY05667,Male,73,7,34.0,238.0,,5,Yes,No,Yes,No
CUST05668,CON05668,PAY05668,Female,57,22,82.13,1806.86,DSL,4,Yes,Yes,No,No
CUST05669,CON05669,PAY05669,Female,68,43,62.63,2693.09,Fiber Optic,8,No,No,Yes,Yes
CUST05670,CON05670,PAY05670,Male,20,34,75.94,2581.96,DSL,7,Yes,No,No,No
CUST05671,CON05671,PAY05671,Male,33,25,51.17,1279.25,,0,No,Yes,No,No
CUST05672,CON05672,PAY05672,Male,51,4,25.46,101.84,Cable,3,Yes,Yes,No,Yes
CUST05673,CON05673,PAY05673,Female,53,11,25.25,277.75,Fiber Optic,6,No,Yes,Yes,Yes
CUST05674,CON05674,PAY05674,Male,22,22,28.39,624.58,DSL,1,No,Yes,No,Yes
CUST05675,CON05675,PAY05675,Female,67,26,34.48,896.48,Cable,5,No,Yes,Yes,No
CUST05676,CON05676,PAY05676,Male,29,44,80.98,3563.12,DSL,5,No,No,No,No
CUST05677,CON05677,PAY05677,Female,59,63,102.45,6454.35,Cable,1,No,No,Yes,Yes
CUST05678,CON05678,PAY05678,Female,29,25,32.14,803.5,Fiber Optic,0,No,No,No,No
CUST05679,CON05679,PAY05679,Female,22,67,53.11,3558.37,DSL,8,No,No,No,Yes
CUST05680,CON05680,PAY05680,Female,32,48,25.92,1244.16,Fiber Optic,5,No,Yes,No,Yes
CUST05681,CON05681,PAY05681,Male,51,68,79.07,5376.76,Fiber Optic,6,Yes,Yes,Yes,No
CUST05682,CON05682,PAY05682,Female,43,68,30.62,2082.16,DSL,1,No,Yes,No,No
CUST05683,CON05683,PAY05683,Male,35,17,58.26,990.42,Fiber Optic,3,No,No,No,Yes
CUST05684,CON05684,PAY05684,Female,69,5,84.46,422.3,,7,No,No,No,Yes
CUST05685,CON05685,PAY05685,Male,52,45,49.13,2210.85,,3,No,No,Yes,No
CUST05686,CON05686,PAY05686,Male,70,25,63.49,1587.25,Cable,0,Yes,No,Yes,Yes
CUST05687,CON05687,PAY05687,Male,30,16,78.69,1259.04,DSL,2,Yes,No,Yes,No
CUST05688,CON05688,PAY05688,Female,57,50,61.85,3092.5,,7,Yes,Yes,No,No
CUST05689,CON05689,PAY05689,Female,46,42,84.44,3546.48,DSL,8,No,No,No,Yes
CUST05690,CON05690,PAY05690,Male,31,60,31.95,1917.0,Cable,7,Yes,Yes,Yes,Yes
CUST05691,CON05691,PAY05691,Female,26,24,26.13,627.12,Fiber Optic,1,No,No,No,No
CUST05692,CON05692,PAY05692,Female,58,71,100.09,7106.39,Fiber Optic,2,Yes,Yes,Yes,Yes
CUST05693,CON05693,PAY05693,Female,61,59,99.73,5884.07,Cable,1,No,No,Yes,Yes
CUST05694,CON05694,PAY05694,Female,75,1,29.18,29.18,Cable,3,Yes,Yes,Yes,Yes
CUST05695,CON05695,PAY05695,Male,48,45,54.81,2466.45,,3,No,No,Yes,No
CUST05696,CON05696,PAY05696,Female,59,29,64.75,1877.75,,1,No,No,Yes,Yes
CUST05697,CON05697,PAY05697,Male,52,2,80.97,161.94,Fiber Optic,0,No,No,No,No
CUST05698,CON05698,PAY05698,Female,40,6,63.44,380.64,DSL,4,No,Yes,Yes,No
CUST05699,CON05699,PAY05699,Male,59,43,29.94,1287.42,,3,Yes,Yes,No,No
CUST05700,CON05700,PAY05700,Female,52,33,34.59,1141.47,,3,No,No,Yes,Yes
CUST05701,CON05701,PAY05701,Female,69,34,53.94,1833.96,Cable,2,No,No,Yes,No
CUST05702,CON05702,PAY05702,Female,46,33,54.22,1789.26,Fiber Optic,4,Yes,No,Yes,No
CUST05703,CON05703,PAY05703,Male,24,70,82.22,5755.4,DSL,6,No,No,No,No
CUST05704,CON05704,PAY05704,Female,23,59,103.14,6085.26,Fiber Optic,8,No,No,No,Yes
CUST05705,CON05705,PAY05705,Female,62,59,100.87,5951.33,Cable,1,No,No,Yes,Yes
CUST05706,CON05706,PAY05706,Male,52,4,103.83,415.32,DSL,6,No,No,No,No
CUST05707,CON05707,PAY05707,Male,29,45,77.49,3487.05,DSL,3,No,No,No,No
CUST05708,CON05708,PAY05708,Male,76,22,62.88,1383.36,Cable,1,Yes,No,Yes,Yes
CUST05709,CON05709,PAY05709,Female,57,36,45.14,1625.04,DSL,6,Yes,Yes,No,Yes
CUST05710,CON05710,PAY05710,Male,70,5,83.72,418.6,,0,Yes,No,Yes,Yes
CUST05711,CON05711,PAY05711,Male,20,35,81.01,2835.35,DSL,7,Yes,No,No,No
CUST05712,CON05712,PAY05712,Female,20,63,104.53,6585.39,Fiber Optic,6,No,No,No,Yes
CUST05713,CON05713,PAY05713,Female,63,59,102.65,6056.35,Cable,1,No,No,Yes,Yes
CUST05714,CON05714,PAY05714,Female,31,45,64.87,2919.15,Fiber Optic,6,Yes,No,No,Yes
CUST05715,CON05715,PAY05715,Female,57,31,27.59,855.29,,5,No,No,Yes,Yes
CUST05716,CON05716,PAY05716,Female,64,19,32.9,625.1,Fiber Optic,2,No,Yes,No,Yes
CUST05717,CON05717,PAY05717,Male,52,66,79.56,5250.96,Fiber Optic,6,Yes,Yes,Yes,No
CUST05718,CON05718,PAY05718,Male,64,57,75.21,4286.97,Cable,1,No,No,No,No
CUST05719,CON05719,PAY05719,Male,52,1,82.23,82.23,Fiber Optic,0,No,No,No,No
CUST05720,CON05720,PAY05720,Male,21,55,31.21,1716.55,DSL,2,No,No,Yes,Yes
CUST05721,CON05721,PAY05721,Female,26,23,26.48,609.04,Fiber Optic,2,No,No,No,No
CUST05722,CON05722,PAY05722,Female,56,70,98.82,6917.4,Fiber Optic,4,Yes,Yes,Yes,Yes
CUST05723,CON05723,PAY05723,Male,68,45,61.28,2757.6,Cable,7,No,Yes,No,Yes
CUST05724,CON05724,PAY05724,Male,68,59,84.17,4966.03,Cable,1,No,No,No,No
CUST05725,CON05725,PAY05725,Male,50,3,31.24,93.72,Cable,2,Yes,Yes,No,Yes
CUST05726,CON05726,PAY05726,Male,54,1,77.93,77.93,Fiber Optic,0,No,No,No,No
CUST05727,CON05727,PAY05727,Female,41,49,64.58,3164.42,,3,Yes,Yes,No,No
CUST05728,CON05728,PAY05728,Male,65,60,75.33,4519.8,Cable,0,No,No,No,No
CUST05729,CON05729,PAY05729,Female,57,34,48.53,1650.02,DSL,7,Yes,Yes,No,Yes
CUST05730,CON05730,PAY05730,Male,20,13,46.7,607.1,Cable,3,Yes,Yes,No,Yes
CUST05731,CON05731,PAY05731,Female,65,30,58.65,1759.5,,0,No,Yes,Yes,Yes
CUST05732,CON05732,PAY05732,Female,41,8,59.1,472.8,DSL,6,No,Yes,Yes,No
CUST05733,CON05733,PAY05733,Male,68,6,79.01,474.06,,0,Yes,No,Yes,Yes
CUST05734,CON05734,PAY05734,Female,31,59,101.41,5983.19,Fiber Optic,5,No,Yes,No,Yes
CUST05735,CON05735,PAY05735,Female,42,48,55.34,2656.32,,5,Yes,Yes,No,No
CUST05736,CON05736,PAY05736,Male,31,43,76.19,3276.17,DSL,4,No,No,No,No
CUST05737,CON05737,PAY05737,Female,30,11,102.18,1123.98,Fiber Optic,1,Yes,Yes,No,No
CUST05738,CON05738,PAY05738,Male,55,20,61.82,1236.4,Cable,4,Yes,Yes,Yes,Yes
CUST05739,CON05739,PAY05739,Male,62,67,76.51,5126.17,Fiber Optic,4,No,Yes,Yes,Yes
CUST05740,CON05740,PAY05740,Female,55,32,45.6,1459.2,DSL,6,Yes,Yes,No,Yes
CUST05741,CON05741,PAY05741,Male,20,34,76.42,2598.28,Fiber Optic,7,Yes,Yes,No,Yes
CUST05742,CON05742,PAY05742,Female,61,72,84.95,6116.4,,6,Yes,No,No,Yes
CUST05743,CON05743,PAY05743,Male,35,51,53.05,2705.55,Fiber Optic,8,No,Yes,No,Yes
CUST05744,CON05744,PAY05744,Female,72,28,28.11,787.08,Cable,5,No,Yes,Yes,No
CUST05745,CON05745,PAY05745,Male,72,25,60.68,1517.0,DSL,2,No,Yes,No,No
CUST05746,CON05746,PAY05746,Male,18,21,31.26,656.46,DSL,1,No,Yes,No,Yes
CUST05747,CON05747,PAY05747,Female,69,51,64.15,3271.65,Cable,4,Yes,No,Yes,No
CUST05748,CON05748,PAY05748,Female,69,28,64.24,1798.72,Cable,1,Yes,No,Yes,Yes
CUST05749,CON05749,PAY05749,Male,38,45,56.44,2539.8,Fiber Optic,8,No,No,Yes,No
CUST05750,CON05750,PAY05750,Female,73,24,84.16,2019.84,Cable,0,Yes,Yes,No,Yes
CUST05751,CON05751,PAY05751,Female,52,13,33.25,432.25,Fiber Optic,8,No,Yes,Yes,Yes
CUST05752,CON05752,PAY05752,Male,18,23,32.51,747.73,DSL,0,No,Yes,No,Yes
CUST05753,CON05753,PAY05753,Female,31,13,101.7,1322.1,Fiber Optic,1,Yes,Yes,No,No
CUST05754,CON05754,PAY05754,Male,57,59,63.69,3757.71,Cable,7,Yes,Yes,No,No
CUST05755,CON05755,PAY05755,Male,71,22,57.64,1268.08,DSL,1,No,Yes,No,No
CUST05756,CON05756,PAY05756,Female,25,71,48.06,3412.26,DSL,6,No,No,No,Yes
CUST05757,CON05757,PAY05757,Female,62,60,99.64,5978.4,Cable,0,No,No,Yes,Yes
CUST05758,CON05758,PAY05758,Male,72,20,96.38,1927.6,,4,Yes,Yes,Yes,No
CUST05759,CON05759,PAY05759,Female,48,42,76.92,3230.64,DSL,6,No,No,No,Yes
CUST05760,CON05760,PAY05760,Female,21,17,30.46,517.82,DSL,6,No,No,No,Yes
CUST05761,CON05761,PAY05761,Female,21,48,101.8,4886.4,Cable,2,Yes,Yes,Yes,Yes
CUST05762,CON05762,PAY05762,Male,71,46,63.74,2932.04,Cable,8,No,Yes,No,Yes
CUST05763,CON05763,PAY05763,Male,55,60,63.29,3797.4,Cable,9,Yes,Yes,No,No
CUST05764,CON05764,PAY05764,Female,59,27,59.3,1601.1,,0,No,No,Yes,Yes
CUST05765,CON05765,PAY05765,Male,63,58,75.94,4404.52,Cable,0,No,No,No,No
CUST05766,CON05766,PAY05766,Female,57,25,84.55,2113.75,DSL,5,Yes,Yes,No,No
CUST05767,CON05767,PAY05767,Female,47,4,58.67,234.68,DSL,5,Yes,No,Yes,No
CUST05768,CON05768,PAY05768,Male,24,25,83.01,2075.25,Cable,0,No,No,Yes,No
CUST05769,CON05769,PAY05769,Male,56,1,80.28,80.28,Fiber Optic,1,No,No,No,No
CUST05770,CON05770,PAY05770,Female,72,45,64.33,2894.85,Fiber Optic,7,No,No,Yes,Yes
CUST05771,CON05771,PAY05771,Male,22,26,83.38,2167.88,Cable,1,No,No,Yes,No
CUST05772,CON05772,PAY05772,Male,57,2,58.21,116.42,Cable,3,Yes,Yes,No,No
CUST05773,CON05773,PAY05773,Female,72,45,63.51,2857.95,Fiber Optic,7,No,No,Yes,Yes
CUST05774,CON05774,PAY05774,Male,51,47,52.8,2481.6,,2,No,No,Yes,No
CUST05775,CON05775,PAY05775,Male,31,3,55.24,165.72,,9,No,No,Yes,No
CUST05776,CON05776,PAY05776,Male,76,21,59.23,1243.83,DSL,0,No,Yes,No,No
CUST05777,CON05777,PAY05777,Male,68,53,34.65,1836.45,,3,No,Yes,Yes,No
CUST05778,CON05778,PAY05778,Male,48,45,48.81,2196.45,,2,No,No,Yes,No
CUST05779,CON05779,PAY05779,Female,46,42,76.69,3220.98,DSL,7,No,No,No,Yes
CUST05780,CON05780,PAY05780,Female,66,34,46.14,1568.76,Cable,4,No,No,Yes,No
CUST05781,CON05781,PAY05781,Male,22,32,83.57,2674.24,Fiber Optic,7,Yes,Yes,No,Yes
CUST05782,CON05782,PAY05782,Male,26,72,77.06,5548.32,DSL,4,No,No,No,No
CUST05783,CON05783,PAY05783,Male,30,24,99.88,2397.12,Fiber Optic,2,Yes,No,Yes,Yes
CUST05784,CON05784,PAY05784,Female,66,19,33.98,645.62,Fiber Optic,1,No,Yes,No,Yes
CUST05785,CON05785,PAY05785,Male,61,70,84.18,5892.6,Fiber Optic,4,No,Yes,Yes,Yes
CUST05786,CON05786,PAY05786,Male,33,62,102.09,6329.58,,6,Yes,No,Yes,Yes
CUST05787,CON05787,PAY05787,Female,18,8,99.78,798.24,,1,No,Yes,Yes,No
CUST05788,CON05788,PAY05788,Male,51,48,102.45,4917.6,Cable,0,No,No,Yes,No
CUST05789,CON05789,PAY05789,Male,35,48,62.58,3003.84,Fiber Optic,7,No,No,Yes,No
CUST05790,CON05790,PAY05790,Female,70,31,59.45,1842.95,Cable,1,Yes,No,Yes,Yes
CUST05791,CON05791,PAY05791,Male,63,60,31.86,1911.6,,1,No,Yes,Yes,No
CUST05792,CON05792,PAY05792,Male,51,49,95.51,4679.99,Cable,1,No,No,Yes,No
CUST05793,CON05793,PAY05793,Male,37,47,45.4,2133.8,Fiber Optic,7,No,Yes,No,Yes
CUST05794,CON05794,PAY05794,Male,71,55,33.04,1817.2,,4,No,Yes,Yes,No
CUST05795,CON05795,PAY05795,Female,34,47,25.27,1187.69,Fiber Optic,7,No,Yes,No,Yes
CUST05796,CON05796,PAY05796,Male,21,13,51.81,673.53,Cable,3,Yes,Yes,No,Yes
CUST05797,CON05797,PAY05797,Female,65,7,26.1,182.7,,2,Yes,No,Yes,No
CUST05798,CON05798,PAY05798,Male,52,60,63.06,3783.6,Cable,8,Yes,Yes,No,No
CUST05799,CON05799,PAY05799,Female,77,1,25.12,25.12,Cable,2,Yes,Yes,Yes,Yes
CUST05800,CON05800,PAY05800,Male,56,48,98.77,4740.96,Cable,2,No,No,Yes,No
CUST05801,CON05801,PAY05801,Male,28,47,28.11,1321.17,DSL,6,Yes,No,Yes,Yes
CUST05802,CON05802,PAY05802,Female,69,4,53.67,214.68,,1,No,Yes,Yes,No
CUST05803,CON05803,PAY05803,Female,67,50,57.06,2853.0,Cable,5,Yes,No,Yes,No
CUST05804,CON05804,PAY05804,Male,70,6,78.55,471.3,,1,Yes,No,Yes,Yes
CUST05805,CON05805,PAY05805,Male,67,18,100.99,1817.82,,5,Yes,Yes,Yes,No
CUST05806,CON05806,PAY05806,Male,50,55,57.72,3174.6,Cable,1,No,Yes,No,No
CUST05807,CON05807,PAY05807,Male,47,3,96.72,290.16,DSL,6,No,No,No,No
CUST05808,CON05808,PAY05808,Male,57,49,97.08,4756.92,Cable,2,No,No,Yes,No
CUST05809,CON05809,PAY05809,Male,30,28,100.7,2819.6,Fiber Optic,2,Yes,No,Yes,Yes
CUST05810,CON05810,PAY05810,Female,43,46,63.18,2906.28,,5,Yes,Yes,No,No
CUST05811,CON05811,PAY05811,Male,53,55,58.86,3237.3,Cable,0,No,Yes,No,No
CUST05812,CON05812,PAY05812,Male,66,59,31.16,1838.44,,1,No,Yes,Yes,No
CUST05813,CON05813,PAY05813,Female,56,66,32.09,2117.94,Cable,4,Yes,No,Yes,Yes
CUST05814,CON05814,PAY05814,Female,68,34,51.38,1746.92,Cable,3,No,No,Yes,No
CUST05815,CON05815,PAY05815,Female,67,27,34.77,938.79,Fiber Optic,1,No,Yes,Yes,Yes
CUST05816,CON05816,PAY05816,Female,76,40,64.35,2574.0,DSL,1,Yes,No,Yes,No
CUST05817,CON05817,PAY05817,Female,47,3,58.48,175.44,DSL,5,Yes,No,Yes,No
CUST05818,CON05818,PAY05818,Female,34,52,58.57,3045.64,Fiber Optic,3,No,No,Yes,Yes
CUST05819,CON05819,PAY05819,Female,21,68,45.35,3083.8,DSL,7,No,No,No,Yes
CUST05820,CON05820,PAY05820,Female,26,69,46.61,3216.09,DSL,8,No,No,No,Yes
CUST05821,CON05821,PAY05821,Male,28,37,61.55,2277.35,Fiber Optic,0,No,No,No,Yes
CUST05822,CON05822,PAY05822,Female,57,32,48.77,1560.64,DSL,6,Yes,Yes,No,Yes
CUST05823,CON05823,PAY05823,Male,23,37,49.02,1813.74,Cable,7,Yes,Yes,Yes,Yes
CUST05824,CON05824,PAY05824,Female,23,69,54.35,3750.15,DSL,8,No,No,No,Yes
CUST05825,CON05825,PAY05825,Male,63,59,29.23,1724.57,,2,No,Yes,Yes,No
CUST05826,CON05826,PAY05826,Female,35,35,104.94,3672.9,Cable,1,Yes,Yes,Yes,No
CUST05827,CON05827,PAY05827,Male,29,58,34.48,1999.84,Cable,6,Yes,Yes,Yes,Yes
CUST05828,CON05828,PAY05828,Male,70,23,61.07,1404.61,Cable,0,Yes,No,Yes,Yes
CUST05829,CON05829,PAY05829,Female,20,9,95.85,862.65,,2,No,Yes,Yes,No
CUST05830,CON05830,PAY05830,Male,23,37,53.17,1967.29,Fiber Optic,0,Yes,No,No,No
CUST05831,CON05831,PAY05831,Male,25,29,76.76,2226.04,Cable,1,No,No,Yes,No
CUST05832,CON05832,PAY05832,Male,27,41,75.69,3103.29,DSL,4,No,No,No,No
CUST05833,CON05833,PAY05833,Female,72,29,34.34,995.86,Cable,6,No,Yes,Yes,No
CUST05834,CON05834,PAY05834,Female,49,29,48.55,1407.95,Fiber Optic,5,Yes,No,Yes,No
CUST05835,CON05835,PAY05835,Male,57,68,63.82,4339.76,Fiber Optic,1,Yes,No,Yes,No
CUST05836,CON05836,PAY05836,Female,18,45,102.29,4603.05,DSL,8,Yes,Yes,No,Yes
CUST05837,CON05837,PAY05837,Female,72,4,82.79,331.16,,8,No,No,No,Yes
CUST05838,CON05838,PAY05838,Female,38,66,33.48,2209.68,DSL,2,No,No,Yes,Yes
CUST05839,CON05839,PAY05839,Female,37,63,27.57,1736.91,DSL,2,No,No,Yes,Yes
CUST05840,CON05840,PAY05840,Female,49,12,34.41,412.92,Fiber Optic,6,No,Yes,Yes,Yes
CUST05841,CON05841,PAY05841,Female,55,26,82.84,2153.84,DSL,5,Yes,Yes,No,No
CUST05842,CON05842,PAY05842,Male,35,49,47.05,2305.45,Fiber Optic,9,No,Yes,No,Yes
CUST05843,CON05843,PAY05843,Female,71,20,101.85,2037.0,Cable,3,No,No,Yes,No
CUST05844,CON05844,PAY05844,Female,36,38,99.71,3788.98,Cable,1,Yes,Yes,Yes,No
CUST05845,CON05845,PAY05845,Female,38,70,29.85,2089.5,DSL,1,No,Yes,No,No
CUST05846,CON05846,PAY05846,Female,25,70,48.87,3420.9,DSL,7,No,No,No,Yes
CUST05847,CON05847,PAY05847,Female,21,17,27.99,475.83,DSL,7,No,No,No,Yes
CUST05848,CON05848,PAY05848,Male,53,68,83.86,5702.48,Fiber Optic,5,Yes,Yes,Yes,No
CUST05849,CON05849,PAY05849,Female,67,22,99.74,2194.28,Cable,3,No,No,Yes,No
CUST05850,CON05850,PAY05850,Male,35,7,62.22,435.54,,8,No,No,Yes,No
CUST05851,CON05851,PAY05851,Female,61,69,78.92,5445.48,,4,Yes,No,No,Yes
CUST05852,CON05852,PAY05852,Female,40,50,60.4,3020.0,,5,Yes,Yes,No,No
CUST05853,CON05853,PAY05853,Female,68,23,33.45,769.35,Fiber Optic,0,No,Yes,Yes,Yes
CUST05854,CON05854,PAY05854,Female,19,46,100.26,4611.96,Cable,2,Yes,Yes,Yes,Yes
CUST05855,CON05855,PAY05855,Male,49,5,29.37,146.85,Cable,1,Yes,Yes,No,Yes
CUST05856,CON05856,PAY05856,Male,71,44,62.57,2753.08,Cable,8,No,Yes,No,Yes
CUST05857,CON05857,PAY05857,Female,65,30,59.91,1797.3,,2,No,Yes,Yes,Yes
CUST05858,CON05858,PAY05858,Male,21,72,78.97,5685.84,DSL,5,No,No,No,No
CUST05859,CON05859,PAY05859,Male,57,50,97.81,4890.5,Cable,1,No,No,Yes,No
CUST05860,CON05860,PAY05860,Male,54,1,30.97,30.97,Cable,1,Yes,Yes,No,Yes
CUST05861,CON05861,PAY05861,Male,37,50,49.66,2483.0,Fiber Optic,7,No,Yes,No,Yes
CUST05862,CON05862,PAY05862,Female,69,2,50.92,101.84,,2,No,Yes,Yes,No
CUST05863,CON05863,PAY05863,Male,72,25,55.23,1380.75,Cable,1,Yes,No,Yes,Yes
CUST05864,CON05864,PAY05864,Male,20,36,77.84,2802.24,Fiber Optic,7,Yes,Yes,No,Yes
CUST05865,CON05865,PAY05865,Male,29,41,76.38,3131.58,DSL,3,No,No,No,No
CUST05866,CON05866,PAY05866,Female,66,3,45.81,137.43,,3,No,Yes,Yes,No
CUST05867,CON05867,PAY05867,Male,23,55,32.12,1766.6,DSL,0,No,No,Yes,Yes
CUST05868,CON05868,PAY05868,Female,76,72,52.81,3802.32,Cable,2,No,No,Yes,Yes
CUST05869,CON05869,PAY05869,Male,23,50,27.38,1369.0,DSL,6,Yes,No,Yes,Yes
CUST05870,CON05870,PAY05870,Male,49,45,50.74,2283.3,,3,No,No,Yes,No
CUST05871,CON05871,PAY05871,Female,55,42,103.18,4333.56,DSL,1,No,No,No,No
CUST05872,CON05872,PAY05872,Female,51,2,63.4,126.8,DSL,3,Yes,No,Yes,No
CUST05873,CON05873,PAY05873,Male,71,24,63.29,1518.96,Cable,0,Yes,No,Yes,Yes
CUST05874,CON05874,PAY05874,Male,65,58,81.61,4733.38,Cable,1,No,No,No,No
CUST05875,CON05875,PAY05875,Male,28,33,56.41,1861.53,Fiber Optic,1,No,No,No,Yes
CUST05876,CON05876,PAY05876,Female,77,1,26.34,26.34,Cable,3,Yes,Yes,Yes,Yes
CUST05877,CON05877,PAY05877,Female,68,48,55.56,2666.88,Cable,4,Yes,No,Yes,No
CUST05878,CON05878,PAY05878,Female,57,71,100.09,7106.39,Fiber Optic,2,Yes,Yes,Yes,Yes
CUST05879,CON05879,PAY05879,Female,69,5,77.71,388.55,,8,No,No,No,Yes
CUST05880,CON05880,PAY05880,Female,72,70,54.8,3836.0,Cable,1,No,No,Yes,Yes
CUST05881,CON05881,PAY05881,Male,33,16,81.52,1304.32,DSL,2,Yes,No,Yes,No
CUST05882,CON05882,PAY05882,Male,27,42,79.98,3359.16,DSL,5,No,No,No,No
CUST05883,CON05883,PAY05883,Female,67,23,25.71,591.33,Fiber Optic,0,No,Yes,Yes,Yes
CUST05884,CON05884,PAY05884,Male,20,21,33.19,696.99,DSL,1,No,Yes,No,Yes
CUST05885,CON05885,PAY05885,Female,69,44,61.23,2694.12,Fiber Optic,6,No,No,Yes,Yes
CUST05886,CON05886,PAY05886,Male,58,1,81.72,81.72,Fiber Optic,1,No,No,No,No
CUST05887,CON05887,PAY05887,Male,74,46,60.65,2789.9,Cable,8,No,Yes,No,Yes
CUST05888,CON05888,PAY05888,Male,68,60,75.95,4557.0,Cable,0,No,No,No,No
CUST05889,CON05889,PAY05889,Female,19,47,96.18,4520.46,DSL,6,Yes,Yes,No,Yes
CUST05890,CON05890,PAY05890,Female,58,23,80.54,1852.42,DSL,3,Yes,Yes,No,No
CUST05891,CON05891,PAY05891,Male,35,20,55.21,1104.2,Fiber Optic,4,No,No,No,Yes
CUST05892,CON05892,PAY05892,Female,49,32,46.53,1488.96,Fiber Optic,5,Yes,No,Yes,No
CUST05893,CON05893,PAY05893,Female,69,1,45.55,45.55,,1,No,Yes,Yes,No
CUST05894,CON05894,PAY05894,Male,35,60,100.27,6016.2,,7,Yes,No,Yes,Yes
CUST05895,CON05895,PAY05895,Male,71,24,59.0,1416.0,DSL,1,No,Yes,No,No
CUST05896,CON05896,PAY05896,Male,52,68,79.04,5374.72,Fiber Optic,7,Yes,Yes,Yes,No
CUST05897,CON05897,PAY05897,Male,56,43,29.92,1286.56,,3,Yes,Yes,No,No
CUST05898,CON05898,PAY05898,Female,74,6,83.51,501.06,,6,No,No,No,Yes
CUST05899,CON05899,PAY05899,Female,57,72,102.8,7401.6,Fiber Optic,2,Yes,Yes,Yes,Yes
CUST05900,CON05900,PAY05900,Male,71,23,59.5,1368.5,DSL,0,No,Yes,No,No
CUST05901,CON05901,PAY05901,Female,58,31,95.38,2956.78,,7,No,No,No,No
CUST05902,CON05902,PAY05902,Female,31,53,59.38,3147.14,Fiber Optic,4,No,No,Yes,Yes
CUST05903,CON05903,PAY05903,Female,20,45,97.49,4387.05,Cable,4,Yes,Yes,Yes,Yes
CUST05904,CON05904,PAY05904,Female,25,11,102.97,1132.67,Fiber Optic,3,Yes,Yes,No,No
CUST05905,CON05905,PAY05905,Male,58,66,63.97,4222.02,Fiber Optic,0,Yes,No,Yes,No
CUST05906,CON05906,PAY05906,Female,56,36,45.57,1640.52,DSL,5,Yes,Yes,No,Yes
CUST05907,CON05907,PAY05907,Male,77,23,61.15,1406.45,DSL,0,No,Yes,No,No
CUST05908,CON05908,PAY05908,Male,33,5,55.74,278.7,,7,No,No,Yes,No
CUST05909,CON05909,PAY05909,Female,29,53,62.52,3313.56,Fiber Optic,4,No,No,Yes,Yes
CUST05910,CON05910,PAY05910,Male,35,44,57.21,2517.24,Fiber Optic,8,No,No,Yes,No
CUST05911,CON05911,PAY05911,Female,18,9,101.72,915.48,,2,No,Yes,Yes,No
CUST05912,CON05912,PAY05912,Male,67,50,77.38,3869.0,,6,No,No,Yes,Yes
CUST05913,CON05913,PAY05913,Male,67,55,26.01,1430.55,,5,No,Yes,Yes,No
CUST05914,CON05914,PAY05914,Female,49,30,94.99,2849.7,Cable,4,Yes,No,No,Yes
CUST05915,CON05915,PAY05915,Female,34,48,33.38,1602.24,Fiber Optic,5,No,Yes,No,Yes
CUST05916,CON05916,PAY05916,Male,73,25,61.54,1538.5,DSL,2,No,Yes,No,No
CUST05917,CON05917,PAY05917,Male,24,52,30.97,1610.44,DSL,0,No,No,Yes,Yes
CUST05918,CON05918,PAY05918,Female,60,52,60.3,3135.6,,7,Yes,Yes,No,No
CUST05919,CON05919,PAY05919,Female,27,40,31.69,1267.6,,1,No,No,No,Yes
CUST05920,CON05920,PAY05920,Male,38,62,104.2,6460.4,,5,Yes,No,Yes,Yes
CUST05921,CON05921,PAY05921,Female,53,72,98.07,7061.04,Fiber Optic,4,Yes,Yes,Yes,Yes
CUST05922,CON05922,PAY05922,Female,55,66,32.4,2138.4,Cable,5,Yes,No,Yes,Yes
CUST05923,CON05923,PAY05923,Male,31,4,55.72,222.88,,8,No,No,Yes,No
CUST05924,CON05924,PAY05924,Male,19,15,46.41,696.15,Cable,4,Yes,Yes,No,Yes
CUST05925,CON05925,PAY05925,Male,73,44,57.83,2544.52,Cable,8,No,Yes,No,Yes
CUST05926,CON05926,PAY05926,Female,18,62,96.94,6010.28,Fiber Optic,8,No,No,No,Yes
CUST05927,CON05927,PAY05927,Female,31,46,64.38,2961.48,Fiber Optic,7,Yes,No,No,Yes
CUST05928,CON05928,PAY05928,Male,59,67,76.48,5124.16,Fiber Optic,4,No,Yes,Yes,Yes
CUST05929,CON05929,PAY05929,Male,75,36,84.01,3024.36,Fiber Optic,6,No,No,No,Yes
CUST05930,CON05930,PAY05930,Female,34,56,60.3,3376.8,Fiber Optic,3,No,No,Yes,Yes
CUST05931,CON05931,PAY05931,Male,68,54,31.12,1680.48,,3,No,Yes,Yes,No
CUST05932,CON05932,PAY05932,Female,24,20,33.66,673.2,DSL,6,No,No,No,Yes
CUST05933,CON05933,PAY05933,Female,62,4,29.37,117.48,,3,Yes,No,Yes,No
CUST05934,CON05934,PAY05934,Female,27,59,47.53,2804.27,Cable,1,No,Yes,Yes,No
CUST05935,CON05935,PAY05935,Female,59,52,63.72,3313.44,,7,Yes,Yes,No,No
CUST05936,CON05936,PAY05936,Male,28,35,50.37,1762.95,Fiber Optic,0,Yes,No,No,No
CUST05937,CON05937,PAY05937,Male,19,39,46.99,1832.61,Cable,9,Yes,Yes,Yes,Yes
CUST05938,CON05938,PAY05938,Female,56,50,60.49,3024.5,,7,Yes,Yes,No,No
CUST05939,CON05939,PAY05939,Male,30,34,64.48,2192.32,Fiber Optic,2,No,No,No,Yes
CUST05940,CON05940,PAY05940,Male,55,48,101.99,4895.52,Cable,1,No,No,Yes,No
CUST05941,CON05941,PAY05941,Male,18,31,50.75,1573.25,,3,No,Yes,Yes,No
CUST05942,CON05942,PAY05942,Female,20,68,47.09,3202.12,DSL,8,No,No,No,Yes
CUST05943,CON05943,PAY05943,Female,48,45,79.68,3585.6,DSL,6,No,No,No,Yes
CUST05944,CON05944,PAY05944,Female,61,28,64.23,1798.44,,0,No,No,Yes,Yes
CUST05945,CON05945,PAY05945,Female,30,60,51.9,3114.0,Cable,1,No,Yes,Yes,No
CUST05946,CON05946,PAY05946,Male,72,52,34.54,1796.08,,4,No,Yes,Yes,No
CUST05947,CON05947,PAY05947,Female,51,29,103.19,2992.51,Cable,3,Yes,No,No,Yes
CUST05948,CON05948,PAY05948,Female,40,49,58.42,2862.58,,3,Yes,Yes,No,No
CUST05949,CON05949,PAY05949,Male,26,48,32.28,1549.44,DSL,5,Yes,No,Yes,Yes
CUST05950,CON05950,PAY05950,Female,71,21,79.84,1676.64,Cable,1,Yes,Yes,No,Yes
CUST05951,CON05951,PAY05951,Female,35,60,101.66,6099.6,Fiber Optic,5,No,Yes,No,Yes
CUST05952,CON05952,PAY05952,Female,45,13,75.4,980.2,Fiber Optic,3,No,Yes,No,Yes
CUST05953,CON05953,PAY05953,Male,55,51,102.33,5218.83,Cable,2,No,No,Yes,No
CUST05954,CON05954,PAY05954,Male,72,45,63.32,2849.4,Cable,7,No,Yes,No,Yes
CUST05955,CON05955,PAY05955,Male,30,35,61.35,2147.25,Fiber Optic,1,No,No,No,Yes
CUST05956,CON05956,PAY05956,Female,46,30,53.64,1609.2,Fiber Optic,4,Yes,No,Yes,No
CUST05957,CON05957,PAY05957,Male,37,47,52.54,2469.38,Fiber Optic,9,No,Yes,No,Yes
CUST05958,CON05958,PAY05958,Female,70,45,60.66,2729.7,Fiber Optic,7,No,No,Yes,Yes
CUST05959,CON05959,PAY05959,Male,24,50,32.76,1638.0,DSL,4,Yes,No,Yes,Yes
CUST05960,CON05960,PAY05960,Male,49,64,75.71,4845.44,Fiber Optic,6,Yes,Yes,Yes,No
CUST05961,CON05961,PAY05961,Female,70,34,53.91,1832.94,Cable,2,No,No,Yes,No
CUST05962,CON05962,PAY05962,Male,29,6,59.66,357.96,,8,No,No,Yes,No
CUST05963,CON05963,PAY05963,Male,51,2,95.39,190.78,DSL,6,No,No,No,No
CUST05964,CON05964,PAY05964,Male,48,54,63.45,3426.3,Cable,1,No,Yes,No,No
CUST05965,CON05965,PAY05965,Female,55,32,31.51,1008.32,,4,No,No,Yes,Yes
CUST05966,CON05966,PAY05966,Male,20,37,49.72,1839.64,Cable,7,Yes,Yes,Yes,Yes
CUST05967,CON05967,PAY05967,Male,18,24,26.32,631.68,DSL,0,No,Yes,No,Yes
CUST05968,CON05968,PAY05968,Female,40,49,56.66,2776.34,,4,Yes,Yes,No,No
CUST05969,CON05969,PAY05969,Female,28,24,33.86,812.64,Fiber Optic,2,No,No,No,No
CUST05970,CON05970,PAY05970,Female,68,1,48.58,48.58,,1,No,Yes,Yes,No
CUST05971,CON05971,PAY05971,Male,73,21,59.16,1242.36,DSL,0,No,Yes,No,No
CUST05972,CON05972,PAY05972,Male,24,40,50.54,2021.6,Cable,9,Yes,Yes,Yes,Yes
CUST05973,CON05973,PAY05973,Female,44,32,48.02,1536.64,Fiber Optic,4,Yes,No,Yes,No
CUST05974,CON05974,PAY05974,Male,56,67,33.44,2240.48,Cable,4,No,No,No,Yes
CUST05975,CON05975,PAY05975,Male,51,50,95.04,4752.0,Cable,2,No,No,Yes,No
CUST05976,CON05976,PAY05976,Male,29,49,26.94,1320.06,DSL,4,Yes,No,Yes,Yes
CUST05977,CON05977,PAY05977,Male,58,1,83.98,83.98,Fiber Optic,0,No,No,No,No
CUST05978,CON05978,PAY05978,Female,31,60,99.97,5998.2,Fiber Optic,4,No,Yes,No,Yes
CUST05979,CON05979,PAY05979,Male,69,4,79.81,319.24,,2,Yes,No,Yes,Yes
CUST05980,CON05980,PAY05980,Female,44,46,62.24,2863.04,,5,Yes,Yes,No,No
CUST05981,CON05981,PAY05981,Female,38,69,29.0,2001.0,DSL,0,No,Yes,No,No
CUST05982,CON05982,PAY05982,Male,53,55,64.94,3571.7,Cable,1,No,Yes,No,No
CUST05983,CON05983,PAY05983,Female,73,38,56.13,2132.94,DSL,0,Yes,No,Yes,No
CUST05984,CON05984,PAY05984,Female,67,31,56.39,1748.09,Cable,2,Yes,No,Yes,Yes
CUST05985,CON05985,PAY05985,Male,27,50,25.84,1292.0,DSL,4,Yes,No,Yes,Yes
CUST05986,CON05986,PAY05986,Female,60,48,57.06,2738.88,,7,Yes,Yes,No,No
CUST05987,CON05987,PAY05987,Female,40,5,63.28,316.4,DSL,5,No,Yes,Yes,No
CUST05988,CON05988,PAY05988,Female,57,31,27.18,842.58,,4,No,No,Yes,Yes
CUST05989,CON05989,PAY05989,Male,23,53,33.44,1772.32,DSL,2,No,No,Yes,Yes
CUST05990,CON05990,PAY05990,Male,34,28,100.31,2808.68,Fiber Optic,2,Yes,No,Yes,Yes
CUST05991,CON05991,PAY05991,Male,23,55,29.27,1609.85,DSL,2,No,No,Yes,Yes
CUST05992,CON05992,PAY05992,Female,51,6,64.55,387.3,DSL,4,Yes,No,Yes,No
CUST05993,CON05993,PAY05993,Male,22,52,25.97,1350.44,DSL,1,No,No,Yes,Yes
CUST05994,CON05994,PAY05994,Male,57,67,28.94,1938.98,Cable,3,No,No,No,Yes
CUST05995,CON05995,PAY05995,Female,64,27,25.21,680.67,Fiber Optic,0,No,Yes,Yes,Yes
CUST05996,CON05996,PAY05996,Female,25,59,49.52,2921.68,Cable,1,No,Yes,Yes,No
CUST05997,CON05997,PAY05997,Female,52,68,26.13,1776.84,Cable,3,Yes,No,Yes,Yes
CUST05998,CON05998,PAY05998,Male,28,28,82.58,2312.24,Cable,0,No,No,Yes,No
CUST05999,CON05999,PAY05999,Female,57,36,48.16,1733.76,DSL,6,Yes,Yes,No,Yes
CUST06000,CON06000,PAY06000,Female,65,27,25.7,693.9,Fiber Optic,0,No,Yes,Yes,Yes
CUST06001,CON06001,PAY06001,Male,51,48,102.37,4913.76,Cable,2,No,No,Yes,No
CUST06002,CON06002,PAY06002,Female,18,6,98.36,590.16,,3,No,Yes,Yes,No
CUST06003,CON06003,PAY06003,Male,46,5,103.87,519.35,DSL,5,No,No,No,No
CUST06004,CON06004,PAY06004,Female,34,36,101.97,3670.92,Cable,0,Yes,Yes,Yes,No
CUST06005,CON06005,PAY06005,Male,28,29,83.75,2428.75,Cable,1,No,No,Yes,No
CUST06006,CON06006,PAY06006,Female,45,42,77.03,3235.26,DSL,6,No,No,No,Yes
CUST06007,CON06007,PAY06007,Male,46,47,53.51,2514.97,,4,No,No,Yes,No
CUST06008,CON06008,PAY06008,Male,25,72,79.53,5726.16,DSL,5,No,No,No,No
CUST06009,CON06009,PAY06009,Male,60,59,31.2,1840.8,,2,No,Yes,Yes,No
CUST06010,CON06010,PAY06010,Male,20,71,81.09,5757.39,DSL,6,No,No,No,No
CUST06011,CON06011,PAY06011,Male,74,37,77.5,2867.5,Fiber Optic,5,No,No,No,Yes
CUST06012,CON06012,PAY06012,Female,34,54,62.51,3375.54,Fiber Optic,2,No,No,Yes,Yes
CUST06013,CON06013,PAY06013,Female,52,66,25.57,1687.62,Cable,3,Yes,No,Yes,Yes
CUST06014,CON06014,PAY06014,Female,66,25,31.12,778.0,Cable,5,No,Yes,Yes,No
CUST06015,CON06015,PAY06015,Male,49,5,99.03,495.15,DSL,5,No,No,No,No
CUST06016,CON06016,PAY06016,Male,32,25,51.06,1276.5,,0,No,Yes,No,No
CUST06017,CON06017,PAY06017,Male,18,24,34.85,836.4,DSL,0,No,Yes,No,Yes
CUST06018,CON06018,PAY06018,Male,31,48,49.93,2396.64,Fiber Optic,9,No,Yes,No,Yes
CUST06019,CON06019,PAY06019,Female,65,5,31.42,157.1,,3,Yes,No,Yes,No
CUST06020,CON06020,PAY06020,Female,55,44,98.58,4337.52,DSL,0,No,No,No,No
CUST06021,CON06021,PAY06021,Male,52,68,82.69,5622.92,Fiber Optic,6,Yes,Yes,Yes,No
CUST06022,CON06022,PAY06022,Male,35,45,58.15,2616.75,Fiber Optic,7,No,No,Yes,No
CUST06023,CON06023,PAY06023,Male,53,5,61.59,307.95,Cable,3,Yes,Yes,No,No
CUST06024,CON06024,PAY06024,Male,32,17,76.5,1300.5,DSL,1,Yes,No,Yes,No
CUST06025,CON06025,PAY06025,Female,75,3,27.48,82.44,Cable,2,Yes,Yes,Yes,Yes
CUST06026,CON06026,PAY06026,Male,57,30,102.49,3074.7,,7,Yes,No,Yes,No
CUST06027,CON06027,PAY06027,Female,39,65,28.74,1868.1,DSL,3,No,No,Yes,Yes
CUST06028,CON06028,PAY06028,Female,40,65,25.82,1678.3,DSL,1,No,No,Yes,Yes
CUST06029,CON06029,PAY06029,Male,57,32,98.42,3149.44,,9,Yes,No,Yes,No
CUST06030,CON06030,PAY06030,Female,42,69,32.7,2256.3,DSL,0,No,Yes,No,No
CUST06031,CON06031,PAY06031,Male,21,33,78.32,2584.56,Fiber Optic,6,Yes,Yes,No,Yes
CUST06032,CON06032,PAY06032,Male,74,22,59.92,1318.24,Cable,1,Yes,No,Yes,Yes
CUST06033,CON06033,PAY06033,Female,47,6,64.85,389.1,DSL,3,Yes,No,Yes,No
CUST06034,CON06034,PAY06034,Female,51,10,28.39,283.9,Fiber Optic,6,No,Yes,Yes,Yes
CUST06035,CON06035,PAY06035,Female,70,24,79.4,1905.6,Cable,1,Yes,Yes,No,Yes
CUST06036,CON06036,PAY06036,Female,67,18,28.75,517.5,Fiber Optic,0,No,Yes,No,Yes
CUST06037,CON06037,PAY06037,Male,70,6,30.8,184.8,,4,Yes,No,Yes,No
CUST06038,CON06038,PAY06038,Male,67,52,80.39,4180.28,,4,No,No,Yes,Yes
CUST06039,CON06039,PAY06039,Male,24,52,29.89,1554.28,DSL,2,No,No,Yes,Yes
CUST06040,CON06040,PAY06040,Female,22,69,52.59,3628.71,DSL,8,No,No,No,Yes
CUST06041,CON06041,PAY06041,Male,53,6,58.89,353.34,Cable,3,Yes,Yes,No,No
CUST06042,CON06042,PAY06042,Female,66,4,53.3,213.2,,1,No,Yes,Yes,No
CUST06043,CON06043,PAY06043,Male,53,45,31.46,1415.7,,5,Yes,Yes,No,No
CUST06044,CON06044,PAY06044,Male,19,20,26.95,539.0,DSL,0,No,Yes,No,Yes
CUST06045,CON06045,PAY06045,Female,22,44,100.14,4406.16,Cable,2,Yes,Yes,Yes,Yes
CUST06046,CON06046,PAY06046,Female,35,38,97.6,3708.8,Cable,1,Yes,Yes,Yes,No
CUST06047,CON06047,PAY06047,Male,54,4,59.76,239.04,Cable,4,Yes,Yes,No,No
CUST06048,CON06048,PAY06048,Female,36,64,28.68,1835.52,DSL,1,No,No,Yes,Yes
CUST06049,CON06049,PAY06049,Female,33,35,95.08,3327.8,Cable,0,Yes,Yes,Yes,No
CUST06050,CON06050,PAY06050,Female,71,4,34.02,136.08,Cable,1,Yes,Yes,Yes,Yes
CUST06051,CON06051,PAY06051,Female,55,26,83.08,2160.08,DSL,3,Yes,Yes,No,No
CUST06052,CON06052,PAY06052,Female,53,32,47.5,1520.0,DSL,6,Yes,Yes,No,Yes
CUST06053,CON06053,PAY06053,Male,31,7,57.82,404.74,,7,No,No,Yes,No
CUST06054,CON06054,PAY06054,Male,52,30,100.96,3028.8,,8,Yes,No,Yes,No
CUST06055,CON06055,PAY06055,Male,30,34,60.04,2041.36,Fiber Optic,2,No,No,No,Yes
CUST06056,CON06056,PAY06056,Female,63,28,55.02,1540.56,,2,No,Yes,Yes,Yes
CUST06057,CON06057,PAY06057,Female,42,47,58.26,2738.22,,3,Yes,Yes,No,No
CUST06058,CON06058,PAY06058,Female,23,67,50.54,3386.18,DSL,6,No,No,No,Yes
CUST06059,CON06059,PAY06059,Female,44,29,47.04,1364.16,Fiber Optic,4,Yes,No,Yes,No
CUST06060,CON06060,PAY06060,Female,41,6,61.61,369.66,DSL,5,No,Yes,Yes,No
CUST06061,CON06061,PAY06061,Male,70,47,64.31,3022.57,Cable,8,No,Yes,No,Yes
CUST06062,CON06062,PAY06062,Male,32,59,32.72,1930.48,Cable,6,Yes,Yes,Yes,Yes
CUST06063,CON06063,PAY06063,Female,73,70,46.56,3259.2,Cable,0,No,No,Yes,Yes
CUST06064,CON06064,PAY06064,Female,32,36,29.83,1073.88,,1,No,No,No,Yes
CUST06065,CON06065,PAY06065,Female,53,72,100.02,7201.44,Fiber Optic,4,Yes,Yes,Yes,Yes
CUST06066,CON06066,PAY06066,Female,52,32,96.24,3079.68,Cable,5,Yes,No,No,Yes
CUST06067,CON06067,PAY06067,Male,27,34,61.18,2080.12,Fiber Optic,2,No,No,No,Yes
CUST06068,CON06068,PAY06068,Male,18,22,27.17,597.74,DSL,1,No,Yes,No,Yes
CUST06069,CON06069,PAY06069,Female,35,59,95.88,5656.92,Fiber Optic,6,No,Yes,No,Yes
CUST06070,CON06070,PAY06070,Female,49,11,27.26,299.86,Fiber Optic,8,No,Yes,Yes,Yes
CUST06071,CON06071,PAY06071,Female,58,60,102.67,6160.2,Cable,0,No,No,Yes,Yes
CUST06072,CON06072,PAY06072,Female,50,3,63.69,191.07,DSL,3,Yes,No,Yes,No
CUST06073,CON06073,PAY06073,Male,36,18,59.2,1065.6,Fiber Optic,5,No,No,No,Yes
CUST06074,CON06074,PAY06074,Female,40,46,55.05,2532.3,,3,Yes,Yes,No,No
CUST06075,CON06075,PAY06075,Female,18,61,104.65,6383.65,Fiber Optic,8,No,No,No,Yes
CUST06076,CON06076,PAY06076,Male,20,15,45.1,676.5,Cable,5,Yes,Yes,No,Yes
CUST06077,CON06077,PAY06077,Male,53,49,102.25,5010.25,Cable,1,No,No,Yes,No
CUST06078,CON06078,PAY06078,Female,63,7,29.69,207.83,,4,Yes,No,Yes,No
CUST06079,CON06079,PAY06079,Male,33,56,29.28,1639.68,Cable,8,Yes,Yes,Yes,Yes
CUST06080,CON06080,PAY06080,Female,21,49,96.04,4705.96,DSL,8,Yes,Yes,No,Yes
CUST06081,CON06081,PAY06081,Female,52,67,34.34,2300.78,Cable,3,Yes,No,Yes,Yes
CUST06082,CON06082,PAY06082,Female,47,45,83.51,3757.95,DSL,7,No,No,No,Yes
CUST06083,CON06083,PAY06083,Male,47,1,99.94,99.94,DSL,7,No,No,No,No
CUST06084,CON06084,PAY06084,Female,77,40,57.2,2288.0,DSL,0,Yes,No,Yes,No
CUST06085,CON06085,PAY06085,Male,74,24,63.55,1525.2,Cable,0,Yes,No,Yes,Yes
CUST06086,CON06086,PAY06086,Female,27,18,32.52,585.36,DSL,7,No,No,No,Yes
CUST06087,CON06087,PAY06087,Female,18,45,101.78,4580.1,Cable,4,Yes,Yes,Yes,Yes
CUST06088,CON06088,PAY06088,Male,75,25,64.87,1621.75,DSL,0,No,Yes,No,No
CUST06089,CON06089,PAY06089,Female,73,41,63.39,2598.99,DSL,0,Yes,No,Yes,No
CUST06090,CON06090,PAY06090,Male,35,25,103.98,2599.5,Fiber Optic,2,Yes,No,Yes,Yes
CUST06091,CON06091,PAY06091,Female,22,6,101.39,608.34,,1,No,Yes,Yes,No
CUST06092,CON06092,PAY06092,Male,18,24,32.26,774.24,DSL,0,No,Yes,No,Yes
CUST06093,CON06093,PAY06093,Female,61,68,78.88,5363.84,,5,Yes,No,No,Yes
CUST06094,CON06094,PAY06094,Female,41,49,56.41,2764.09,,5,Yes,Yes,No,No
CUST06095,CON06095,PAY06095,Female,72,4,47.49,189.96,,3,No,Yes,Yes,No
CUST06096,CON06096,PAY06096,Female,74,6,81.44,488.64,,6,No,No,No,Yes
CUST06097,CON06097,PAY06097,Female,56,52,57.4,2984.8,,6,Yes,Yes,No,No
CUST06098,CON06098,PAY06098,Female,40,62,34.25,2123.5,DSL,2,No,No,Yes,Yes
CUST06099,CON06099,PAY06099,Female,28,21,28.22,592.62,Fiber Optic,0,No,No,No,No
CUST06100,CON06100,PAY06100,Female,43,69,30.64,2114.16,DSL,1,No,Yes,No,No
CUST06101,CON06101,PAY06101,Male,53,30,95.6,2868.0,,9,Yes,No,Yes,No
CUST06102,CON06102,PAY06102,Female,72,1,52.48,52.48,,2,No,Yes,Yes,No
CUST06103,CON06103,PAY06103,Male,21,54,29.29,1581.66,DSL,2,No,No,Yes,Yes
CUST06104,CON06104,PAY06104,Female,62,20,26.51,530.2,Fiber Optic,1,No,Yes,No,Yes
CUST06105,CON06105,PAY06105,Female,35,55,55.54,3054.7,Fiber Optic,2,No,No,Yes,Yes
CUST06106,CON06106,PAY06106,Female,64,28,62.85,1759.8,,2,No,Yes,Yes,Yes
CUST06107,CON06107,PAY06107,Male,53,48,102.44,4917.12,Cable,1,No,No,Yes,No
CUST06108,CON06108,PAY06108,Female,69,23,29.63,681.49,Fiber Optic,0,No,Yes,Yes,Yes
CUST06109,CON06109,PAY06109,Male,51,60,56.03,3361.8,Cable,8,Yes,Yes,No,No
CUST06110,CON06110,PAY06110,Female,33,57,99.38,5664.66,Fiber Optic,5,No,Yes,No,Yes
CUST06111,CON06111,PAY06111,Male,70,51,81.46,4154.46,,4,No,No,Yes,Yes
CUST06112,CON06112,PAY06112,Female,20,7,95.36,667.52,,1,No,Yes,Yes,No
CUST06113,CON06113,PAY06113,Female,18,10,102.45,1024.5,,2,No,Yes,Yes,No
CUST06114,CON06114,PAY06114,Male,62,62,27.12,1681.44,,0,No,Yes,Yes,No
CUST06115,CON06115,PAY06115,Male,30,26,98.88,2570.88,Fiber Optic,3,Yes,No,Yes,Yes
CUST06116,CON06116,PAY06116,Male,60,62,25.23,1564.26,,0,No,Yes,Yes,No
CUST06117,CON06117,PAY06117,Female,57,49,56.2,2753.8,,7,Yes,Yes,No,No
CUST06118,CON06118,PAY06118,Male,46,4,102.79,411.16,DSL,7,No,No,No,No
CUST06119,CON06119,PAY06119,Male,33,47,45.33,2130.51,Fiber Optic,7,No,Yes,No,Yes
CUST06120,CON06120,PAY06120,Male,36,61,95.67,5835.87,,5,Yes,No,Yes,Yes
CUST06121,CON06121,PAY06121,Female,63,72,80.58,5801.76,,6,Yes,No,No,Yes
CUST06122,CON06122,PAY06122,Male,56,68,58.58,3983.44,Fiber Optic,0,Yes,No,Yes,No
CUST06123,CON06123,PAY06123,Male,69,4,30.69,122.76,,5,Yes,No,Yes,No
CUST06124,CON06124,PAY06124,Female,23,9,102.47,922.23,,2,No,Yes,Yes,No
CUST06125,CON06125,PAY06125,Female,63,69,75.99,5243.31,,5,Yes,No,No,Yes
CUST06126,CON06126,PAY06126,Male,49,56,55.48,3106.88,Cable,0,No,Yes,No,No
CUST06127,CON06127,PAY06127,Female,49,13,33.47,435.11,Fiber Optic,6,No,Yes,Yes,Yes
CUST06128,CON06128,PAY06128,Female,54,45,96.79,4355.55,DSL,0,No,No,No,No
CUST06129,CON06129,PAY06129,Female,70,22,102.82,2262.04,Cable,2,No,No,Yes,No
CUST06130,CON06130,PAY06130,Female,33,47,64.45,3029.15,Fiber Optic,5,Yes,No,No,Yes
CUST06131,CON06131,PAY06131,Female,33,48,62.55,3002.4,Fiber Optic,5,Yes,No,No,Yes
CUST06132,CON06132,PAY06132,Male,18,14,51.84,725.76,Cable,3,Yes,Yes,No,Yes
CUST06133,CON06133,PAY06133,Male,21,54,33.47,1807.38,DSL,1,No,No,Yes,Yes
CUST06134,CON06134,PAY06134,Male,33,25,50.67,1266.75,,0,No,Yes,No,No
CUST06135,CON06135,PAY06135,Female,30,63,52.49,3306.87,Cable,2,No,Yes,Yes,No
CUST06136,CON06136,PAY06136,Female,48,3,55.45,166.35,DSL,3,Yes,No,Yes,No
CUST06137,CON06137,PAY06137,Male,68,54,32.6,1760.4,,4,No,Yes,Yes,No
CUST06138,CON06138,PAY06138,Female,76,1,33.03,33.03,Cable,1,Yes,Yes,Yes,Yes
CUST06139,CON06139,PAY06139,Male,34,4,57.42,229.68,,8,No,No,Yes,No
CUST06140,CON06140,PAY06140,Female,40,70,26.51,1855.7,DSL,0,No,Yes,No,No
CUST06141,CON06141,PAY06141,Male,58,67,82.59,5533.53,Fiber Optic,5,No,Yes,Yes,Yes
CUST06142,CON06142,PAY06142,Female,52,44,98.17,4319.48,DSL,0,No,No,No,No
CUST06143,CON06143,PAY06143,Female,52,32,98.04,3137.28,Cable,3,Yes,No,No,Yes
CUST06144,CON06144,PAY06144,Female,54,12,34.81,417.72,Fiber Optic,6,No,Yes,Yes,Yes
CUST06145,CON06145,PAY06145,Female,71,23,84.48,1943.04,Cable,0,Yes,Yes,No,Yes
CUST06146,CON06146,PAY06146,Male,61,62,31.25,1937.5,,0,No,Yes,Yes,No
CUST06147,CON06147,PAY06147,Female,55,70,97.88,6851.6,Fiber Optic,2,Yes,Yes,Yes,Yes
CUST06148,CON06148,PAY06148,Male,19,29,51.59,1496.11,,3,No,Yes,Yes,No
CUST06149,CON06149,PAY06149,Male,56,23,56.66,1303.18,Cable,5,Yes,Yes,Yes,Yes
CUST06150,CON06150,PAY06150,Male,49,44,45.84,2016.96,,4,No,No,Yes,No
CUST06151,CON06151,PAY06151,Male,18,22,30.71,675.62,DSL,0,No,Yes,No,Yes
CUST06152,CON06152,PAY06152,Male,46,5,99.04,495.2,DSL,5,No,No,No,No
CUST06153,CON06153,PAY06153,Female,21,46,98.76,4542.96,DSL,8,Yes,Yes,No,Yes
CUST06154,CON06154,PAY06154,Female,54,10,34.63,346.3,Fiber Optic,8,No,Yes,Yes,Yes
CUST06155,CON06155,PAY06155,Male,47,4,95.43,381.72,DSL,7,No,No,No,No
CUST06156,CON06156,PAY06156,Female,60,33,103.28,3408.24,,6,No,No,No,No
CUST06157,CON06157,PAY06157,Female,34,51,30.57,1559.07,Fiber Optic,7,No,Yes,No,Yes
CUST06158,CON06158,PAY06158,Male,23,46,33.18,1526.28,DSL,6,Yes,No,Yes,Yes
CUST06159,CON06159,PAY06159,Female,48,30,99.35,2980.5,Cable,4,Yes,No,No,Yes
CUST06160,CON06160,PAY06160,Female,30,40,28.78,1151.2,,1,No,No,No,Yes
CUST06161,CON06161,PAY06161,Female,76,37,60.04,2221.48,DSL,0,Yes,No,Yes,No
CUST06162,CON06162,PAY06162,Male,33,64,103.68,6635.52,,5,Yes,No,Yes,Yes
CUST06163,CON06163,PAY06163,Male,21,13,51.58,670.54,Cable,3,Yes,Yes,No,Yes
CUST06164,CON06164,PAY06164,Female,52,64,33.9,2169.6,Cable,4,Yes,No,Yes,Yes
CUST06165,CON06165,PAY06165,Female,76,70,46.88,3281.6,Cable,0,No,No,Yes,Yes
CUST06166,CON06166,PAY06166,Male,56,3,84.51,253.53,Fiber Optic,0,No,No,No,No
CUST06167,CON06167,PAY06167,Female,32,39,99.21,3869.19,Cable,0,Yes,Yes,Yes,No
CUST06168,CON06168,PAY06168,Male,38,47,62.18,2922.46,Fiber Optic,8,No,No,Yes,No
CUST06169,CON06169,PAY06169,Female,71,30,63.75,1912.5,Cable,0,Yes,No,Yes,Yes
CUST06170,CON06170,PAY06170,Male,69,60,76.58,4594.8,Cable,0,No,No,No,No
CUST06171,CON06171,PAY06171,Male,25,47,29.21,1372.87,DSL,4,Yes,No,Yes,Yes
CUST06172,CON06172,PAY06172,Female,40,66,33.78,2229.48,DSL,0,No,Yes,No,No
CUST06173,CON06173,PAY06173,Female,23,17,32.74,556.58,DSL,6,No,No,No,Yes
CUST06174,CON06174,PAY06174,Female,28,36,25.95,934.2,,2,No,No,No,Yes
CUST06175,CON06175,PAY06175,Female,72,20,102.16,2043.2,Cable,2,No,No,Yes,No
CUST06176,CON06176,PAY06176,Male,24,32,78.28,2504.96,Fiber Optic,7,Yes,Yes,No,Yes
CUST06177,CON06177,PAY06177,Female,44,12,77.6,931.2,Fiber Optic,1,No,Yes,No,Yes
CUST06178,CON06178,PAY06178,Male,52,65,78.79,5121.35,Fiber Optic,7,Yes,Yes,Yes,No
CUST06179,CON06179,PAY06179,Female,63,30,58.75,1762.5,,2,No,Yes,Yes,Yes
CUST06180,CON06180,PAY06180,Male,22,35,84.26,2949.1,Fiber Optic,6,Yes,Yes,No,Yes
CUST06181,CON06181,PAY06181,Female,72,24,79.13,1899.12,Cable,0,Yes,Yes,No,Yes
CUST06182,CON06182,PAY06182,Male,52,20,60.79,1215.8,Cable,4,Yes,Yes,Yes,Yes
CUST06183,CON06183,PAY06183,Male,58,71,81.7,5800.7,Fiber Optic,4,No,Yes,Yes,Yes
CUST06184,CON06184,PAY06184,Male,28,44,81.61,3590.84,DSL,4,No,No,No,No
CUST06185,CON06185,PAY06185,Female,19,60,101.5,6090.0,Fiber Optic,6,No,No,No,Yes
CUST06186,CON06186,PAY06186,Male,66,56,83.7,4687.2,Cable,0,No,No,No,No
CUST06187,CON06187,PAY06187,Female,71,72,50.49,3635.28,Cable,2,No,No,Yes,Yes
CUST06188,CON06188,PAY06188,Male,22,22,33.76,742.72,DSL,0,No,Yes,No,Yes
CUST06189,CON06189,PAY06189,Male,38,62,101.1,6268.2,,6,Yes,No,Yes,Yes
CUST06190,CON06190,PAY06190,Male,34,48,50.52,2424.96,Fiber Optic,8,No,Yes,No,Yes
CUST06191,CON06191,PAY06191,Male,34,20,63.17,1263.4,Fiber Optic,5,No,No,No,Yes
CUST06192,CON06192,PAY06192,Male,54,68,78.57,5342.76,Fiber Optic,7,Yes,Yes,Yes,No
CUST06193,CON06193,PAY06193,Male,55,51,99.07,5052.57,Cable,1,No,No,Yes,No
CUST06194,CON06194,PAY06194,Female,40,70,27.38,1916.6,DSL,0,No,Yes,No,No
CUST06195,CON06195,PAY06195,Female,68,35,53.34,1866.9,Cable,2,No,No,Yes,No
CUST06196,CON06196,PAY06196,Male,75,8,26.84,214.72,,6,Yes,No,Yes,No
CUST06197,CON06197,PAY06197,Female,73,49,64.29,3150.21,Cable,6,Yes,No,Yes,No
CUST06198,CON06198,PAY06198,Male,28,60,34.31,2058.6,Cable,8,Yes,Yes,Yes,Yes
CUST06199,CON06199,PAY06199,Female,72,1,52.16,52.16,,1,No,Yes,Yes,No
CUST06200,CON06200,PAY06200,Male,47,2,100.77,201.54,DSL,5,No,No,No,No
CUST06201,CON06201,PAY06201,Male,73,18,101.63,1829.34,,5,Yes,Yes,Yes,No
CUST06202,CON06202,PAY06202,Male,73,46,62.07,2855.22,Cable,8,No,Yes,No,Yes
CUST06203,CON06203,PAY06203,Female,19,8,98.97,791.76,,2,No,Yes,Yes,No
CUST06204,CON06204,PAY06204,Female,70,49,63.53,3112.97,Cable,4,Yes,No,Yes,No
CUST06205,CON06205,PAY06205,Female,63,7,33.22,232.54,,2,Yes,No,Yes,No
CUST06206,CON06206,PAY06206,Male,67,19,96.95,1842.05,,6,Yes,Yes,Yes,No
CUST06207,CON06207,PAY06207,Female,19,9,98.61,887.49,,2,No,Yes,Yes,No
CUST06208,CON06208,PAY06208,Female,76,72,54.2,3902.4,Cable,0,No,No,Yes,Yes
CUST06209,CON06209,PAY06209,Male,35,28,99.49,2785.72,Fiber Optic,4,Yes,No,Yes,Yes
CUST06210,CON06210,PAY06210,Female,44,31,53.16,1647.96,Fiber Optic,3,Yes,No,Yes,No
CUST06211,CON06211,PAY06211,Female,33,54,60.93,3290.22,Fiber Optic,3,No,No,Yes,Yes
CUST06212,CON06212,PAY06212,Male,29,3,63.79,191.37,,8,No,No,Yes,No
CUST06213,CON06213,PAY06213,Male,52,54,55.84,3015.36,Cable,2,No,Yes,No,No
CUST06214,CON06214,PAY06214,Female,29,45,56.58,2546.1,Fiber Optic,6,Yes,No,No,Yes
CUST06215,CON06215,PAY06215,Female,57,32,50.28,1608.96,DSL,6,Yes,Yes,No,Yes
CUST06216,CON06216,PAY06216,Female,24,21,34.66,727.86,Fiber Optic,1,No,No,No,No
CUST06217,CON06217,PAY06217,Female,63,59,102.23,6031.57,Cable,1,No,No,Yes,Yes
CUST06218,CON06218,PAY06218,Female,49,44,103.24,4542.56,DSL,2,No,No,No,No
CUST06219,CON06219,PAY06219,Female,32,35,97.28,3404.8,Cable,0,Yes,Yes,Yes,No
CUST06220,CON06220,PAY06220,Male,35,48,46.3,2222.4,Fiber Optic,8,No,Yes,No,Yes
CUST06221,CON06221,PAY06221,Male,27,34,59.55,2024.7,Fiber Optic,2,No,No,No,Yes
CUST06222,CON06222,PAY06222,Male,54,43,29.49,1268.07,,4,Yes,Yes,No,No
CUST06223,CON06223,PAY06223,Male,20,71,80.53,5717.63,DSL,5,No,No,No,No
CUST06224,CON06224,PAY06224,Female,69,49,57.38,2811.62,Cable,6,Yes,No,Yes,No
CUST06225,CON06225,PAY06225,Female,55,44,98.31,4325.64,DSL,1,No,No,No,No
CUST06226,CON06226,PAY06226,Female,68,28,60.31,1688.68,Cable,0,Yes,No,Yes,Yes
CUST06227,CON06227,PAY06227,Female,66,4,47.92,191.68,,1,No,Yes,Yes,No
CUST06228,CON06228,PAY06228,Male,75,7,29.91,209.37,,6,Yes,No,Yes,No
CUST06229,CON06229,PAY06229,Female,18,46,98.18,4516.28,DSL,6,Yes,Yes,No,Yes
CUST06230,CON06230,PAY06230,Male,21,12,53.4,640.8,Cable,5,Yes,Yes,No,Yes
CUST06231,CON06231,PAY06231,Male,23,54,34.87,1882.98,DSL,0,No,No,Yes,Yes
CUST06232,CON06232,PAY06232,Male,54,51,96.78,4935.78,Cable,0,No,No,Yes,No
CUST06233,CON06233,PAY06233,Male,63,60,34.27,2056.2,,0,No,Yes,Yes,No
CUST06234,CON06234,PAY06234,Female,55,71,96.17,6828.07,Fiber Optic,4,Yes,Yes,Yes,Yes
CUST06235,CON06235,PAY06235,Female,59,71,102.17,7254.07,Fiber Optic,4,Yes,Yes,Yes,Yes
CUST06236,CON06236,PAY06236,Male,30,58,31.61,1833.38,Cable,7,Yes,Yes,Yes,Yes
CUST06237,CON06237,PAY06237,Female,51,32,25.04,801.28,,5,No,No,Yes,Yes
CUST06238,CON06238,PAY06238,Female,31,35,98.8,3458.0,Cable,1,Yes,Yes,Yes,No
CUST06239,CON06239,PAY06239,Male,58,67,57.9,3879.3,Fiber Optic,1,Yes,No,Yes,No
CUST06240,CON06240,PAY06240,Female,60,72,75.92,5466.24,,6,Yes,No,No,Yes
CUST06241,CON06241,PAY06241,Male,29,56,27.97,1566.32,Cable,8,Yes,Yes,Yes,Yes
CUST06242,CON06242,PAY06242,Female,68,1,48.31,48.31,,1,No,Yes,Yes,No
CUST06243,CON06243,PAY06243,Male,70,22,102.19,2248.18,,6,Yes,Yes,Yes,No
CUST06244,CON06244,PAY06244,Female,18,63,95.45,6013.35,Fiber Optic,7,No,No,No,Yes
CUST06245,CON06245,PAY06245,Female,62,30,58.62,1758.6,,2,No,No,Yes,Yes
CUST06246,CON06246,PAY06246,Male,54,41,30.06,1232.46,,5,Yes,Yes,No,No
CUST06247,CON06247,PAY06247,Female,53,71,101.39,7198.69,Fiber Optic,4,Yes,Yes,Yes,Yes
CUST06248,CON06248,PAY06248,Female,37,48,25.17,1208.16,Fiber Optic,5,No,Yes,No,Yes
CUST06249,CON06249,PAY06249,Female,37,47,28.17,1323.99,Fiber Optic,7,No,Yes,No,Yes
CUST06250,CON06250,PAY06250,Female,40,48,62.08,2979.84,,3,Yes,Yes,No,No
CUST06251,CON06251,PAY06251,Female,66,25,30.23,755.75,Fiber Optic,1,No,Yes,Yes,Yes
CUST06252,CON06252,PAY06252,Female,60,32,95.96,3070.72,,7,No,No,No,No
CUST06253,CON06253,PAY06253,Male,64,60,29.43,1765.8,,0,No,Yes,Yes,No
CUST06254,CON06254,PAY06254,Male,36,45,64.24,2890.8,Fiber Optic,7,No,No,Yes,No
CUST06255,CON06255,PAY06255,Female,71,29,62.99,1826.71,Cable,2,Yes,No,Yes,Yes
CUST06256,CON06256,PAY06256,Male,67,52,81.45,4235.4,,5,No,No,Yes,Yes
CUST06257,CON06257,PAY06257,Female,44,31,50.89,1577.59,Fiber Optic,4,Yes,No,Yes,No
CUST06258,CON06258,PAY06258,Male,51,59,56.55,3336.45,Cable,8,Yes,Yes,No,No
CUST06259,CON06259,PAY06259,Female,70,1,52.75,52.75,,1,No,Yes,Yes,No
CUST06260,CON06260,PAY06260,Male,49,64,78.55,5027.2,Fiber Optic,6,Yes,Yes,Yes,No
CUST06261,CON06261,PAY06261,Male,72,46,63.55,2923.3,Cable,6,No,Yes,No,Yes
CUST06262,CON06262,PAY06262,Male,20,34,78.66,2674.44,Fiber Optic,6,Yes,Yes,No,Yes
CUST06263,CON06263,PAY06263,Male,23,47,26.15,1229.05,DSL,5,Yes,No,Yes,Yes
CUST06264,CON06264,PAY06264,Female,65,6,26.68,160.08,,2,Yes,No,Yes,No
CUST06265,CON06265,PAY06265,Female,44,6,57.67,346.02,DSL,4,No,Yes,Yes,No
CUST06266,CON06266,PAY06266,Female,25,18,32.35,582.3,DSL,5,No,No,No,Yes
CUST06267,CON06267,PAY06267,Female,38,47,32.09,1508.23,Fiber Optic,7,No,Yes,No,Yes
CUST06268,CON06268,PAY06268,Female,58,72,81.44,5863.68,,5,Yes,No,No,Yes
CUST06269,CON06269,PAY06269,Female,61,18,34.34,618.12,Fiber Optic,2,No,Yes,No,Yes
CUST06270,CON06270,PAY06270,Male,55,60,59.31,3558.6,Cable,7,Yes,Yes,No,No
CUST06271,CON06271,PAY06271,Male,49,5,99.59,497.95,DSL,6,No,No,No,No
CUST06272,CON06272,PAY06272,Male,71,55,28.68,1577.4,,5,No,Yes,Yes,No
CUST06273,CON06273,PAY06273,Female,40,11,83.45,917.95,Fiber Optic,2,No,Yes,No,Yes
CUST06274,CON06274,PAY06274,Female,69,45,59.93,2696.85,Fiber Optic,7,No,No,Yes,Yes
CUST06275,CON06275,PAY06275,Female,31,48,59.24,2843.52,Fiber Optic,6,Yes,No,No,Yes
CUST06276,CON06276,PAY06276,Female,22,10,104.48,1044.8,,3,No,Yes,Yes,No
CUST06277,CON06277,PAY06277,Female,41,66,31.01,2046.66,DSL,2,No,No,Yes,Yes
CUST06278,CON06278,PAY06278,Male,75,34,83.38,2834.92,Fiber Optic,6,No,No,No,Yes
CUST06279,CON06279,PAY06279,Male,64,60,78.73,4723.8,Cable,0,No,No,No,No
CUST06280,CON06280,PAY06280,Male,30,3,56.42,169.26,,7,No,No,Yes,No
CUST06281,CON06281,PAY06281,Female,39,49,64.24,3147.76,,4,Yes,Yes,No,No
CUST06282,CON06282,PAY06282,Male,37,61,99.13,6046.93,,6,Yes,No,Yes,Yes
CUST06283,CON06283,PAY06283,Female,33,39,99.15,3866.85,Cable,0,Yes,Yes,Yes,No
CUST06284,CON06284,PAY06284,Female,53,67,26.5,1775.5,Cable,4,Yes,No,Yes,Yes
CUST06285,CON06285,PAY06285,Male,54,66,34.14,2253.24,Cable,4,No,No,No,Yes
CUST06286,CON06286,PAY06286,Female,32,59,102.99,6076.41,Fiber Optic,5,No,Yes,No,Yes
CUST06287,CON06287,PAY06287,Female,30,61,54.44,3320.84,Cable,2,No,Yes,Yes,No
CUST06288,CON06288,PAY06288,Male,20,37,52.56,1944.72,Cable,8,Yes,Yes,Yes,Yes
CUST06289,CON06289,PAY06289,Male,30,34,61.4,2087.6,Fiber Optic,2,No,No,No,Yes
CUST06290,CON06290,PAY06290,Female,63,31,57.5,1782.5,,1,No,Yes,Yes,Yes
CUST06291,CON06291,PAY06291,Male,33,17,76.98,1308.66,DSL,0,Yes,No,Yes,No
CUST06292,CON06292,PAY06292,Female,73,41,60.64,2486.24,DSL,1,Yes,No,Yes,No
CUST06293,CON06293,PAY06293,Female,46,6,63.43,380.58,DSL,4,No,Yes,Yes,No
CUST06294,CON06294,PAY06294,Female,60,25,76.07,1901.75,DSL,4,Yes,Yes,No,No
CUST06295,CON06295,PAY06295,Male,32,25,51.41,1285.25,,0,No,Yes,No,No
CUST06296,CON06296,PAY06296,Male,70,53,29.88,1583.64,,5,No,Yes,Yes,No
CUST06297,CON06297,PAY06297,Male,37,19,62.91,1195.29,Fiber Optic,3,No,No,No,Yes
CUST06298,CON06298,PAY06298,Male,58,22,62.23,1369.06,Cable,6,Yes,Yes,Yes,Yes
CUST06299,CON06299,PAY06299,Male,66,49,81.22,3979.78,,4,No,No,Yes,Yes
CUST06300,CON06300,PAY06300,Male,53,2,57.89,115.78,Cable,5,Yes,Yes,No,No
CUST06301,CON06301,PAY06301,Male,27,26,83.29,2165.54,Cable,0,No,No,Yes,No
CUST06302,CON06302,PAY06302,Female,52,11,32.75,360.25,Fiber Optic,6,No,Yes,Yes,Yes
CUST06303,CON06303,PAY06303,Female,64,29,57.02,1653.58,,0,No,Yes,Yes,Yes
CUST06304,CON06304,PAY06304,Male,31,57,26.04,1484.28,Cable,7,Yes,Yes,Yes,Yes
CUST06305,CON06305,PAY06305,Female,21,61,99.88,6092.68,Fiber Optic,8,No,No,No,Yes
CUST06306,CON06306,PAY06306,Male,53,2,77.35,154.7,Fiber Optic,0,No,No,No,No
CUST06307,CON06307,PAY06307,Male,69,54,25.96,1401.84,,3,No,Yes,Yes,No
CUST06308,CON06308,PAY06308,Male,19,35,81.5,2852.5,Fiber Optic,7,Yes,Yes,No,Yes
CUST06309,CON06309,PAY06309,Male,60,67,32.29,2163.43,Cable,5,No,No,No,Yes
CUST06310,CON06310,PAY06310,Female,44,6,64.32,385.92,DSL,5,No,Yes,Yes,No
CUST06311,CON06311,PAY06311,Male,24,29,83.68,2426.72,Cable,0,No,No,Yes,No
CUST06312,CON06312,PAY06312,Male,54,24,56.61,1358.64,Cable,5,Yes,Yes,Yes,Yes
CUST06313,CON06313,PAY06313,Male,20,33,84.67,2794.11,DSL,7,Yes,No,No,No
CUST06314,CON06314,PAY06314,Male,34,5,55.81,279.05,,7,No,No,Yes,No
CUST06315,CON06315,PAY06315,Female,33,56,63.64,3563.84,Fiber Optic,3,No,No,Yes,Yes
CUST06316,CON06316,PAY06316,Male,35,48,53.91,2587.68,Fiber Optic,8,No,Yes,No,Yes
CUST06317,CON06317,PAY06317,Female,61,70,83.17,5821.9,,6,Yes,No,No,Yes
CUST06318,CON06318,PAY06318,Male,22,36,50.74,1826.64,Fiber Optic,0,Yes,No,No,No
CUST06319,CON06319,PAY06319,Male,55,1,84.77,84.77,Fiber Optic,0,No,No,No,No
CUST06320,CON06320,PAY06320,Female,59,33,100.88,3329.04,,5,No,No,No,No
CUST06321,CON06321,PAY06321,Male,74,47,62.2,2923.4,Cable,8,No,Yes,No,Yes
CUST06322,CON06322,PAY06322,Male,55,51,103.17,5261.67,Cable,1,No,No,Yes,No
CUST06323,CON06323,PAY06323,Female,48,32,101.83,3258.56,Cable,5,Yes,No,No,Yes
CUST06324,CON06324,PAY06324,Female,41,68,29.83,2028.44,DSL,0,No,Yes,No,No
CUST06325,CON06325,PAY06325,Male,70,6,83.71,502.26,,0,Yes,No,Yes,Yes
CUST06326,CON06326,PAY06326,Female,21,6,97.93,587.58,,3,No,Yes,Yes,No
CUST06327,CON06327,PAY06327,Male,28,25,82.0,2050.0,Cable,0,No,No,Yes,No
CUST06328,CON06328,PAY06328,Female,32,49,26.9,1318.1,Fiber Optic,5,No,Yes,No,Yes
CUST06329,CON06329,PAY06329,Male,34,20,58.38,1167.6,Fiber Optic,4,No,No,No,Yes
CUST06330,CON06330,PAY06330,Female,31,37,27.0,999.0,,2,No,No,No,Yes
CUST06331,CON06331,PAY06331,Female,65,5,29.3,146.5,,2,Yes,No,Yes,No
CUST06332,CON06332,PAY06332,Male,18,14,49.46,692.44,Cable,5,Yes,Yes,No,Yes
CUST06333,CON06333,PAY06333,Male,21,13,50.62,658.06,Cable,3,Yes,Yes,No,Yes
CUST06334,CON06334,PAY06334,Female,37,48,34.46,1654.08,Fiber Optic,6,No,Yes,No,Yes
CUST06335,CON06335,PAY06335,Female,20,7,96.83,677.81,,3,No,Yes,Yes,No
CUST06336,CON06336,PAY06336,Female,68,50,61.21,3060.5,Cable,5,Yes,No,Yes,No
CUST06337,CON06337,PAY06337,Female,34,51,28.27,1441.77,Fiber Optic,7,No,Yes,No,Yes
CUST06338,CON06338,PAY06338,Female,48,30,97.87,2936.1,Cable,4,Yes,No,No,Yes
CUST06339,CON06339,PAY06339,Male,63,70,76.35,5344.5,Fiber Optic,4,No,Yes,Yes,Yes
CUST06340,CON06340,PAY06340,Female,54,12,25.98,311.76,Fiber Optic,8,No,Yes,Yes,Yes
CUST06341,CON06341,PAY06341,Female,65,27,57.34,1548.18,,2,No,No,Yes,Yes
CUST06342,CON06342,PAY06342,Male,67,56,83.7,4687.2,Cable,1,No,No,No,No
CUST06343,CON06343,PAY06343,Female,70,18,102.03,1836.54,Cable,3,No,No,Yes,No
CUST06344,CON06344,PAY06344,Male,56,3,62.1,186.3,Cable,4,Yes,Yes,No,No
CUST06345,CON06345,PAY06345,Female,40,8,64.1,512.8,DSL,5,No,Yes,Yes,No
CUST06346,CON06346,PAY06346,Female,60,26,75.62,1966.12,DSL,4,Yes,Yes,No,No
CUST06347,CON06347,PAY06347,Male,52,3,104.41,313.23,DSL,7,No,No,No,No
CUST06348,CON06348,PAY06348,Female,63,4,34.94,139.76,,2,Yes,No,Yes,No
CUST06349,CON06349,PAY06349,Female,32,36,30.29,1090.44,,2,No,No,No,Yes
CUST06350,CON06350,PAY06350,Male,25,36,60.95,2194.2,Fiber Optic,2,No,No,No,Yes
CUST06351,CON06351,PAY06351,Female,58,22,76.56,1684.32,DSL,3,Yes,Yes,No,No
CUST06352,CON06352,PAY06352,Female,69,24,34.38,825.12,Fiber Optic,0,No,Yes,Yes,Yes
CUST06353,CON06353,PAY06353,Male,59,45,26.6,1197.0,,4,Yes,Yes,No,No
CUST06354,CON06354,PAY06354,Male,20,37,49.45,1829.65,Cable,7,Yes,Yes,Yes,Yes
CUST06355,CON06355,PAY06355,Female,68,6,32.35,194.1,,2,Yes,No,Yes,No
CUST06356,CON06356,PAY06356,Male,19,11,54.02,594.22,Cable,3,Yes,Yes,No,Yes
CUST06357,CON06357,PAY06357,Female,20,10,95.52,955.2,,1,No,Yes,Yes,No
CUST06358,CON06358,PAY06358,Male,29,16,77.38,1238.08,DSL,0,Yes,No,Yes,No
CUST06359,CON06359,PAY06359,Male,63,67,78.99,5292.33,Fiber Optic,5,No,Yes,Yes,Yes
CUST06360,CON06360,PAY06360,Female,73,72,49.06,3532.32,Cable,1,No,No,Yes,Yes
CUST06361,CON06361,PAY06361,Male,72,7,78.65,550.55,,2,Yes,No,Yes,Yes
CUST06362,CON06362,PAY06362,Male,23,27,83.52,2255.04,Cable,1,No,No,Yes,No
CUST06363,CON06363,PAY06363,Female,59,72,82.97,5973.84,,6,Yes,No,No,Yes
CUST06364,CON06364,PAY06364,Female,18,47,100.65,4730.55,DSL,8,Yes,Yes,No,Yes
CUST06365,CON06365,PAY06365,Male,51,61,55.74,3400.14,Cable,9,Yes,Yes,No,No
CUST06366,CON06366,PAY06366,Male,68,19,100.02,1900.38,,6,Yes,Yes,Yes,No
CUST06367,CON06367,PAY06367,Female,51,11,25.68,282.48,Fiber Optic,7,No,Yes,Yes,Yes
CUST06368,CON06368,PAY06368,Male,71,7,78.24,547.68,,2,Yes,No,Yes,Yes
CUST06369,CON06369,PAY06369,Male,52,47,54.41,2557.27,,3,No,No,Yes,No
CUST06370,CON06370,PAY06370,Female,48,2,56.56,113.12,DSL,5,Yes,No,Yes,No
CUST06371,CON06371,PAY06371,Female,46,9,64.68,582.12,DSL,5,No,Yes,Yes,No
CUST06372,CON06372,PAY06372,Male,24,35,47.46,1661.1,Fiber Optic,0,Yes,No,No,No
CUST06373,CON06373,PAY06373,Male,73,24,61.94,1486.56,Cable,1,Yes,No,Yes,Yes
CUST06374,CON06374,PAY06374,Male,35,48,55.75,2676.0,Fiber Optic,8,No,No,Yes,No
CUST06375,CON06375,PAY06375,Male,68,19,98.46,1870.74,,5,Yes,Yes,Yes,No
CUST06376,CON06376,PAY06376,Male,54,43,25.8,1109.4,,4,Yes,Yes,No,No
CUST06377,CON06377,PAY06377,Female,48,29,95.14,2759.06,Cable,5,Yes,No,No,Yes
CUST06378,CON06378,PAY06378,Female,27,44,59.38,2612.72,Fiber Optic,7,Yes,No,No,Yes
CUST06379,CON06379,PAY06379,Male,57,28,99.33,2781.24,,9,Yes,No,Yes,No
CUST06380,CON06380,PAY06380,Female,69,3,45.04,135.12,,1,No,Yes,Yes,No
CUST06381,CON06381,PAY06381,Male,52,1,75.61,75.61,Fiber Optic,0,No,No,No,No
CUST06382,CON06382,PAY06382,Male,34,7,58.06,406.42,,9,No,No,Yes,No
CUST06383,CON06383,PAY06383,Female,30,47,63.37,2978.39,Fiber Optic,5,Yes,No,No,Yes
CUST06384,CON06384,PAY06384,Male,56,22,59.67,1312.74,Cable,6,Yes,Yes,Yes,Yes
CUST06385,CON06385,PAY06385,Male,57,2,83.88,167.76,Fiber Optic,0,No,No,No,No
CUST06386,CON06386,PAY06386,Female,68,3,54.49,163.47,,2,No,Yes,Yes,No
CUST06387,CON06387,PAY06387,Male,77,25,61.27,1531.75,DSL,0,No,Yes,No,No
CUST06388,CON06388,PAY06388,Male,71,6,29.95,179.7,,4,Yes,No,Yes,No
CUST06389,CON06389,PAY06389,Male,56,31,103.15,3197.65,,9,Yes,No,Yes,No
CUST06390,CON06390,PAY06390,Female,62,30,59.8,1794.0,,2,No,Yes,Yes,Yes
CUST06391,CON06391,PAY06391,Female,34,53,55.36,2934.08,Fiber Optic,2,No,No,Yes,Yes
CUST06392,CON06392,PAY06392,Female,50,6,58.68,352.08,DSL,4,Yes,No,Yes,No
CUST06393,CON06393,PAY06393,Male,56,21,63.04,1323.84,Cable,6,Yes,Yes,Yes,Yes
CUST06394,CON06394,PAY06394,Male,77,22,62.58,1376.76,DSL,2,No,Yes,No,No
CUST06395,CON06395,PAY06395,Male,64,59,25.58,1509.22,,1,No,Yes,Yes,No
CUST06396,CON06396,PAY06396,Female,66,35,50.15,1755.25,Cable,2,No,No,Yes,No
CUST06397,CON06397,PAY06397,Male,32,48,49.26,2364.48,Fiber Optic,7,No,Yes,No,Yes
CUST06398,CON06398,PAY06398,Male,63,60,81.54,4892.4,Cable,0,No,No,No,No
CUST06399,CON06399,PAY06399,Male,34,6,59.97,359.82,,8,No,No,Yes,No
CUST06400,CON06400,PAY06400,Male,28,37,54.59,2019.83,Fiber Optic,2,Yes,No,No,No
CUST06401,CON06401,PAY06401,Male,33,60,33.86,2031.6,Cable,7,Yes,Yes,Yes,Yes
CUST06402,CON06402,PAY06402,Male,71,54,34.96,1887.84,,3,No,Yes,Yes,No
CUST06403,CON06403,PAY06403,Male,51,50,95.24,4762.0,Cable,0,No,No,Yes,No
CUST06404,CON06404,PAY06404,Female,51,13,29.3,380.9,Fiber Optic,7,No,Yes,Yes,Yes
CUST06405,CON06405,PAY06405,Male,72,7,80.28,561.96,,2,Yes,No,Yes,Yes
CUST06406,CON06406,PAY06406,Male,35,44,55.76,2453.44,Fiber Optic,8,No,No,Yes,No
CUST06407,CON06407,PAY06407,Male,59,65,32.63,2120.95,Cable,5,No,No,No,Yes
CUST06408,CON06408,PAY06408,Male,68,47,61.01,2867.47,Cable,7,No,Yes,No,Yes
CUST06409,CON06409,PAY06409,Female,75,22,77.3,1700.6,Cable,0,Yes,Yes,No,Yes
CUST06410,CON06410,PAY06410,Female,55,71,95.99,6815.29,Fiber Optic,3,Yes,Yes,Yes,Yes
CUST06411,CON06411,PAY06411,Female,62,17,28.04,476.68,Fiber Optic,2,No,Yes,No,Yes
CUST06412,CON06412,PAY06412,Female,68,4,77.21,308.84,,7,No,No,No,Yes
CUST06413,CON06413,PAY06413,Male,50,5,100.79,503.95,DSL,6,No,No,No,No
CUST06414,CON06414,PAY06414,Female,32,58,98.53,5714.74,Fiber Optic,6,No,Yes,No,Yes
CUST06415,CON06415,PAY06415,Female,34,36,96.35,3468.6,Cable,0,Yes,Yes,Yes,No
CUST06416,CON06416,PAY06416,Male,37,61,102.19,6233.59,,7,Yes,No,Yes,Yes
CUST06417,CON06417,PAY06417,Male,29,46,32.76,1506.96,DSL,5,Yes,No,Yes,Yes
CUST06418,CON06418,PAY06418,Female,42,12,83.14,997.68,Fiber Optic,1,No,Yes,No,Yes
CUST06419,CON06419,PAY06419,Female,71,50,59.26,2963.0,Cable,4,Yes,No,Yes,No
CUST06420,CON06420,PAY06420,Male,18,22,34.8,765.6,DSL,0,No,Yes,No,Yes
CUST06421,CON06421,PAY06421,Male,74,22,63.68,1400.96,DSL,1,No,Yes,No,No
CUST06422,CON06422,PAY06422,Male,52,55,61.95,3407.25,Cable,0,No,Yes,No,No
CUST06423,CON06423,PAY06423,Female,23,68,46.08,3133.44,DSL,8,No,No,No,Yes
CUST06424,CON06424,PAY06424,Female,59,69,95.53,6591.57,Fiber Optic,2,Yes,Yes,Yes,Yes
CUST06425,CON06425,PAY06425,Female,31,59,101.81,6006.79,Fiber Optic,4,No,Yes,No,Yes
CUST06426,CON06426,PAY06426,Male,27,46,33.03,1519.38,DSL,5,Yes,No,Yes,Yes
CUST06427,CON06427,PAY06427,Female,56,72,102.7,7394.4,Fiber Optic,2,Yes,Yes,Yes,Yes
CUST06428,CON06428,PAY06428,Male,21,13,45.84,595.92,Cable,5,Yes,Yes,No,Yes
CUST06429,CON06429,PAY06429,Female,66,2,54.72,109.44,,2,No,Yes,Yes,No
CUST06430,CON06430,PAY06430,Female,18,46,104.72,4817.12,DSL,8,Yes,Yes,No,Yes
CUST06431,CON06431,PAY06431,Female,65,19,33.76,641.44,Fiber Optic,0,No,Yes,No,Yes
CUST06432,CON06432,PAY06432,Female,38,50,64.58,3229.0,,5,Yes,Yes,No,No
CUST06433,CON06433,PAY06433,Male,53,31,95.85,2971.35,,8,Yes,No,Yes,No
CUST06434,CON06434,PAY06434,Female,29,44,63.99,2815.56,Fiber Optic,7,Yes,No,No,Yes
CUST06435,CON06435,PAY06435,Male,37,21,58.1,1220.1,Fiber Optic,3,No,No,No,Yes
CUST06436,CON06436,PAY06436,Male,57,51,100.42,5121.42,Cable,0,No,No,Yes,No
CUST06437,CON06437,PAY06437,Female,18,59,99.87,5892.33,Fiber Optic,8,No,No,No,Yes
CUST06438,CON06438,PAY06438,Male,71,6,76.33,457.98,,2,Yes,No,Yes,Yes
CUST06439,CON06439,PAY06439,Male,67,4,79.97,319.88,,2,Yes,No,Yes,Yes
CUST06440,CON06440,PAY06440,Female,62,59,98.51,5812.09,Cable,0,No,No,Yes,Yes
CUST06441,CON06441,PAY06441,Female,31,11,98.48,1083.28,Fiber Optic,1,Yes,Yes,No,No
CUST06442,CON06442,PAY06442,Female,63,61,99.24,6053.64,Cable,0,No,No,Yes,Yes
CUST06443,CON06443,PAY06443,Male,56,2,75.43,150.86,Fiber Optic,0,No,No,No,No
CUST06444,CON06444,PAY06444,Male,19,14,53.89,754.46,Cable,3,Yes,Yes,No,Yes
CUST06445,CON06445,PAY06445,Male,69,50,75.2,3760.0,,5,No,No,Yes,Yes
CUST06446,CON06446,PAY06446,Female,57,51,61.3,3126.3,,6,Yes,Yes,No,No
CUST06447,CON06447,PAY06447,Male,23,32,84.59,2706.88,Fiber Optic,8,Yes,Yes,No,Yes
CUST06448,CON06448,PAY06448,Female,27,17,31.41,533.97,DSL,6,No,No,No,Yes
CUST06449,CON06449,PAY06449,Female,64,27,34.7,936.9,Fiber Optic,1,No,Yes,Yes,Yes
CUST06450,CON06450,PAY06450,Male,33,49,52.55,2574.95,Fiber Optic,7,No,Yes,No,Yes
CUST06451,CON06451,PAY06451,Female,57,33,99.23,3274.59,,6,No,No,No,No
CUST06452,CON06452,PAY06452,Female,32,50,27.96,1398.0,Fiber Optic,5,No,Yes,No,Yes
CUST06453,CON06453,PAY06453,Female,44,66,30.86,2036.76,DSL,0,No,Yes,No,No
CUST06454,CON06454,PAY06454,Male,55,65,27.89,1812.85,Cable,5,No,No,No,Yes
CUST06455,CON06455,PAY06455,Female,20,68,54.61,3713.48,DSL,8,No,No,No,Yes
CUST06456,CON06456,PAY06456,Female,67,5,34.1,170.5,,4,Yes,No,Yes,No
CUST06457,CON06457,PAY06457,Female,57,26,80.51,2093.26,DSL,4,Yes,Yes,No,No
CUST06458,CON06458,PAY06458,Female,74,23,84.97,1954.31,Cable,0,Yes,Yes,No,Yes
CUST06459,CON06459,PAY06459,Male,36,50,48.66,2433.0,Fiber Optic,8,No,Yes,No,Yes
CUST06460,CON06460,PAY06460,Male,53,30,101.77,3053.1,,8,Yes,No,Yes,No
CUST06461,CON06461,PAY06461,Female,33,44,58.14,2558.16,Fiber Optic,5,Yes,No,No,Yes
CUST06462,CON06462,PAY06462,Male,71,47,63.32,2976.04,Cable,7,No,Yes,No,Yes
CUST06463,CON06463,PAY06463,Male,52,58,59.16,3431.28,Cable,1,No,Yes,No,No
CUST06464,CON06464,PAY06464,Female,31,14,102.14,1429.96,Fiber Optic,1,Yes,Yes,No,No
CUST06465,CON06465,PAY06465,Male,57,31,100.36,3111.16,,8,Yes,No,Yes,No
CUST06466,CON06466,PAY06466,Male,27,59,25.77,1520.43,Cable,8,Yes,Yes,Yes,Yes
CUST06467,CON06467,PAY06467,Male,72,24,55.24,1325.76,DSL,2,No,Yes,No,No
CUST06468,CON06468,PAY06468,Male,51,48,53.3,2558.4,,3,No,No,Yes,No
CUST06469,CON06469,PAY06469,Male,18,36,80.9,2912.4,DSL,8,Yes,No,No,No
CUST06470,CON06470,PAY06470,Male,64,70,81.89,5732.3,Fiber Optic,4,No,Yes,Yes,Yes
CUST06471,CON06471,PAY06471,Male,53,5,64.87,324.35,Cable,3,Yes,Yes,No,No
CUST06472,CON06472,PAY06472,Female,29,45,62.06,2792.7,Fiber Optic,5,Yes,No,No,Yes
CUST06473,CON06473,PAY06473,Male,57,43,33.4,1436.2,,3,Yes,Yes,No,No
CUST06474,CON06474,PAY06474,Male,75,36,76.91,2768.76,Fiber Optic,7,No,No,No,Yes
CUST06475,CON06475,PAY06475,Female,64,30,59.51,1785.3,,2,No,No,Yes,Yes
CUST06476,CON06476,PAY06476,Male,66,57,82.9,4725.3,Cable,1,No,No,No,No
CUST06477,CON06477,PAY06477,Female,30,10,95.18,951.8,Fiber Optic,3,Yes,Yes,No,No
CUST06478,CON06478,PAY06478,Female,30,11,98.74,1086.14,Fiber Optic,2,Yes,Yes,No,No
CUST06479,CON06479,PAY06479,Male,76,37,75.27,2784.99,Fiber Optic,5,No,No,No,Yes
CUST06480,CON06480,PAY06480,Female,68,26,26.81,697.06,Fiber Optic,1,No,Yes,Yes,Yes
CUST06481,CON06481,PAY06481,Female,72,18,95.36,1716.48,Cable,3,No,No,Yes,No
CUST06482,CON06482,PAY06482,Female,23,20,28.01,560.2,DSL,6,No,No,No,Yes
CUST06483,CON06483,PAY06483,Female,53,30,100.25,3007.5,Cable,3,Yes,No,No,Yes
CUST06484,CON06484,PAY06484,Female,57,32,98.72,3159.04,,6,No,No,No,No
CUST06485,CON06485,PAY06485,Female,42,13,82.53,1072.89,Fiber Optic,2,No,Yes,No,Yes
CUST06486,CON06486,PAY06486,Male,40,19,57.03,1083.57,Fiber Optic,4,No,No,No,Yes
CUST06487,CON06487,PAY06487,Female,48,41,75.61,3100.01,DSL,6,No,No,No,Yes
CUST06488,CON06488,PAY06488,Female,71,19,102.6,1949.4,Cable,2,No,No,Yes,No
CUST06489,CON06489,PAY06489,Female,50,33,103.87,3427.71,Cable,5,Yes,No,No,Yes
CUST06490,CON06490,PAY06490,Female,70,29,31.98,927.42,Cable,4,No,Yes,Yes,No
CUST06491,CON06491,PAY06491,Female,70,34,52.71,1792.14,Cable,2,No,No,Yes,No
CUST06492,CON06492,PAY06492,Male,68,55,26.23,1442.65,,3,No,Yes,Yes,No
CUST06493,CON06493,PAY06493,Female,30,61,49.7,3031.7,Cable,0,No,Yes,Yes,No
CUST06494,CON06494,PAY06494,Male,27,49,27.66,1355.34,DSL,5,Yes,No,Yes,Yes
CUST06495,CON06495,PAY06495,Female,38,50,55.34,2767.0,,3,Yes,Yes,No,No
CUST06496,CON06496,PAY06496,Male,38,64,100.86,6455.04,,6,Yes,No,Yes,Yes
CUST06497,CON06497,PAY06497,Male,33,47,62.19,2922.93,Fiber Optic,9,No,No,Yes,No
CUST06498,CON06498,PAY06498,Female,68,44,56.11,2468.84,Fiber Optic,6,No,No,Yes,Yes
CUST06499,CON06499,PAY06499,Male,29,28,95.17,2664.76,Fiber Optic,4,Yes,No,Yes,Yes
CUST06500,CON06500,PAY06500,Female,56,33,50.09,1652.97,DSL,7,Yes,Yes,No,Yes
CUST06501,CON06501,PAY06501,Male,54,23,57.21,1315.83,Cable,5,Yes,Yes,Yes,Yes
CUST06502,CON06502,PAY06502,Male,74,38,81.13,3082.94,Fiber Optic,6,No,No,No,Yes
CUST06503,CON06503,PAY06503,Male,25,38,51.13,1942.94,Fiber Optic,2,Yes,No,No,No
CUST06504,CON06504,PAY06504,Female,72,52,60.58,3150.16,Cable,4,Yes,No,Yes,No
CUST06505,CON06505,PAY06505,Male,37,18,60.16,1082.88,Fiber Optic,5,No,No,No,Yes
CUST06506,CON06506,PAY06506,Male,74,22,61.47,1352.34,Cable,1,Yes,No,Yes,Yes
CUST06507,CON06507,PAY06507,Female,43,29,46.59,1351.11,Fiber Optic,4,Yes,No,Yes,No
CUST06508,CON06508,PAY06508,Male,66,61,34.58,2109.38,,2,No,Yes,Yes,No
CUST06509,CON06509,PAY06509,Female,33,38,104.0,3952.0,Cable,0,Yes,Yes,Yes,No
CUST06510,CON06510,PAY06510,Female,72,70,46.51,3255.7,Cable,0,No,No,Yes,Yes
CUST06511,CON06511,PAY06511,Male,24,39,50.11,1954.29,Cable,7,Yes,Yes,Yes,Yes
CUST06512,CON06512,PAY06512,Female,57,70,100.47,7032.9,Fiber Optic,4,Yes,Yes,Yes,Yes
CUST06513,CON06513,PAY06513,Male,36,45,64.08,2883.6,Fiber Optic,7,No,No,Yes,No
CUST06514,CON06514,PAY06514,Female,63,29,55.59,1612.11,,0,No,Yes,Yes,Yes
CUST06515,CON06515,PAY06515,Male,30,33,58.1,1917.3,Fiber Optic,1,No,No,No,Yes
CUST06516,CON06516,PAY06516,Female,18,10,100.99,1009.9,,1,No,Yes,Yes,No
CUST06517,CON06517,PAY06517,Male,22,40,52.25,2090.0,Cable,8,Yes,Yes,Yes,Yes
CUST06518,CON06518,PAY06518,Male,48,4,100.86,403.44,DSL,5,No,No,No,No
CUST06519,CON06519,PAY06519,Female,63,18,31.9,574.2,Fiber Optic,0,No,Yes,No,Yes
CUST06520,CON06520,PAY06520,Female,56,35,49.6,1736.0,DSL,6,Yes,Yes,No,Yes
CUST06521,CON06521,PAY06521,Female,70,48,62.41,2995.68,Cable,5,Yes,No,Yes,No
CUST06522,CON06522,PAY06522,Male,48,57,55.12,3141.84,Cable,1,No,Yes,No,No
CUST06523,CON06523,PAY06523,Female,44,68,29.85,2029.8,DSL,1,No,Yes,No,No
CUST06524,CON06524,PAY06524,Male,48,58,62.62,3631.96,Cable,2,No,Yes,No,No
CUST06525,CON06525,PAY06525,Female,22,7,100.53,703.71,,3,No,Yes,Yes,No
CUST06526,CON06526,PAY06526,Male,20,38,54.51,2071.38,Cable,9,Yes,Yes,Yes,Yes
CUST06527,CON06527,PAY06527,Male,53,24,63.14,1515.36,Cable,5,Yes,Yes,Yes,Yes
CUST06528,CON06528,PAY06528,Male,72,18,100.65,1811.7,,4,Yes,Yes,Yes,No
CUST06529,CON06529,PAY06529,Male,70,4,75.39,301.56,,2,Yes,No,Yes,Yes
CUST06530,CON06530,PAY06530,Female,44,50,64.64,3232.0,,3,Yes,Yes,No,No
CUST06531,CON06531,PAY06531,Female,37,47,28.05,1318.35,Fiber Optic,6,No,Yes,No,Yes
CUST06532,CON06532,PAY06532,Female,67,23,33.49,770.27,Fiber Optic,0,No,Yes,Yes,Yes
CUST06533,CON06533,PAY06533,Male,52,47,96.22,4522.34,Cable,1,No,No,Yes,No
CUST06534,CON06534,PAY06534,Male,27,47,31.91,1499.77,DSL,6,Yes,No,Yes,Yes
CUST06535,CON06535,PAY06535,Female,43,70,32.59,2281.3,DSL,0,No,Yes,No,No
CUST06536,CON06536,PAY06536,Female,34,36,97.23,3500.28,Cable,0,Yes,Yes,Yes,No
CUST06537,CON06537,PAY06537,Female,58,25,81.1,2027.5,DSL,4,Yes,Yes,No,No
CUST06538,CON06538,PAY06538,Female,61,70,82.68,5787.6,,5,Yes,No,No,Yes
CUST06539,CON06539,PAY06539,Female,68,28,28.34,793.52,Cable,6,No,Yes,Yes,No
CUST06540,CON06540,PAY06540,Female,23,62,104.43,6474.66,Fiber Optic,7,No,No,No,Yes
CUST06541,CON06541,PAY06541,Female,72,19,95.04,1805.76,Cable,2,No,No,Yes,No
CUST06542,CON06542,PAY06542,Female,68,27,28.91,780.57,Fiber Optic,0,No,Yes,Yes,Yes
CUST06543,CON06543,PAY06543,Female,65,19,32.71,621.49,Fiber Optic,1,No,Yes,No,Yes
CUST06544,CON06544,PAY06544,Male,22,35,75.52,2643.2,Fiber Optic,8,Yes,Yes,No,Yes
CUST06545,CON06545,PAY06545,Female,31,52,61.16,3180.32,Fiber Optic,3,No,No,Yes,Yes
CUST06546,CON06546,PAY06546,Female,24,10,99.31,993.1,,1,No,Yes,Yes,No
CUST06547,CON06547,PAY06547,Male,18,36,82.74,2978.64,DSL,9,Yes,No,No,No
CUST06548,CON06548,PAY06548,Female,71,70,48.25,3377.5,Cable,0,No,No,Yes,Yes
CUST06549,CON06549,PAY06549,Male,65,62,34.4,2132.8,,0,No,Yes,Yes,No
CUST06550,CON06550,PAY06550,Male,51,3,29.56,88.68,Cable,3,Yes,Yes,No,Yes
CUST06551,CON06551,PAY06551,Male,33,49,47.4,2322.6,Fiber Optic,9,No,Yes,No,Yes
CUST06552,CON06552,PAY06552,Male,27,48,26.81,1286.88,DSL,6,Yes,No,Yes,Yes
CUST06553,CON06553,PAY06553,Female,64,59,103.38,6099.42,Cable,1,No,No,Yes,Yes
CUST06554,CON06554,PAY06554,Female,42,15,82.07,1231.05,Fiber Optic,3,No,Yes,No,Yes
CUST06555,CON06555,PAY06555,Male,37,19,58.29,1107.51,Fiber Optic,4,No,No,No,Yes
CUST06556,CON06556,PAY06556,Male,22,33,81.48,2688.84,DSL,9,Yes,No,No,No
CUST06557,CON06557,PAY06557,Female,76,72,47.18,3396.96,Cable,2,No,No,Yes,Yes
CUST06558,CON06558,PAY06558,Male,48,64,77.14,4936.96,Fiber Optic,6,Yes,Yes,Yes,No
CUST06559,CON06559,PAY06559,Female,61,69,76.53,5280.57,,4,Yes,No,No,Yes
CUST06560,CON06560,PAY06560,Female,32,36,104.3,3754.8,Cable,0,Yes,Yes,Yes,No
CUST06561,CON06561,PAY06561,Male,76,36,75.25,2709.0,Fiber Optic,5,No,No,No,Yes
CUST06562,CON06562,PAY06562,Male,57,51,96.04,4898.04,Cable,1,No,No,Yes,No
CUST06563,CON06563,PAY06563,Male,23,35,54.68,1913.8,Fiber Optic,2,Yes,No,No,No
CUST06564,CON06564,PAY06564,Female,57,32,52.04,1665.28,DSL,5,Yes,Yes,No,Yes
CUST06565,CON06565,PAY06565,Male,57,65,60.76,3949.4,Fiber Optic,1,Yes,No,Yes,No
CUST06566,CON06566,PAY06566,Female,72,2,76.24,152.48,,7,No,No,No,Yes
CUST06567,CON06567,PAY06567,Female,18,48,95.96,4606.08,Cable,2,Yes,Yes,Yes,Yes
CUST06568,CON06568,PAY06568,Male,28,28,82.21,2301.88,Cable,0,No,No,Yes,No
CUST06569,CON06569,PAY06569,Female,33,48,61.91,2971.68,Fiber Optic,7,Yes,No,No,Yes
CUST06570,CON06570,PAY06570,Male,66,59,78.7,4643.3,Cable,1,No,No,No,No
CUST06571,CON06571,PAY06571,Male,51,2,62.0,124.0,Cable,4,Yes,Yes,No,No
CUST06572,CON06572,PAY06572,Female,24,16,31.47,503.52,DSL,7,No,No,No,Yes
CUST06573,CON06573,PAY06573,Male,37,62,103.48,6415.76,,7,Yes,No,Yes,Yes
CUST06574,CON06574,PAY06574,Male,54,68,82.87,5635.16,Fiber Optic,5,Yes,Yes,Yes,No
CUST06575,CON06575,PAY06575,Female,41,49,64.49,3160.01,,5,Yes,Yes,No,No
CUST06576,CON06576,PAY06576,Male,26,71,82.13,5831.23,DSL,4,No,No,No,No
CUST06577,CON06577,PAY06577,Male,56,1,80.08,80.08,Fiber Optic,0,No,No,No,No
CUST06578,CON06578,PAY06578,Female,68,48,59.75,2868.0,Cable,4,Yes,No,Yes,No
CUST06579,CON06579,PAY06579,Female,42,12,78.33,939.96,Fiber Optic,1,No,Yes,No,Yes
CUST06580,CON06580,PAY06580,Female,67,52,64.49,3353.48,Cable,4,Yes,No,Yes,No
CUST06581,CON06581,PAY06581,Female,62,68,75.23,5115.64,,6,Yes,No,No,Yes
CUST06582,CON06582,PAY06582,Male,19,51,29.71,1515.21,DSL,2,No,No,Yes,Yes
CUST06583,CON06583,PAY06583,Female,68,6,32.27,193.62,,3,Yes,No,Yes,No
CUST06584,CON06584,PAY06584,Male,19,29,54.94,1593.26,,1,No,Yes,Yes,No
CUST06585,CON06585,PAY06585,Male,31,41,82.53,3383.73,DSL,3,No,No,No,No
CUST06586,CON06586,PAY06586,Female,59,32,99.92,3197.44,,6,No,No,No,No
CUST06587,CON06587,PAY06587,Male,73,5,34.72,173.6,,4,Yes,No,Yes,No
CUST06588,CON06588,PAY06588,Female,26,60,53.84,3230.4,Cable,1,No,Yes,Yes,No
CUST06589,CON06589,PAY06589,Female,61,32,101.9,3260.8,,7,No,No,No,No
CUST06590,CON06590,PAY06590,Female,48,29,96.36,2794.44,Cable,5,Yes,No,No,Yes
CUST06591,CON06591,PAY06591,Female,77,1,25.37,25.37,Cable,3,Yes,Yes,Yes,Yes
CUST06592,CON06592,PAY06592,Male,55,41,32.26,1322.66,,4,Yes,Yes,No,No
CUST06593,CON06593,PAY06593,Female,72,41,59.45,2437.45,DSL,0,Yes,No,Yes,No
CUST06594,CON06594,PAY06594,Male,66,52,84.76,4407.52,,4,No,No,Yes,Yes
CUST06595,CON06595,PAY06595,Female,27,22,26.66,586.52,Fiber Optic,0,No,No,No,No
CUST06596,CON06596,PAY06596,Female,50,41,100.67,4127.47,DSL,1,No,No,No,No
CUST06597,CON06597,PAY06597,Female,72,29,27.66,802.14,Cable,6,No,Yes,Yes,No
CUST06598,CON06598,PAY06598,Male,52,45,45.89,2065.05,,2,No,No,Yes,No
CUST06599,CON06599,PAY06599,Female,26,21,31.51,661.71,Fiber Optic,1,No,No,No,No
CUST06600,CON06600,PAY06600,Male,52,45,51.34,2310.3,,3,No,No,Yes,No
CUST06601,CON06601,PAY06601,Male,48,66,76.42,5043.72,Fiber Optic,7,Yes,Yes,Yes,No
CUST06602,CON06602,PAY06602,Female,30,48,60.56,2906.88,Fiber Optic,6,Yes,No,No,Yes
CUST06603,CON06603,PAY06603,Male,25,33,75.36,2486.88,Fiber Optic,8,Yes,Yes,No,Yes
CUST06604,CON06604,PAY06604,Male,68,44,63.18,2779.92,Cable,6,No,Yes,No,Yes
CUST06605,CON06605,PAY06605,Male,35,4,64.67,258.68,,7,No,No,Yes,No
CUST06606,CON06606,PAY06606,Female,21,17,34.33,583.61,DSL,6,No,No,No,Yes
CUST06607,CON06607,PAY06607,Female,30,48,61.38,2946.24,Fiber Optic,6,Yes,No,No,Yes
CUST06608,CON06608,PAY06608,Female,65,30,59.14,1774.2,,1,No,No,Yes,Yes
CUST06609,CON06609,PAY06609,Female,51,43,95.49,4106.07,DSL,1,No,No,No,No
CUST06610,CON06610,PAY06610,Female,55,34,96.37,3276.58,,5,No,No,No,No
CUST06611,CON06611,PAY06611,Female,59,22,80.74,1776.28,DSL,5,Yes,Yes,No,No
CUST06612,CON06612,PAY06612,Male,67,52,33.37,1735.24,,4,No,Yes,Yes,No
CUST06613,CON06613,PAY06613,Female,37,66,27.32,1803.12,DSL,1,No,No,Yes,Yes
CUST06614,CON06614,PAY06614,Female,53,32,52.04,1665.28,DSL,5,Yes,Yes,No,Yes
CUST06615,CON06615,PAY06615,Female,51,5,57.86,289.3,DSL,3,Yes,No,Yes,No
CUST06616,CON06616,PAY06616,Female,68,52,62.16,3232.32,Cable,6,Yes,No,Yes,No
CUST06617,CON06617,PAY06617,Female,60,30,58.37,1751.1,,2,No,No,Yes,Yes
CUST06618,CON06618,PAY06618,Female,25,67,45.89,3074.63,DSL,6,No,No,No,Yes
CUST06619,CON06619,PAY06619,Female,57,31,104.6,3242.6,,7,No,No,No,No
CUST06620,CON06620,PAY06620,Female,72,3,34.11,102.33,Cable,2,Yes,Yes,Yes,Yes
CUST06621,CON06621,PAY06621,Female,58,69,75.3,5195.7,,4,Yes,No,No,Yes
CUST06622,CON06622,PAY06622,Male,68,57,81.81,4663.17,Cable,0,No,No,No,No
CUST06623,CON06623,PAY06623,Male,73,26,58.97,1533.22,Cable,0,Yes,No,Yes,Yes
CUST06624,CON06624,PAY06624,Male,67,51,84.25,4296.75,,4,No,No,Yes,Yes
CUST06625,CON06625,PAY06625,Male,72,22,56.65,1246.3,DSL,1,No,Yes,No,No
CUST06626,CON06626,PAY06626,Female,25,10,102.27,1022.7,Fiber Optic,3,Yes,Yes,No,No
CUST06627,CON06627,PAY06627,Female,30,61,49.91,3044.51,Cable,2,No,Yes,Yes,No
CUST06628,CON06628,PAY06628,Female,72,51,62.39,3181.89,Cable,5,Yes,No,Yes,No
CUST06629,CON06629,PAY06629,Female,63,69,77.03,5315.07,,6,Yes,No,No,Yes
CUST06630,CON06630,PAY06630,Female,67,1,49.2,49.2,,2,No,Yes,Yes,No
CUST06631,CON06631,PAY06631,Male,77,34,76.06,2586.04,Fiber Optic,5,No,No,No,Yes
CUST06632,CON06632,PAY06632,Female,71,21,81.84,1718.64,Cable,0,Yes,Yes,No,Yes
CUST06633,CON06633,PAY06633,Female,71,1,32.5,32.5,Cable,2,Yes,Yes,Yes,Yes
CUST06634,CON06634,PAY06634,Male,51,59,57.42,3387.78,Cable,9,Yes,Yes,No,No
CUST06635,CON06635,PAY06635,Female,35,47,25.33,1190.51,Fiber Optic,5,No,Yes,No,Yes
CUST06636,CON06636,PAY06636,Male,34,51,54.67,2788.17,Fiber Optic,8,No,Yes,No,Yes
CUST06637,CON06637,PAY06637,Female,71,1,52.42,52.42,,2,No,Yes,Yes,No
CUST06638,CON06638,PAY06638,Female,55,71,104.49,7418.79,Fiber Optic,3,Yes,Yes,Yes,Yes
CUST06639,CON06639,PAY06639,Male,18,33,49.46,1632.18,,3,No,Yes,Yes,No
CUST06640,CON06640,PAY06640,Female,52,36,54.39,1958.04,DSL,7,Yes,Yes,No,Yes
CUST06641,CON06641,PAY06641,Male,67,51,79.85,4072.35,,5,No,No,Yes,Yes
CUST06642,CON06642,PAY06642,Male,33,28,104.8,2934.4,Fiber Optic,4,Yes,No,Yes,Yes
CUST06643,CON06643,PAY06643,Male,70,53,82.6,4377.8,,5,No,No,Yes,Yes
CUST06644,CON06644,PAY06644,Female,57,34,99.23,3373.82,,7,No,No,No,No
CUST06645,CON06645,PAY06645,Male,48,54,58.37,3151.98,Cable,0,No,Yes,No,No
CUST06646,CON06646,PAY06646,Male,27,47,34.38,1615.86,DSL,6,Yes,No,Yes,Yes
CUST06647,CON06647,PAY06647,Female,66,37,51.62,1909.94,Cable,2,No,No,Yes,No
CUST06648,CON06648,PAY06648,Male,23,28,78.03,2184.84,Cable,1,No,No,Yes,No
CUST06649,CON06649,PAY06649,Male,49,44,51.43,2262.92,,2,No,No,Yes,No
CUST06650,CON06650,PAY06650,Male,38,64,95.19,6092.16,,7,Yes,No,Yes,Yes
CUST06651,CON06651,PAY06651,Male,24,51,32.55,1660.05,DSL,0,No,No,Yes,Yes
CUST06652,CON06652,PAY06652,Female,61,25,83.59,2089.75,DSL,5,Yes,Yes,No,No
CUST06653,CON06653,PAY06653,Male,30,25,100.94,2523.5,Fiber Optic,3,Yes,No,Yes,Yes
CUST06654,CON06654,PAY06654,Male,24,46,27.58,1268.68,DSL,4,Yes,No,Yes,Yes
CUST06655,CON06655,PAY06655,Female,65,24,29.35,704.4,Fiber Optic,0,No,Yes,Yes,Yes
CUST06656,CON06656,PAY06656,Male,19,24,31.04,744.96,DSL,0,No,Yes,No,Yes
CUST06657,CON06657,PAY06657,Male,55,5,64.13,320.65,Cable,5,Yes,Yes,No,No
CUST06658,CON06658,PAY06658,Male,68,53,29.75,1576.75,,3,No,Yes,Yes,No
CUST06659,CON06659,PAY06659,Female,73,52,60.94,3168.88,Cable,4,Yes,No,Yes,No
CUST06660,CON06660,PAY06660,Male,28,36,54.79,1972.44,Fiber Optic,1,Yes,No,No,No
CUST06661,CON06661,PAY06661,Female,40,65,26.65,1732.25,DSL,1,No,No,Yes,Yes
CUST06662,CON06662,PAY06662,Male,26,27,82.87,2237.49,Cable,1,No,No,Yes,No
CUST06663,CON06663,PAY06663,Female,18,45,101.05,4547.25,DSL,6,Yes,Yes,No,Yes
CUST06664,CON06664,PAY06664,Male,66,53,80.43,4262.79,,5,No,No,Yes,Yes
CUST06665,CON06665,PAY06665,Male,55,1,83.55,83.55,Fiber Optic,0,No,No,No,No
CUST06666,CON06666,PAY06666,Male,63,56,84.9,4754.4,Cable,0,No,No,No,No
CUST06667,CON06667,PAY06667,Female,76,40,57.43,2297.2,DSL,0,Yes,No,Yes,No
CUST06668,CON06668,PAY06668,Female,33,59,98.66,5820.94,Fiber Optic,5,No,Yes,No,Yes
CUST06669,CON06669,PAY06669,Female,55,35,51.68,1808.8,DSL,6,Yes,Yes,No,Yes
CUST06670,CON06670,PAY06670,Female,71,38,46.17,1754.46,Cable,3,No,No,Yes,No
CUST06671,CON06671,PAY06671,Female,52,67,33.33,2233.11,Cable,5,Yes,No,Yes,Yes
CUST06672,CON06672,PAY06672,Female,22,47,104.46,4909.62,Cable,4,Yes,Yes,Yes,Yes
CUST06673,CON06673,PAY06673,Male,57,20,56.35,1127.0,Cable,5,Yes,Yes,Yes,Yes
CUST06674,CON06674,PAY06674,Male,22,26,75.65,1966.9,Cable,0,No,No,Yes,No
CUST06675,CON06675,PAY06675,Male,35,50,51.71,2585.5,Fiber Optic,7,No,Yes,No,Yes
CUST06676,CON06676,PAY06676,Male,24,29,84.1,2438.9,Cable,1,No,No,Yes,No
CUST06677,CON06677,PAY06677,Female,52,31,28.68,889.08,,3,No,No,Yes,Yes
CUST06678,CON06678,PAY06678,Male,33,17,83.12,1413.04,DSL,0,Yes,No,Yes,No
CUST06679,CON06679,PAY06679,Male,34,60,100.51,6030.6,,7,Yes,No,Yes,Yes
CUST06680,CON06680,PAY06680,Female,42,12,79.49,953.88,Fiber Optic,3,No,Yes,No,Yes
CUST06681,CON06681,PAY06681,Female,47,32,51.12,1635.84,Fiber Optic,3,Yes,No,Yes,No
CUST06682,CON06682,PAY06682,Female,45,42,75.59,3174.78,DSL,6,No,No,No,Yes
CUST06683,CON06683,PAY06683,Female,22,67,52.09,3490.03,DSL,6,No,No,No,Yes
CUST06684,CON06684,PAY06684,Male,22,55,27.38,1505.9,DSL,1,No,No,Yes,Yes
CUST06685,CON06685,PAY06685,Male,76,23,57.82,1329.86,Cable,0,Yes,No,Yes,Yes
CUST06686,CON06686,PAY06686,Female,43,29,52.99,1536.71,Fiber Optic,3,Yes,No,Yes,No
CUST06687,CON06687,PAY06687,Male,73,44,59.4,2613.6,Cable,7,No,Yes,No,Yes
CUST06688,CON06688,PAY06688,Female,48,45,84.07,3783.15,DSL,8,No,No,No,Yes
CUST06689,CON06689,PAY06689,Male,51,48,46.52,2232.96,,3,No,No,Yes,No
CUST06690,CON06690,PAY06690,Male,36,26,45.57,1184.82,,0,No,Yes,No,No
CUST06691,CON06691,PAY06691,Female,62,20,30.62,612.4,Fiber Optic,1,No,Yes,No,Yes
CUST06692,CON06692,PAY06692,Male,67,4,81.79,327.16,,2,Yes,No,Yes,Yes
CUST06693,CON06693,PAY06693,Male,35,63,96.58,6084.54,,6,Yes,No,Yes,Yes
CUST06694,CON06694,PAY06694,Male,68,48,62.72,3010.56,Cable,7,No,Yes,No,Yes
CUST06695,CON06695,PAY06695,Male,54,21,62.67,1316.07,Cable,5,Yes,Yes,Yes,Yes
CUST06696,CON06696,PAY06696,Female,31,63,49.85,3140.55,Cable,2,No,Yes,Yes,No
CUST06697,CON06697,PAY06697,Male,54,51,97.62,4978.62,Cable,2,No,No,Yes,No
CUST06698,CON06698,PAY06698,Male,47,2,96.95,193.9,DSL,5,No,No,No,No
CUST06699,CON06699,PAY06699,Male,22,33,80.11,2643.63,DSL,7,Yes,No,No,No
CUST06700,CON06700,PAY06700,Female,69,1,48.81,48.81,,3,No,Yes,Yes,No
CUST06701,CON06701,PAY06701,Female,72,51,56.2,2866.2,Cable,5,Yes,No,Yes,No
CUST06702,CON06702,PAY06702,Male,56,21,58.48,1228.08,Cable,4,Yes,Yes,Yes,Yes
CUST06703,CON06703,PAY06703,Female,22,61,97.72,5960.92,Fiber Optic,8,No,No,No,Yes
CUST06704,CON06704,PAY06704,Female,44,9,63.74,573.66,DSL,6,No,Yes,Yes,No
CUST06705,CON06705,PAY06705,Female,70,26,30.06,781.56,Cable,5,No,Yes,Yes,No
CUST06706,CON06706,PAY06706,Female,72,72,49.37,3554.64,Cable,1,No,No,Yes,Yes
CUST06707,CON06707,PAY06707,Male,60,69,30.76,2122.44,Cable,5,No,No,No,Yes
CUST06708,CON06708,PAY06708,Male,66,59,75.48,4453.32,Cable,0,No,No,No,No
CUST06709,CON06709,PAY06709,Male,64,68,84.28,5731.04,Fiber Optic,5,No,Yes,Yes,Yes
CUST06710,CON06710,PAY06710,Female,55,34,33.82,1149.88,,5,No,No,Yes,Yes
CUST06711,CON06711,PAY06711,Female,26,16,33.03,528.48,DSL,5,No,No,No,Yes
CUST06712,CON06712,PAY06712,Female,67,25,32.42,810.5,Fiber Optic,0,No,Yes,Yes,Yes
CUST06713,CON06713,PAY06713,Male,52,54,60.32,3257.28,Cable,2,No,Yes,No,No
CUST06714,CON06714,PAY06714,Male,65,49,83.11,4072.39,,6,No,No,Yes,Yes
CUST06715,CON06715,PAY06715,Male,26,35,48.3,1690.5,Fiber Optic,1,Yes,No,No,No
CUST06716,CON06716,PAY06716,Male,65,60,33.01,1980.6,,0,No,Yes,Yes,No
CUST06717,CON06717,PAY06717,Female,30,61,46.36,2827.96,Cable,2,No,Yes,Yes,No
CUST06718,CON06718,PAY06718,Female,44,49,56.77,2781.73,,3,Yes,Yes,No,No
CUST06719,CON06719,PAY06719,Male,27,50,25.44,1272.0,DSL,5,Yes,No,Yes,Yes
CUST06720,CON06720,PAY06720,Male,20,32,51.78,1656.96,,1,No,Yes,Yes,No
CUST06721,CON06721,PAY06721,Female,76,1,31.35,31.35,Cable,3,Yes,Yes,Yes,Yes
CUST06722,CON06722,PAY06722,Male,21,72,80.31,5782.32,DSL,6,No,No,No,No
CUST06723,CON06723,PAY06723,Female,68,30,61.48,1844.4,Cable,0,Yes,No,Yes,Yes
CUST06724,CON06724,PAY06724,Female,76,72,50.21,3615.12,Cable,2,No,No,Yes,Yes
CUST06725,CON06725,PAY06725,Male,35,50,46.98,2349.0,Fiber Optic,9,No,Yes,No,Yes
CUST06726,CON06726,PAY06726,Male,56,41,31.19,1278.79,,4,Yes,Yes,No,No
CUST06727,CON06727,PAY06727,Male,75,26,56.13,1459.38,Cable,0,Yes,No,Yes,Yes
CUST06728,CON06728,PAY06728,Male,37,49,50.71,2484.79,Fiber Optic,9,No,Yes,No,Yes
CUST06729,CON06729,PAY06729,Female,68,27,33.35,900.45,Cable,4,No,Yes,Yes,No
CUST06730,CON06730,PAY06730,Male,73,47,55.43,2605.21,Cable,7,No,Yes,No,Yes
CUST06731,CON06731,PAY06731,Male,31,13,79.37,1031.81,DSL,2,Yes,No,Yes,No
CUST06732,CON06732,PAY06732,Male,70,8,33.46,267.68,,6,Yes,No,Yes,No
CUST06733,CON06733,PAY06733,Female,57,49,55.99,2743.51,,6,Yes,Yes,No,No
CUST06734,CON06734,PAY06734,Female,58,34,46.11,1567.74,DSL,6,Yes,Yes,No,Yes
CUST06735,CON06735,PAY06735,Male,55,3,64.04,192.12,Cable,4,Yes,Yes,No,No
CUST06736,CON06736,PAY06736,Female,25,11,101.2,1113.2,Fiber Optic,2,Yes,Yes,No,No
CUST06737,CON06737,PAY06737,Female,76,3,28.66,85.98,Cable,1,Yes,Yes,Yes,Yes
CUST06738,CON06738,PAY06738,Male,65,50,78.71,3935.5,,5,No,No,Yes,Yes
CUST06739,CON06739,PAY06739,Female,50,4,58.61,234.44,DSL,3,Yes,No,Yes,No
CUST06740,CON06740,PAY06740,Female,74,3,75.28,225.84,,8,No,No,No,Yes
CUST06741,CON06741,PAY06741,Female,46,9,59.24,533.16,DSL,6,No,Yes,Yes,No
CUST06742,CON06742,PAY06742,Female,62,19,29.83,566.77,Fiber Optic,2,No,Yes,No,Yes
CUST06743,CON06743,PAY06743,Female,22,47,100.83,4739.01,Cable,4,Yes,Yes,Yes,Yes
CUST06744,CON06744,PAY06744,Male,50,1,32.1,32.1,Cable,1,Yes,Yes,No,Yes
CUST06745,CON06745,PAY06745,Female,60,69,77.05,5316.45,,5,Yes,No,No,Yes
CUST06746,CON06746,PAY06746,Female,32,48,58.83,2823.84,Fiber Optic,7,Yes,No,No,Yes
CUST06747,CON06747,PAY06747,Female,57,72,104.25,7506.0,Fiber Optic,2,Yes,Yes,Yes,Yes
CUST06748,CON06748,PAY06748,Male,48,4,30.15,120.6,Cable,1,Yes,Yes,No,Yes
CUST06749,CON06749,PAY06749,Male,25,27,80.24,2166.48,Cable,0,No,No,Yes,No
CUST06750,CON06750,PAY06750,Female,60,71,82.2,5836.2,,4,Yes,No,No,Yes
CUST06751,CON06751,PAY06751,Male,64,71,76.24,5413.04,Fiber Optic,5,No,Yes,Yes,Yes
CUST06752,CON06752,PAY06752,Male,61,62,34.14,2116.68,,0,No,Yes,Yes,No
CUST06753,CON06753,PAY06753,Male,65,56,83.56,4679.36,Cable,1,No,No,No,No
CUST06754,CON06754,PAY06754,Male,76,23,61.62,1417.26,DSL,1,No,Yes,No,No
CUST06755,CON06755,PAY06755,Male,20,23,26.19,602.37,DSL,0,No,Yes,No,Yes
CUST06756,CON06756,PAY06756,Male,52,6,60.86,365.16,Cable,5,Yes,Yes,No,No
CUST06757,CON06757,PAY06757,Female,55,11,25.83,284.13,Fiber Optic,6,No,Yes,Yes,Yes
CUST06758,CON06758,PAY06758,Male,70,7,76.17,533.19,,0,Yes,No,Yes,Yes
CUST06759,CON06759,PAY06759,Male,35,6,64.09,384.54,,7,No,No,Yes,No
CUST06760,CON06760,PAY06760,Female,66,5,31.5,157.5,,3,Yes,No,Yes,No
CUST06761,CON06761,PAY06761,Female,21,63,97.03,6112.89,Fiber Optic,8,No,No,No,Yes
CUST06762,CON06762,PAY06762,Male,20,12,51.2,614.4,Cable,3,Yes,Yes,No,Yes
CUST06763,CON06763,PAY06763,Male,54,41,28.1,1152.1,,5,Yes,Yes,No,No
CUST06764,CON06764,PAY06764,Male,61,65,58.75,3818.75,Fiber Optic,0,Yes,No,Yes,No
CUST06765,CON06765,PAY06765,Male,70,53,76.07,4031.71,,4,No,No,Yes,Yes
CUST06766,CON06766,PAY06766,Female,65,6,30.32,181.92,,4,Yes,No,Yes,No
CUST06767,CON06767,PAY06767,Male,72,7,31.82,222.74,,6,Yes,No,Yes,No
CUST06768,CON06768,PAY06768,Female,25,25,29.87,746.75,Fiber Optic,2,No,No,No,No
CUST06769,CON06769,PAY06769,Male,27,28,82.49,2309.72,Cable,0,No,No,Yes,No
CUST06770,CON06770,PAY06770,Female,76,4,34.02,136.08,Cable,3,Yes,Yes,Yes,Yes
CUST06771,CON06771,PAY06771,Male,53,41,29.37,1204.17,,5,Yes,Yes,No,No
CUST06772,CON06772,PAY06772,Male,34,47,62.92,2957.24,Fiber Optic,7,No,No,Yes,No
CUST06773,CON06773,PAY06773,Male,71,21,56.41,1184.61,DSL,1,No,Yes,No,No
CUST06774,CON06774,PAY06774,Female,47,29,45.83,1329.07,Fiber Optic,5,Yes,No,Yes,No
CUST06775,CON06775,PAY06775,Male,31,58,31.52,1828.16,Cable,6,Yes,Yes,Yes,Yes
CUST06776,CON06776,PAY06776,Female,40,9,63.77,573.93,DSL,5,No,Yes,Yes,No
CUST06777,CON06777,PAY06777,Male,24,72,76.55,5511.6,DSL,4,No,No,No,No
CUST06778,CON06778,PAY06778,Male,48,65,83.82,5448.3,Fiber Optic,5,Yes,Yes,Yes,No
CUST06779,CON06779,PAY06779,Male,61,59,25.54,1506.86,,0,No,Yes,Yes,No
CUST06780,CON06780,PAY06780,Female,74,1,28.38,28.38,Cable,2,Yes,Yes,Yes,Yes
CUST06781,CON06781,PAY06781,Male,75,35,79.98,2799.3,Fiber Optic,6,No,No,No,Yes
CUST06782,CON06782,PAY06782,Female,31,12,99.97,1199.64,Fiber Optic,2,Yes,Yes,No,No
CUST06783,CON06783,PAY06783,Female,68,6,31.26,187.56,,4,Yes,No,Yes,No
CUST06784,CON06784,PAY06784,Male,63,56,78.54,4398.24,Cable,1,No,No,No,No
CUST06785,CON06785,PAY06785,Female,65,8,26.17,209.36,,4,Yes,No,Yes,No
CUST06786,CON06786,PAY06786,Male,60,59,27.21,1605.39,,2,No,Yes,Yes,No
CUST06787,CON06787,PAY06787,Female,75,1,29.11,29.11,Cable,3,Yes,Yes,Yes,Yes
CUST06788,CON06788,PAY06788,Female,48,30,51.3,1539.0,Fiber Optic,3,Yes,No,Yes,No
CUST06789,CON06789,PAY06789,Female,23,62,96.37,5974.94,Fiber Optic,7,No,No,No,Yes
CUST06790,CON06790,PAY06790,Female,44,6,56.13,336.78,DSL,4,No,Yes,Yes,No
CUST06791,CON06791,PAY06791,Female,22,45,103.22,4644.9,DSL,6,Yes,Yes,No,Yes
CUST06792,CON06792,PAY06792,Female,58,70,95.55,6688.5,Fiber Optic,4,Yes,Yes,Yes,Yes
CUST06793,CON06793,PAY06793,Male,32,51,51.25,2613.75,Fiber Optic,9,No,Yes,No,Yes
CUST06794,CON06794,PAY06794,Female,19,47,98.67,4637.49,Cable,2,Yes,Yes,Yes,Yes
CUST06795,CON06795,PAY06795,Female,43,8,64.76,518.08,DSL,4,No,Yes,Yes,No
CUST06796,CON06796,PAY06796,Male,31,35,58.9,2061.5,Fiber Optic,0,No,No,No,Yes
CUST06797,CON06797,PAY06797,Female,36,36,98.82,3557.52,Cable,0,Yes,Yes,Yes,No
CUST06798,CON06798,PAY06798,Female,64,4,34.04,136.16,,3,Yes,No,Yes,No
CUST06799,CON06799,PAY06799,Male,48,45,53.0,2385.0,,3,No,No,Yes,No
CUST06800,CON06800,PAY06800,Male,36,46,60.94,2803.24,Fiber Optic,7,No,No,Yes,No
CUST06801,CON06801,PAY06801,Male,74,25,63.99,1599.75,DSL,2,No,Yes,No,No
CUST06802,CON06802,PAY06802,Male,56,50,103.41,5170.5,Cable,1,No,No,Yes,No
CUST06803,CON06803,PAY06803,Male,21,51,31.24,1593.24,DSL,2,No,No,Yes,Yes
CUST06804,CON06804,PAY06804,Female,58,71,79.04,5611.84,,4,Yes,No,No,Yes
CUST06805,CON06805,PAY06805,Female,33,46,59.14,2720.44,Fiber Optic,6,Yes,No,No,Yes
CUST06806,CON06806,PAY06806,Female,32,50,28.99,1449.5,Fiber Optic,6,No,Yes,No,Yes
CUST06807,CON06807,PAY06807,Male,23,27,78.86,2129.22,Cable,0,No,No,Yes,No
CUST06808,CON06808,PAY06808,Male,69,3,76.74,230.22,,1,Yes,No,Yes,Yes
CUST06809,CON06809,PAY06809,Male,60,60,33.44,2006.4,,1,No,Yes,Yes,No
CUST06810,CON06810,PAY06810,Female,44,70,29.22,2045.4,DSL,0,No,Yes,No,No
CUST06811,CON06811,PAY06811,Female,66,20,34.07,681.4,Fiber Optic,1,No,Yes,No,Yes
CUST06812,CON06812,PAY06812,Male,24,71,76.49,5430.79,DSL,4,No,No,No,No
CUST06813,CON06813,PAY06813,Female,18,48,100.08,4803.84,DSL,7,Yes,Yes,No,Yes
CUST06814,CON06814,PAY06814,Female,23,68,53.05,3607.4,DSL,8,No,No,No,Yes
CUST06815,CON06815,PAY06815,Female,69,4,54.27,217.08,,1,No,Yes,Yes,No
CUST06816,CON06816,PAY06816,Female,40,8,55.93,447.44,DSL,6,No,Yes,Yes,No
CUST06817,CON06817,PAY06817,Female,63,20,30.41,608.2,Fiber Optic,0,No,Yes,No,Yes
CUST06818,CON06818,PAY06818,Female,68,8,34.64,277.12,,4,Yes,No,Yes,No
CUST06819,CON06819,PAY06819,Male,57,23,64.6,1485.8,Cable,6,Yes,Yes,Yes,Yes
CUST06820,CON06820,PAY06820,Female,28,11,96.26,1058.86,Fiber Optic,1,Yes,Yes,No,No
CUST06821,CON06821,PAY06821,Female,30,23,32.03,736.69,Fiber Optic,0,No,No,No,No
CUST06822,CON06822,PAY06822,Female,18,10,100.66,1006.6,,2,No,Yes,Yes,No
CUST06823,CON06823,PAY06823,Male,25,27,83.68,2259.36,Cable,0,No,No,Yes,No
CUST06824,CON06824,PAY06824,Male,37,61,100.89,6154.29,,7,Yes,No,Yes,Yes
CUST06825,CON06825,PAY06825,Male,21,23,27.14,624.22,DSL,1,No,Yes,No,Yes
CUST06826,CON06826,PAY06826,Male,73,6,27.48,164.88,,4,Yes,No,Yes,No
CUST06827,CON06827,PAY06827,Female,68,6,83.8,502.8,,8,No,No,No,Yes
CUST06828,CON06828,PAY06828,Male,62,62,32.56,2018.72,,1,No,Yes,Yes,No
CUST06829,CON06829,PAY06829,Female,22,62,101.37,6284.94,Fiber Optic,6,No,No,No,Yes
CUST06830,CON06830,PAY06830,Female,18,45,96.06,4322.7,Cable,3,Yes,Yes,Yes,Yes
CUST06831,CON06831,PAY06831,Female,68,38,45.63,1733.94,Cable,2,No,No,Yes,No
CUST06832,CON06832,PAY06832,Female,34,59,97.42,5747.78,Fiber Optic,6,No,Yes,No,Yes
CUST06833,CON06833,PAY06833,Female,31,55,64.82,3565.1,Fiber Optic,4,No,No,Yes,Yes
CUST06834,CON06834,PAY06834,Female,52,34,47.83,1626.22,DSL,7,Yes,Yes,No,Yes
CUST06835,CON06835,PAY06835,Female,57,72,81.28,5852.16,,5,Yes,No,No,Yes
CUST06836,CON06836,PAY06836,Female,18,59,98.85,5832.15,Fiber Optic,6,No,No,No,Yes
CUST06837,CON06837,PAY06837,Female,24,9,100.21,901.89,,1,No,Yes,Yes,No
CUST06838,CON06838,PAY06838,Female,71,22,101.29,2228.38,Cable,3,No,No,Yes,No
CUST06839,CON06839,PAY06839,Female,58,23,84.75,1949.25,DSL,5,Yes,Yes,No,No
CUST06840,CON06840,PAY06840,Male,75,38,79.58,3024.04,Fiber Optic,5,No,No,No,Yes
CUST06841,CON06841,PAY06841,Female,73,51,62.78,3201.78,Cable,4,Yes,No,Yes,No
CUST06842,CON06842,PAY06842,Female,58,59,99.61,5876.99,Cable,0,No,No,Yes,Yes
CUST06843,CON06843,PAY06843,Male,36,47,58.32,2741.04,Fiber Optic,7,No,No,Yes,No
CUST06844,CON06844,PAY06844,Male,72,53,28.05,1486.65,,4,No,Yes,Yes,No
CUST06845,CON06845,PAY06845,Male,24,70,84.73,5931.1,DSL,4,No,No,No,No
CUST06846,CON06846,PAY06846,Male,51,49,103.85,5088.65,Cable,1,No,No,Yes,No
CUST06847,CON06847,PAY06847,Female,63,71,80.56,5719.76,,6,Yes,No,No,Yes
CUST06848,CON06848,PAY06848,Female,25,61,45.84,2796.24,Cable,0,No,Yes,Yes,No
CUST06849,CON06849,PAY06849,Female,38,48,28.89,1386.72,Fiber Optic,6,No,Yes,No,Yes
CUST06850,CON06850,PAY06850,Male,55,23,58.51,1345.73,Cable,4,Yes,Yes,Yes,Yes
CUST06851,CON06851,PAY06851,Male,37,50,47.71,2385.5,Fiber Optic,9,No,Yes,No,Yes
CUST06852,CON06852,PAY06852,Female,26,59,53.46,3154.14,Cable,0,No,Yes,Yes,No
CUST06853,CON06853,PAY06853,Male,65,62,26.0,1612.0,,1,No,Yes,Yes,No
CUST06854,CON06854,PAY06854,Male,39,46,60.05,2762.3,Fiber Optic,8,No,No,Yes,No
CUST06855,CON06855,PAY06855,Male,52,2,57.13,114.26,Cable,4,Yes,Yes,No,No
CUST06856,CON06856,PAY06856,Male,68,58,84.19,4883.02,Cable,0,No,No,No,No
CUST06857,CON06857,PAY06857,Female,67,1,50.44,50.44,,3,No,Yes,Yes,No
CUST06858,CON06858,PAY06858,Female,70,51,62.06,3165.06,Cable,5,Yes,No,Yes,No
CUST06859,CON06859,PAY06859,Male,70,5,75.71,378.55,,0,Yes,No,Yes,Yes
CUST06860,CON06860,PAY06860,Male,24,37,52.55,1944.35,Cable,8,Yes,Yes,Yes,Yes
CUST06861,CON06861,PAY06861,Male,30,37,59.11,2187.07,Fiber Optic,2,No,No,No,Yes
CUST06862,CON06862,PAY06862,Female,66,26,30.58,795.08,Fiber Optic,0,No,Yes,Yes,Yes
CUST06863,CON06863,PAY06863,Male,56,58,58.41,3387.78,Cable,9,Yes,Yes,No,No
CUST06864,CON06864,PAY06864,Male,47,55,56.94,3131.7,Cable,2,No,Yes,No,No
CUST06865,CON06865,PAY06865,Female,61,30,59.82,1794.6,,1,No,Yes,Yes,Yes
CUST06866,CON06866,PAY06866,Female,44,31,51.67,1601.77,Fiber Optic,5,Yes,No,Yes,No
CUST06867,CON06867,PAY06867,Male,32,25,50.45,1261.25,,1,No,Yes,No,No
CUST06868,CON06868,PAY06868,Female,21,68,50.4,3427.2,DSL,8,No,No,No,Yes
CUST06869,CON06869,PAY06869,Female,30,59,97.09,5728.31,Fiber Optic,6,No,Yes,No,Yes
CUST06870,CON06870,PAY06870,Male,23,39,54.78,2136.42,Fiber Optic,2,Yes,No,No,No
CUST06871,CON06871,PAY06871,Female,42,50,59.8,2990.0,,4,Yes,Yes,No,No
CUST06872,CON06872,PAY06872,Male,33,17,84.42,1435.14,DSL,2,Yes,No,Yes,No
CUST06873,CON06873,PAY06873,Female,59,30,58.5,1755.0,,1,No,No,Yes,Yes
CUST06874,CON06874,PAY06874,Female,18,45,99.57,4480.65,Cable,2,Yes,Yes,Yes,Yes
CUST06875,CON06875,PAY06875,Female,68,4,51.31,205.24,,2,No,Yes,Yes,No
CUST06876,CON06876,PAY06876,Male,30,4,61.85,247.4,,9,No,No,Yes,No
CUST06877,CON06877,PAY06877,Female,52,30,26.79,803.7,,3,No,No,Yes,Yes
CUST06878,CON06878,PAY06878,Male,21,72,82.68,5952.96,DSL,6,No,No,No,No
CUST06879,CON06879,PAY06879,Female,69,29,30.21,876.09,Cable,5,No,Yes,Yes,No
CUST06880,CON06880,PAY06880,Female,67,28,55.38,1550.64,Cable,0,Yes,No,Yes,Yes
CUST06881,CON06881,PAY06881,Female,71,41,64.95,2662.95,DSL,0,Yes,No,Yes,No
CUST06882,CON06882,PAY06882,Female,31,14,97.88,1370.32,Fiber Optic,2,Yes,Yes,No,No
CUST06883,CON06883,PAY06883,Female,57,67,30.03,2012.01,Cable,5,Yes,No,Yes,Yes
CUST06884,CON06884,PAY06884,Male,35,48,63.11,3029.28,Fiber Optic,8,No,No,Yes,No
CUST06885,CON06885,PAY06885,Male,32,17,79.52,1351.84,DSL,1,Yes,No,Yes,No
CUST06886,CON06886,PAY06886,Male,35,26,100.77,2620.02,Fiber Optic,3,Yes,No,Yes,Yes
CUST06887,CON06887,PAY06887,Female,67,29,63.98,1855.42,Cable,0,Yes,No,Yes,Yes
CUST06888,CON06888,PAY06888,Female,74,40,61.33,2453.2,DSL,0,Yes,No,Yes,No
CUST06889,CON06889,PAY06889,Female,31,45,59.07,2658.15,Fiber Optic,7,Yes,No,No,Yes
CUST06890,CON06890,PAY06890,Female,61,31,61.79,1915.49,,2,No,Yes,Yes,Yes
CUST06891,CON06891,PAY06891,Male,53,28,100.7,2819.6,,7,Yes,No,Yes,No
CUST06892,CON06892,PAY06892,Female,59,22,83.1,1828.2,DSL,4,Yes,Yes,No,No
CUST06893,CON06893,PAY06893,Female,32,54,62.58,3379.32,Fiber Optic,4,No,No,Yes,Yes
CUST06894,CON06894,PAY06894,Female,18,48,97.01,4656.48,DSL,7,Yes,Yes,No,Yes
CUST06895,CON06895,PAY06895,Female,25,13,102.19,1328.47,Fiber Optic,3,Yes,Yes,No,No
CUST06896,CON06896,PAY06896,Female,57,34,96.39,3277.26,,6,No,No,No,No
CUST06897,CON06897,PAY06897,Male,54,32,103.84,3322.88,,9,Yes,No,Yes,No
CUST06898,CON06898,PAY06898,Female,41,66,27.49,1814.34,DSL,2,No,No,Yes,Yes
CUST06899,CON06899,PAY06899,Male,34,16,77.76,1244.16,DSL,1,Yes,No,Yes,No
CUST06900,CON06900,PAY06900,Female,34,54,58.43,3155.22,Fiber Optic,2,No,No,Yes,Yes
CUST06901,CON06901,PAY06901,Male,55,58,57.6,3340.8,Cable,8,Yes,Yes,No,No
CUST06902,CON06902,PAY06902,Female,76,72,49.67,3576.24,Cable,1,No,No,Yes,Yes
CUST06903,CON06903,PAY06903,Male,33,16,84.86,1357.76,DSL,1,Yes,No,Yes,No
CUST06904,CON06904,PAY06904,Female,30,40,33.45,1338.0,,1,No,No,No,Yes
CUST06905,CON06905,PAY06905,Male,34,62,101.95,6320.9,,6,Yes,No,Yes,Yes
CUST06906,CON06906,PAY06906,Female,70,21,104.94,2203.74,Cable,3,No,No,Yes,No
CUST06907,CON06907,PAY06907,Male,49,1,100.28,100.28,DSL,7,No,No,No,No
CUST06908,CON06908,PAY06908,Male,36,47,48.26,2268.22,Fiber Optic,9,No,Yes,No,Yes
CUST06909,CON06909,PAY06909,Female,65,26,34.63,900.38,Fiber Optic,0,No,Yes,Yes,Yes
CUST06910,CON06910,PAY06910,Male,69,54,33.56,1812.24,,3,No,Yes,Yes,No
CUST06911,CON06911,PAY06911,Male,35,6,60.44,362.64,,9,No,No,Yes,No
CUST06912,CON06912,PAY06912,Male,37,20,57.72,1154.4,Fiber Optic,4,No,No,No,Yes
CUST06913,CON06913,PAY06913,Female,28,46,61.97,2850.62,Fiber Optic,6,Yes,No,No,Yes
CUST06914,CON06914,PAY06914,Male,57,2,56.9,113.8,Cable,4,Yes,Yes,No,No
CUST06915,CON06915,PAY06915,Male,55,2,77.9,155.8,Fiber Optic,0,No,No,No,No
CUST06916,CON06916,PAY06916,Female,19,6,97.69,586.14,,3,No,Yes,Yes,No
CUST06917,CON06917,PAY06917,Female,66,27,32.81,885.87,Cable,6,No,Yes,Yes,No
CUST06918,CON06918,PAY06918,Male,52,28,104.2,2917.6,,7,Yes,No,Yes,No
CUST06919,CON06919,PAY06919,Male,21,37,82.62,3056.94,DSL,8,Yes,No,No,No
CUST06920,CON06920,PAY06920,Female,32,52,55.81,2902.12,Fiber Optic,3,No,No,Yes,Yes
CUST06921,CON06921,PAY06921,Male,20,53,25.0,1325.0,DSL,2,No,No,Yes,Yes
CUST06922,CON06922,PAY06922,Female,40,46,62.28,2864.88,,4,Yes,Yes,No,No
CUST06923,CON06923,PAY06923,Male,35,49,53.81,2636.69,Fiber Optic,7,No,Yes,No,Yes
CUST06924,CON06924,PAY06924,Female,28,40,29.25,1170.0,,1,No,No,No,Yes
CUST06925,CON06925,PAY06925,Male,36,47,62.96,2959.12,Fiber Optic,9,No,No,Yes,No
CUST06926,CON06926,PAY06926,Male,61,67,58.19,3898.73,Fiber Optic,1,Yes,No,Yes,No
CUST06927,CON06927,PAY06927,Female,55,32,26.85,859.2,,3,No,No,Yes,Yes
CUST06928,CON06928,PAY06928,Female,71,2,54.29,108.58,,3,No,Yes,Yes,No
CUST06929,CON06929,PAY06929,Female,27,14,98.17,1374.38,Fiber Optic,1,Yes,Yes,No,No
CUST06930,CON06930,PAY06930,Female,24,10,103.34,1033.4,,3,No,Yes,Yes,No
CUST06931,CON06931,PAY06931,Female,77,72,45.24,3257.28,Cable,1,No,No,Yes,Yes
CUST06932,CON06932,PAY06932,Male,73,25,56.87,1421.75,DSL,2,No,Yes,No,No
CUST06933,CON06933,PAY06933,Female,19,47,104.34,4903.98,DSL,7,Yes,Yes,No,Yes
CUST06934,CON06934,PAY06934,Male,64,59,82.5,4867.5,Cable,1,No,No,No,No
CUST06935,CON06935,PAY06935,Male,18,12,50.05,600.6,Cable,5,Yes,Yes,No,Yes
CUST06936,CON06936,PAY06936,Male,30,26,52.07,1353.82,,0,No,Yes,No,No
CUST06937,CON06937,PAY06937,Female,51,6,62.49,374.94,DSL,3,Yes,No,Yes,No
CUST06938,CON06938,PAY06938,Male,52,4,29.44,117.76,Cable,2,Yes,Yes,No,Yes
CUST06939,CON06939,PAY06939,Female,48,33,45.79,1511.07,Fiber Optic,4,Yes,No,Yes,No
CUST06940,CON06940,PAY06940,Male,20,21,34.04,714.84,DSL,0,No,Yes,No,Yes
CUST06941,CON06941,PAY06941,Male,58,69,30.58,2110.02,Cable,3,No,No,No,Yes
CUST06942,CON06942,PAY06942,Male,74,6,34.04,204.24,,6,Yes,No,Yes,No
CUST06943,CON06943,PAY06943,Female,30,36,28.52,1026.72,,2,No,No,No,Yes
CUST06944,CON06944,PAY06944,Male,19,15,54.1,811.5,Cable,3,Yes,Yes,No,Yes
CUST06945,CON06945,PAY06945,Female,35,50,25.33,1266.5,Fiber Optic,5,No,Yes,No,Yes
CUST06946,CON06946,PAY06946,Male,46,5,96.25,481.25,DSL,5,No,No,No,No
CUST06947,CON06947,PAY06947,Female,55,11,34.07,374.77,Fiber Optic,8,No,Yes,Yes,Yes
CUST06948,CON06948,PAY06948,Male,35,44,63.16,2779.04,Fiber Optic,8,No,No,Yes,No
CUST06949,CON06949,PAY06949,Male,31,4,56.45,225.8,,9,No,No,Yes,No
CUST06950,CON06950,PAY06950,Female,69,23,31.04,713.92,Fiber Optic,1,No,Yes,Yes,Yes
CUST06951,CON06951,PAY06951,Male,66,58,80.17,4649.86,Cable,0,No,No,No,No
CUST06952,CON06952,PAY06952,Female,23,20,31.87,637.4,DSL,6,No,No,No,Yes
CUST06953,CON06953,PAY06953,Female,64,61,103.73,6327.53,Cable,0,No,No,Yes,Yes
CUST06954,CON06954,PAY06954,Male,29,15,80.24,1203.6,DSL,1,Yes,No,Yes,No
CUST06955,CON06955,PAY06955,Male,74,5,29.35,146.75,,4,Yes,No,Yes,No
CUST06956,CON06956,PAY06956,Female,70,29,55.43,1607.47,Cable,0,Yes,No,Yes,Yes
CUST06957,CON06957,PAY06957,Male,23,40,54.32,2172.8,Cable,9,Yes,Yes,Yes,Yes
CUST06958,CON06958,PAY06958,Male,69,19,98.98,1880.62,,4,Yes,Yes,Yes,No
CUST06959,CON06959,PAY06959,Male,35,28,104.3,2920.4,Fiber Optic,4,Yes,No,Yes,Yes
CUST06960,CON06960,PAY06960,Male,23,39,53.93,2103.27,Cable,9,Yes,Yes,Yes,Yes
CUST06961,CON06961,PAY06961,Female,64,30,56.73,1701.9,,0,No,Yes,Yes,Yes
CUST06962,CON06962,PAY06962,Female,73,6,77.88,467.28,,8,No,No,No,Yes
CUST06963,CON06963,PAY06963,Female,70,20,101.16,2023.2,Cable,2,No,No,Yes,No
CUST06964,CON06964,PAY06964,Male,37,60,96.66,5799.6,,6,Yes,No,Yes,Yes
CUST06965,CON06965,PAY06965,Female,44,15,80.92,1213.8,Fiber Optic,1,No,Yes,No,Yes
CUST06966,CON06966,PAY06966,Female,71,46,55.09,2534.14,Fiber Optic,8,No,No,Yes,Yes
CUST06967,CON06967,PAY06967,Female,70,45,64.85,2918.25,Fiber Optic,7,No,No,Yes,Yes
CUST06968,CON06968,PAY06968,Female,28,38,34.52,1311.76,,3,No,No,No,Yes
CUST06969,CON06969,PAY06969,Male,30,3,57.26,171.78,,8,No,No,Yes,No
CUST06970,CON06970,PAY06970,Male,29,48,34.04,1633.92,DSL,6,Yes,No,Yes,Yes
CUST06971,CON06971,PAY06971,Male,50,65,77.88,5062.2,Fiber Optic,6,Yes,Yes,Yes,No
CUST06972,CON06972,PAY06972,Male,53,41,31.66,1298.06,,3,Yes,Yes,No,No
CUST06973,CON06973,PAY06973,Male,39,21,58.15,1221.15,Fiber Optic,3,No,No,No,Yes
CUST06974,CON06974,PAY06974,Male,57,62,55.89,3465.18,Cable,7,Yes,Yes,No,No
CUST06975,CON06975,PAY06975,Female,49,43,102.71,4416.53,DSL,0,No,No,No,No
CUST06976,CON06976,PAY06976,Female,37,50,27.94,1397.0,Fiber Optic,7,No,Yes,No,Yes
CUST06977,CON06977,PAY06977,Male,29,35,56.29,1970.15,Fiber Optic,0,No,No,No,Yes
CUST06978,CON06978,PAY06978,Female,52,33,102.28,3375.24,Cable,5,Yes,No,No,Yes
CUST06979,CON06979,PAY06979,Male,53,1,80.22,80.22,Fiber Optic,0,No,No,No,No
CUST06980,CON06980,PAY06980,Female,72,72,52.45,3776.4,Cable,0,No,No,Yes,Yes
CUST06981,CON06981,PAY06981,Female,48,43,83.73,3600.39,DSL,7,No,No,No,Yes
CUST06982,CON06982,PAY06982,Male,30,14,78.57,1099.98,DSL,2,Yes,No,Yes,No
CUST06983,CON06983,PAY06983,Male,35,24,102.52,2460.48,Fiber Optic,3,Yes,No,Yes,Yes
CUST06984,CON06984,PAY06984,Male,72,21,103.3,2169.3,,5,Yes,Yes,Yes,No
CUST06985,CON06985,PAY06985,Female,73,21,81.87,1719.27,Cable,0,Yes,Yes,No,Yes
CUST06986,CON06986,PAY06986,Male,18,30,48.29,1448.7,,2,No,Yes,Yes,No
CUST06987,CON06987,PAY06987,Male,60,60,31.35,1881.0,,0,No,Yes,Yes,No
CUST06988,CON06988,PAY06988,Female,71,37,62.31,2305.47,DSL,0,Yes,No,Yes,No
CUST06989,CON06989,PAY06989,Male,32,3,61.86,185.58,,9,No,No,Yes,No
CUST06990,CON06990,PAY06990,Male,68,56,81.8,4580.8,Cable,0,No,No,No,No
CUST06991,CON06991,PAY06991,Female,64,31,61.98,1921.38,,2,No,No,Yes,Yes
CUST06992,CON06992,PAY06992,Male,61,71,82.08,5827.68,Fiber Optic,4,No,Yes,Yes,Yes
CUST06993,CON06993,PAY06993,Female,63,29,55.89,1620.81,,2,No,No,Yes,Yes
CUST06994,CON06994,PAY06994,Male,72,38,76.47,2905.86,Fiber Optic,6,No,No,No,Yes
CUST06995,CON06995,PAY06995,Male,36,23,48.36,1112.28,,0,No,Yes,No,No
CUST06996,CON06996,PAY06996,Female,77,72,51.39,3700.08,Cable,2,No,No,Yes,Yes
CUST06997,CON06997,PAY06997,Male,52,3,61.19,183.57,Cable,3,Yes,Yes,No,No
CUST06998,CON06998,PAY06998,Female,38,46,61.6,2833.6,,4,Yes,Yes,No,No
CUST06999,CON06999,PAY06999,Female,63,21,29.09,610.89,Fiber Optic,0,No,Yes,No,Yes
CUST07000,CON07000,PAY07000,Female,32,47,60.06,2822.82,Fiber Optic,6,Yes,No,No,Yes
CUST07001,CON07001,PAY07001,Male,27,60,32.69,1961.4,Cable,6,Yes,Yes,Yes,Yes
CUST07002,CON07002,PAY07002,Female,29,37,28.94,1070.78,,1,No,No,No,Yes
CUST07003,CON07003,PAY07003,Male,30,57,29.31,1670.67,Cable,7,Yes,Yes,Yes,Yes
CUST07004,CON07004,PAY07004,Male,52,48,49.43,2372.64,,4,No,No,Yes,No
CUST07005,CON07005,PAY07005,Male,30,17,80.96,1376.32,DSL,1,Yes,No,Yes,No
CUST07006,CON07006,PAY07006,Female,55,13,30.53,396.89,Fiber Optic,7,No,Yes,Yes,Yes
CUST07007,CON07007,PAY07007,Female,18,61,96.67,5896.87,Fiber Optic,8,No,No,No,Yes
CUST07008,CON07008,PAY07008,Female,31,54,63.74,3441.96,Fiber Optic,4,No,No,Yes,Yes
CUST07009,CON07009,PAY07009,Female,30,60,54.5,3270.0,Cable,2,No,Yes,Yes,No
CUST07010,CON07010,PAY07010,Female,29,11,97.76,1075.36,Fiber Optic,3,Yes,Yes,No,No
CUST07011,CON07011,PAY07011,Female,58,61,102.25,6237.25,Cable,0,No,No,Yes,Yes
CUST07012,CON07012,PAY07012,Female,56,33,104.91,3462.03,,6,No,No,No,No
CUST07013,CON07013,PAY07013,Male,18,33,83.39,2751.87,DSL,8,Yes,No,No,No
CUST07014,CON07014,PAY07014,Male,52,55,60.3,3316.5,Cable,1,No,Yes,No,No
CUST07015,CON07015,PAY07015,Female,75,72,47.97,3453.84,Cable,1,No,No,Yes,Yes
CUST07016,CON07016,PAY07016,Female,31,47,56.42,2651.74,Fiber Optic,7,Yes,No,No,Yes
CUST07017,CON07017,PAY07017,Male,52,20,55.21,1104.2,Cable,4,Yes,Yes,Yes,Yes
CUST07018,CON07018,PAY07018,Female,74,23,76.85,1767.55,Cable,1,Yes,Yes,No,Yes
CUST07019,CON07019,PAY07019,Male,51,46,54.44,2504.24,,2,No,No,Yes,No
CUST07020,CON07020,PAY07020,Female,69,24,75.14,1803.36,Cable,0,Yes,Yes,No,Yes
CUST07021,CON07021,PAY07021,Male,37,51,52.1,2657.1,Fiber Optic,9,No,Yes,No,Yes
CUST07022,CON07022,PAY07022,Female,66,46,64.04,2945.84,Fiber Optic,7,No,No,Yes,Yes
CUST07023,CON07023,PAY07023,Female,69,49,59.86,2933.14,Cable,6,Yes,No,Yes,No
CUST07024,CON07024,PAY07024,Male,58,45,30.72,1382.4,,3,Yes,Yes,No,No
CUST07025,CON07025,PAY07025,Female,63,28,60.94,1706.32,,2,No,Yes,Yes,Yes
CUST07026,CON07026,PAY07026,Male,48,66,82.23,5427.18,Fiber Optic,5,Yes,Yes,Yes,No
CUST07027,CON07027,PAY07027,Male,30,24,104.44,2506.56,Fiber Optic,2,Yes,No,Yes,Yes
CUST07028,CON07028,PAY07028,Female,46,2,64.88,129.76,DSL,3,Yes,No,Yes,No
CUST07029,CON07029,PAY07029,Female,56,65,32.21,2093.65,Cable,3,Yes,No,Yes,Yes
CUST07030,CON07030,PAY07030,Female,70,23,79.83,1836.09,Cable,0,Yes,Yes,No,Yes
CUST07031,CON07031,PAY07031,Male,60,69,58.94,4066.86,Fiber Optic,0,Yes,No,Yes,No
CUST07032,CON07032,PAY07032,Male,20,72,79.87,5750.64,DSL,4,No,No,No,No
CUST07033,CON07033,PAY07033,Female,55,41,95.87,3930.67,DSL,0,No,No,No,No
CUST07034,CON07034,PAY07034,Male,71,22,56.46,1242.12,DSL,0,No,Yes,No,No
CUST07035,CON07035,PAY07035,Female,35,58,98.77,5728.66,Fiber Optic,6,No,Yes,No,Yes
CUST07036,CON07036,PAY07036,Female,53,70,104.9,7343.0,Fiber Optic,2,Yes,Yes,Yes,Yes
CUST07037,CON07037,PAY07037,Female,58,26,78.08,2030.08,DSL,5,Yes,Yes,No,No
CUST07038,CON07038,PAY07038,Male,32,58,34.27,1987.66,Cable,7,Yes,Yes,Yes,Yes
CUST07039,CON07039,PAY07039,Male,71,22,61.03,1342.66,DSL,0,No,Yes,No,No
CUST07040,CON07040,PAY07040,Male,53,2,78.06,156.12,Fiber Optic,0,No,No,No,No
CUST07041,CON07041,PAY07041,Female,50,29,99.71,2891.59,Cable,5,Yes,No,No,Yes
CUST07042,CON07042,PAY07042,Male,22,39,47.7,1860.3,Fiber Optic,0,Yes,No,No,No
CUST07043,CON07043,PAY07043,Male,58,43,25.5,1096.5,,4,Yes,Yes,No,No
CUST07044,CON07044,PAY07044,Male,34,7,57.56,402.92,,9,No,No,Yes,No
CUST07045,CON07045,PAY07045,Male,65,59,27.68,1633.12,,1,No,Yes,Yes,No
CUST07046,CON07046,PAY07046,Male,68,21,101.8,2137.8,,4,Yes,Yes,Yes,No
CUST07047,CON07047,PAY07047,Female,29,12,96.75,1161.0,Fiber Optic,3,Yes,Yes,No,No
CUST07048,CON07048,PAY07048,Female,29,62,48.95,3034.9,Cable,1,No,Yes,Yes,No
CUST07049,CON07049,PAY07049,Male,63,57,81.14,4624.98,Cable,1,No,No,No,No
CUST07050,CON07050,PAY07050,Female,68,45,61.67,2775.15,Fiber Optic,6,No,No,Yes,Yes
CUST07051,CON07051,PAY07051,Female,59,25,83.36,2084.0,DSL,3,Yes,Yes,No,No
CUST07052,CON07052,PAY07052,Male,30,23,50.19,1154.37,,1,No,Yes,No,No
CUST07053,CON07053,PAY07053,Male,32,49,48.01,2352.49,Fiber Optic,9,No,Yes,No,Yes
CUST07054,CON07054,PAY07054,Male,64,58,80.44,4665.52,Cable,0,No,No,No,No
CUST07055,CON07055,PAY07055,Male,27,50,28.3,1415.0,DSL,6,Yes,No,Yes,Yes
CUST07056,CON07056,PAY07056,Male,71,51,77.36,3945.36,,4,No,No,Yes,Yes
CUST07057,CON07057,PAY07057,Male,48,64,75.76,4848.64,Fiber Optic,6,Yes,Yes,Yes,No
CUST07058,CON07058,PAY07058,Female,22,45,95.01,4275.45,DSL,6,Yes,Yes,No,Yes
CUST07059,CON07059,PAY07059,Male,52,2,30.89,61.78,Cable,1,Yes,Yes,No,Yes
CUST07060,CON07060,PAY07060,Female,42,66,28.8,1900.8,DSL,1,No,Yes,No,No
CUST07061,CON07061,PAY07061,Male,69,45,58.11,2614.95,Cable,6,No,Yes,No,Yes
CUST07062,CON07062,PAY07062,Male,18,31,54.44,1687.64,,3,No,Yes,Yes,No
CUST07063,CON07063,PAY07063,Male,33,26,99.25,2580.5,Fiber Optic,4,Yes,No,Yes,Yes
CUST07064,CON07064,PAY07064,Male,72,52,33.64,1749.28,,4,No,Yes,Yes,No
CUST07065,CON07065,PAY07065,Male,71,23,64.13,1474.99,DSL,2,No,Yes,No,No
CUST07066,CON07066,PAY07066,Male,20,37,54.14,2003.18,Cable,9,Yes,Yes,Yes,Yes
CUST07067,CON07067,PAY07067,Male,51,60,63.6,3816.0,Cable,9,Yes,Yes,No,No
CUST07068,CON07068,PAY07068,Female,24,17,31.77,540.09,DSL,5,No,No,No,Yes
CUST07069,CON07069,PAY07069,Female,32,50,30.33,1516.5,Fiber Optic,7,No,Yes,No,Yes
CUST07070,CON07070,PAY07070,Female,57,72,103.15,7426.8,Fiber Optic,2,Yes,Yes,Yes,Yes
CUST07071,CON07071,PAY07071,Male,18,23,32.07,737.61,DSL,1,No,Yes,No,Yes
CUST07072,CON07072,PAY07072,Male,72,51,30.52,1556.52,,3,No,Yes,Yes,No
CUST07073,CON07073,PAY07073,Male,22,26,82.97,2157.22,Cable,1,No,No,Yes,No
CUST07074,CON07074,PAY07074,Male,68,20,100.77,2015.4,,4,Yes,Yes,Yes,No
CUST07075,CON07075,PAY07075,Female,72,26,29.3,761.8,Cable,6,No,Yes,Yes,No
CUST07076,CON07076,PAY07076,Male,18,11,45.27,497.97,Cable,5,Yes,Yes,No,Yes
CUST07077,CON07077,PAY07077,Female,70,42,64.11,2692.62,Fiber Optic,6,No,No,Yes,Yes
CUST07078,CON07078,PAY07078,Female,22,48,101.7,4881.6,DSL,8,Yes,Yes,No,Yes
CUST07079,CON07079,PAY07079,Male,21,15,45.57,683.55,Cable,5,Yes,Yes,No,Yes
CUST07080,CON07080,PAY07080,Female,74,1,26.46,26.46,Cable,2,Yes,Yes,Yes,Yes
CUST07081,CON07081,PAY07081,Male,62,70,79.7,5579.0,Fiber Optic,6,No,Yes,Yes,Yes
CUST07082,CON07082,PAY07082,Female,22,62,95.82,5940.84,Fiber Optic,8,No,No,No,Yes
CUST07083,CON07083,PAY07083,Female,55,49,60.19,2949.31,,6,Yes,Yes,No,No
CUST07084,CON07084,PAY07084,Female,62,29,62.96,1825.84,,0,No,Yes,Yes,Yes
CUST07085,CON07085,PAY07085,Female,57,69,81.71,5637.99,,4,Yes,No,No,Yes
CUST07086,CON07086,PAY07086,Male,54,42,27.46,1153.32,,3,Yes,Yes,No,No
CUST07087,CON07087,PAY07087,Female,31,10,100.41,1004.1,Fiber Optic,2,Yes,Yes,No,No
CUST07088,CON07088,PAY07088,Female,60,28,60.36,1690.08,,2,No,Yes,Yes,Yes
CUST07089,CON07089,PAY07089,Male,49,3,30.37,91.11,Cable,1,Yes,Yes,No,Yes
CUST07090,CON07090,PAY07090,Male,57,1,84.66,84.66,Fiber Optic,0,No,No,No,No
CUST07091,CON07091,PAY07091,Female,67,38,53.08,2017.04,Cable,3,No,No,Yes,No
CUST07092,CON07092,PAY07092,Male,23,48,33.79,1621.92,DSL,4,Yes,No,Yes,Yes
CUST07093,CON07093,PAY07093,Female,49,32,46.0,1472.0,Fiber Optic,5,Yes,No,Yes,No
CUST07094,CON07094,PAY07094,Male,57,2,55.63,111.26,Cable,5,Yes,Yes,No,No
CUST07095,CON07095,PAY07095,Female,67,7,30.92,216.44,,2,Yes,No,Yes,No
CUST07096,CON07096,PAY07096,Female,18,48,99.3,4766.4,Cable,2,Yes,Yes,Yes,Yes
CUST07097,CON07097,PAY07097,Female,22,60,95.66,5739.6,Fiber Optic,8,No,No,No,Yes
CUST07098,CON07098,PAY07098,Male,58,69,30.1,2076.9,Cable,5,No,No,No,Yes
CUST07099,CON07099,PAY07099,Male,51,66,80.48,5311.68,Fiber Optic,6,Yes,Yes,Yes,No
CUST07100,CON07100,PAY07100,Female,40,64,26.09,1669.76,DSL,1,No,No,Yes,Yes
CUST07101,CON07101,PAY07101,Male,69,52,82.04,4266.08,,5,No,No,Yes,Yes
CUST07102,CON07102,PAY07102,Male,25,35,51.12,1789.2,Fiber Optic,0,Yes,No,No,No
CUST07103,CON07103,PAY07103,Female,75,25,75.82,1895.5,Cable,1,Yes,Yes,No,Yes
CUST07104,CON07104,PAY07104,Male,55,24,62.12,1490.88,Cable,4,Yes,Yes,Yes,Yes
CUST07105,CON07105,PAY07105,Female,30,10,97.14,971.4,Fiber Optic,3,Yes,Yes,No,No
CUST07106,CON07106,PAY07106,Female,68,35,49.22,1722.7,Cable,3,No,No,Yes,No
CUST07107,CON07107,PAY07107,Male,36,18,56.19,1011.42,Fiber Optic,4,No,No,No,Yes
CUST07108,CON07108,PAY07108,Female,26,10,103.49,1034.9,Fiber Optic,2,Yes,Yes,No,No
CUST07109,CON07109,PAY07109,Male,52,50,101.01,5050.5,Cable,0,No,No,Yes,No
CUST07110,CON07110,PAY07110,Female,64,25,33.86,846.5,Fiber Optic,0,No,Yes,Yes,Yes
CUST07111,CON07111,PAY07111,Female,55,32,95.61,3059.52,,7,No,No,No,No
CUST07112,CON07112,PAY07112,Female,67,21,33.88,711.48,Fiber Optic,2,No,Yes,No,Yes
CUST07113,CON07113,PAY07113,Male,23,40,45.66,1826.4,Cable,9,Yes,Yes,Yes,Yes
CUST07114,CON07114,PAY07114,Male,71,6,32.16,192.96,,6,Yes,No,Yes,No
CUST07115,CON07115,PAY07115,Male,50,2,98.22,196.44,DSL,6,No,No,No,No
CUST07116,CON07116,PAY07116,Male,56,1,77.94,77.94,Fiber Optic,0,No,No,No,No
CUST07117,CON07117,PAY07117,Male,26,72,83.64,6022.08,DSL,5,No,No,No,No
CUST07118,CON07118,PAY07118,Female,55,35,47.74,1670.9,DSL,5,Yes,Yes,No,Yes
CUST07119,CON07119,PAY07119,Female,72,21,75.58,1587.18,Cable,1,Yes,Yes,No,Yes
CUST07120,CON07120,PAY07120,Female,30,57,98.36,5606.52,Fiber Optic,4,No,Yes,No,Yes
CUST07121,CON07121,PAY07121,Female,59,70,103.58,7250.6,Fiber Optic,4,Yes,Yes,Yes,Yes
CUST07122,CON07122,PAY07122,Female,73,21,81.63,1714.23,Cable,0,Yes,Yes,No,Yes
CUST07123,CON07123,PAY07123,Female,41,65,28.08,1825.2,DSL,3,No,No,Yes,Yes
CUST07124,CON07124,PAY07124,Female,52,9,34.72,312.48,Fiber Optic,7,No,Yes,Yes,Yes
CUST07125,CON07125,PAY07125,Male,18,37,79.75,2950.75,DSL,7,Yes,No,No,No
CUST07126,CON07126,PAY07126,Female,26,67,47.12,3157.04,DSL,6,No,No,No,Yes
CUST07127,CON07127,PAY07127,Male,24,70,77.58,5430.6,DSL,6,No,No,No,No
CUST07128,CON07128,PAY07128,Female,41,68,32.87,2235.16,DSL,1,No,Yes,No,No
CUST07129,CON07129,PAY07129,Female,76,72,53.93,3882.96,Cable,2,No,No,Yes,Yes
CUST07130,CON07130,PAY07130,Male,62,69,75.15,5185.35,Fiber Optic,6,No,Yes,Yes,Yes
CUST07131,CON07131,PAY07131,Female,27,63,47.04,2963.52,Cable,2,No,Yes,Yes,No
CUST07132,CON07132,PAY07132,Male,58,44,31.75,1397.0,,4,Yes,Yes,No,No
CUST07133,CON07133,PAY07133,Male,23,70,78.49,5494.3,DSL,5,No,No,No,No
CUST07134,CON07134,PAY07134,Female,33,46,64.49,2966.54,Fiber Optic,7,Yes,No,No,Yes
CUST07135,CON07135,PAY07135,Female,51,2,61.65,123.3,DSL,3,Yes,No,Yes,No
CUST07136,CON07136,PAY07136,Male,23,46,29.3,1347.8,DSL,4,Yes,No,Yes,Yes
CUST07137,CON07137,PAY07137,Female,71,22,80.91,1780.02,Cable,1,Yes,Yes,No,Yes
CUST07138,CON07138,PAY07138,Female,60,69,82.48,5691.12,,4,Yes,No,No,Yes
CUST07139,CON07139,PAY07139,Female,31,40,25.52,1020.8,,3,No,No,No,Yes
CUST07140,CON07140,PAY07140,Female,67,6,25.63,153.78,,4,Yes,No,Yes,No
CUST07141,CON07141,PAY07141,Female,26,67,48.52,3250.84,DSL,6,No,No,No,Yes
CUST07142,CON07142,PAY07142,Female,71,29,60.53,1755.37,Cable,1,Yes,No,Yes,Yes
CUST07143,CON07143,PAY07143,Female,35,59,99.52,5871.68,Fiber Optic,5,No,Yes,No,Yes
CUST07144,CON07144,PAY07144,Male,46,1,96.72,96.72,DSL,5,No,No,No,No
CUST07145,CON07145,PAY07145,Male,61,59,33.83,1995.97,,1,No,Yes,Yes,No
CUST07146,CON07146,PAY07146,Male,69,3,76.67,230.01,,2,Yes,No,Yes,Yes
CUST07147,CON07147,PAY07147,Male,22,39,51.43,2005.77,Fiber Optic,1,Yes,No,No,No
CUST07148,CON07148,PAY07148,Male,59,69,81.22,5604.18,Fiber Optic,6,No,Yes,Yes,Yes
CUST07149,CON07149,PAY07149,Female,69,23,80.34,1847.82,Cable,1,Yes,Yes,No,Yes
CUST07150,CON07150,PAY07150,Male,36,17,59.53,1012.01,Fiber Optic,5,No,No,No,Yes
CUST07151,CON07151,PAY07151,Female,46,42,79.36,3333.12,DSL,8,No,No,No,Yes
CUST07152,CON07152,PAY07152,Male,60,71,76.34,5420.14,Fiber Optic,6,No,Yes,Yes,Yes
CUST07153,CON07153,PAY07153,Female,53,34,48.79,1658.86,DSL,6,Yes,Yes,No,Yes
CUST07154,CON07154,PAY07154,Female,52,29,102.91,2984.39,Cable,4,Yes,No,No,Yes
CUST07155,CON07155,PAY07155,Female,53,9,32.51,292.59,Fiber Optic,7,No,Yes,Yes,Yes
CUST07156,CON07156,PAY07156,Male,52,2,97.81,195.62,DSL,7,No,No,No,No
CUST07157,CON07157,PAY07157,Male,52,6,62.85,377.1,Cable,4,Yes,Yes,No,No
CUST07158,CON07158,PAY07158,Male,23,40,50.31,2012.4,Cable,7,Yes,Yes,Yes,Yes
CUST07159,CON07159,PAY07159,Male,24,71,76.18,5408.78,DSL,6,No,No,No,No
CUST07160,CON07160,PAY07160,Female,61,49,62.14,3044.86,,6,Yes,Yes,No,No
CUST07161,CON07161,PAY07161,Male,55,5,58.39,291.95,Cable,5,Yes,Yes,No,No
CUST07162,CON07162,PAY07162,Male,67,4,83.17,332.68,,1,Yes,No,Yes,Yes
CUST07163,CON07163,PAY07163,Male,69,6,77.59,465.54,,0,Yes,No,Yes,Yes
CUST07164,CON07164,PAY07164,Female,43,6,55.85,335.1,DSL,5,No,Yes,Yes,No
CUST07165,CON07165,PAY07165,Male,26,35,46.1,1613.5,Fiber Optic,1,Yes,No,No,No
CUST07166,CON07166,PAY07166,Female,30,58,97.89,5677.62,Fiber Optic,4,No,Yes,No,Yes
CUST07167,CON07167,PAY07167,Male,59,69,58.03,4004.07,Fiber Optic,1,Yes,No,Yes,No
CUST07168,CON07168,PAY07168,Female,68,46,57.99,2667.54,Fiber Optic,6,No,No,Yes,Yes
CUST07169,CON07169,PAY07169,Male,71,46,64.44,2964.24,Cable,7,No,Yes,No,Yes
CUST07170,CON07170,PAY07170,Female,33,38,33.72,1281.36,,3,No,No,No,Yes
CUST07171,CON07171,PAY07171,Male,69,6,79.63,477.78,,1,Yes,No,Yes,Yes
CUST07172,CON07172,PAY07172,Male,30,25,45.55,1138.75,,0,No,Yes,No,No
CUST07173,CON07173,PAY07173,Male,68,45,63.91,2875.95,Cable,6,No,Yes,No,Yes
CUST07174,CON07174,PAY07174,Male,25,72,81.58,5873.76,DSL,6,No,No,No,No
CUST07175,CON07175,PAY07175,Female,49,32,103.76,3320.32,Cable,5,Yes,No,No,Yes
CUST07176,CON07176,PAY07176,Male,57,59,55.1,3250.9,Cable,8,Yes,Yes,No,No
CUST07177,CON07177,PAY07177,Male,30,33,63.39,2091.87,Fiber Optic,1,No,No,No,Yes
CUST07178,CON07178,PAY07178,Male,18,51,32.81,1673.31,DSL,0,No,No,Yes,Yes
CUST07179,CON07179,PAY07179,Female,39,67,25.34,1697.78,DSL,0,No,Yes,No,No
CUST07180,CON07180,PAY07180,Female,73,72,49.86,3589.92,Cable,1,No,No,Yes,Yes
CUST07181,CON07181,PAY07181,Male,30,42,77.16,3240.72,DSL,5,No,No,No,No
CUST07182,CON07182,PAY07182,Female,49,42,75.16,3156.72,DSL,8,No,No,No,Yes
CUST07183,CON07183,PAY07183,Female,71,1,29.48,29.48,Cable,2,Yes,Yes,Yes,Yes
CUST07184,CON07184,PAY07184,Female,74,39,62.14,2423.46,DSL,1,Yes,No,Yes,No
CUST07185,CON07185,PAY07185,Male,65,52,76.41,3973.32,,5,No,No,Yes,Yes
CUST07186,CON07186,PAY07186,Female,68,27,30.54,824.58,Fiber Optic,0,No,Yes,Yes,Yes
CUST07187,CON07187,PAY07187,Female,33,36,99.26,3573.36,Cable,0,Yes,Yes,Yes,No
CUST07188,CON07188,PAY07188,Female,75,70,50.71,3549.7,Cable,0,No,No,Yes,Yes
CUST07189,CON07189,PAY07189,Male,18,24,33.91,813.84,DSL,0,No,Yes,No,Yes
CUST07190,CON07190,PAY07190,Male,52,1,76.02,76.02,Fiber Optic,1,No,No,No,No
CUST07191,CON07191,PAY07191,Female,52,42,98.03,4117.26,DSL,1,No,No,No,No
CUST07192,CON07192,PAY07192,Female,72,27,27.2,734.4,Cable,5,No,Yes,Yes,No
CUST07193,CON07193,PAY07193,Male,64,59,77.67,4582.53,Cable,1,No,No,No,No
CUST07194,CON07194,PAY07194,Male,23,47,27.63,1298.61,DSL,6,Yes,No,Yes,Yes
CUST07195,CON07195,PAY07195,Male,20,39,48.84,1904.76,Cable,8,Yes,Yes,Yes,Yes
CUST07196,CON07196,PAY07196,Female,48,31,48.87,1514.97,Fiber Optic,4,Yes,No,Yes,No
CUST07197,CON07197,PAY07197,Female,42,47,60.31,2834.57,,5,Yes,Yes,No,No
CUST07198,CON07198,PAY07198,Male,23,37,53.71,1987.27,Fiber Optic,1,Yes,No,No,No
CUST07199,CON07199,PAY07199,Male,66,53,32.48,1721.44,,4,No,Yes,Yes,No
CUST07200,CON07200,PAY07200,Female,18,9,98.09,882.81,,1,No,Yes,Yes,No
CUST07201,CON07201,PAY07201,Male,73,7,80.79,565.53,,0,Yes,No,Yes,Yes
CUST07202,CON07202,PAY07202,Female,40,14,79.12,1107.68,Fiber Optic,1,No,Yes,No,Yes
CUST07203,CON07203,PAY07203,Female,70,50,62.02,3101.0,Cable,5,Yes,No,Yes,No
CUST07204,CON07204,PAY07204,Male,56,68,64.81,4407.08,Fiber Optic,0,Yes,No,Yes,No
CUST07205,CON07205,PAY07205,Male,73,21,61.84,1298.64,DSL,1,No,Yes,No,No
CUST07206,CON07206,PAY07206,Female,33,55,55.53,3054.15,Fiber Optic,2,No,No,Yes,Yes
CUST07207,CON07207,PAY07207,Male,69,58,78.08,4528.64,Cable,0,No,No,No,No
CUST07208,CON07208,PAY07208,Male,18,21,27.07,568.47,DSL,0,No,Yes,No,Yes
CUST07209,CON07209,PAY07209,Male,57,30,96.56,2896.8,,8,Yes,No,Yes,No
CUST07210,CON07210,PAY07210,Female,68,4,50.65,202.6,,1,No,Yes,Yes,No
CUST07211,CON07211,PAY07211,Female,57,22,75.87,1669.14,DSL,3,Yes,Yes,No,No
CUST07212,CON07212,PAY07212,Female,58,33,47.12,1554.96,DSL,7,Yes,Yes,No,Yes
CUST07213,CON07213,PAY07213,Female,49,45,104.36,4696.2,DSL,1,No,No,No,No
CUST07214,CON07214,PAY07214,Male,18,11,48.71,535.81,Cable,3,Yes,Yes,No,Yes
CUST07215,CON07215,PAY07215,Female,18,59,95.58,5639.22,Fiber Optic,6,No,No,No,Yes
CUST07216,CON07216,PAY07216,Male,38,20,58.95,1179.0,Fiber Optic,4,No,No,No,Yes
CUST07217,CON07217,PAY07217,Female,36,51,32.96,1680.96,Fiber Optic,5,No,Yes,No,Yes
CUST07218,CON07218,PAY07218,Male,55,67,31.36,2101.12,Cable,3,No,No,No,Yes
CUST07219,CON07219,PAY07219,Female,65,27,58.72,1585.44,Cable,0,Yes,No,Yes,Yes
CUST07220,CON07220,PAY07220,Female,71,36,51.11,1839.96,Cable,3,No,No,Yes,No
CUST07221,CON07221,PAY07221,Male,26,72,84.47,6081.84,DSL,4,No,No,No,No
CUST07222,CON07222,PAY07222,Female,66,44,64.67,2845.48,Fiber Optic,6,No,No,Yes,Yes
CUST07223,CON07223,PAY07223,Female,18,62,96.08,5956.96,Fiber Optic,8,No,No,No,Yes
CUST07224,CON07224,PAY07224,Female,77,4,34.76,139.04,Cable,2,Yes,Yes,Yes,Yes
CUST07225,CON07225,PAY07225,Male,75,25,57.18,1429.5,DSL,2,No,Yes,No,No
CUST07226,CON07226,PAY07226,Female,69,34,46.9,1594.6,Cable,2,No,No,Yes,No
CUST07227,CON07227,PAY07227,Male,20,71,84.99,6034.29,DSL,4,No,No,No,No
CUST07228,CON07228,PAY07228,Male,72,34,82.46,2803.64,Fiber Optic,7,No,No,No,Yes
CUST07229,CON07229,PAY07229,Female,60,26,78.33,2036.58,DSL,3,Yes,Yes,No,No
CUST07230,CON07230,PAY07230,Male,52,60,56.89,3413.4,Cable,9,Yes,Yes,No,No
CUST07231,CON07231,PAY07231,Male,71,48,59.25,2844.0,Cable,7,No,Yes,No,Yes
CUST07232,CON07232,PAY07232,Male,60,65,63.27,4112.55,Fiber Optic,0,Yes,No,Yes,No
CUST07233,CON07233,PAY07233,Female,41,69,27.38,1889.22,DSL,0,No,Yes,No,No
CUST07234,CON07234,PAY07234,Male,28,57,27.78,1583.46,Cable,8,Yes,Yes,Yes,Yes
CUST07235,CON07235,PAY07235,Male,60,68,63.27,4302.36,Fiber Optic,0,Yes,No,Yes,No
CUST07236,CON07236,PAY07236,Male,68,6,77.91,467.46,,2,Yes,No,Yes,Yes
CUST07237,CON07237,PAY07237,Male,56,49,103.73,5082.77,Cable,0,No,No,Yes,No
CUST07238,CON07238,PAY07238,Female,65,28,56.51,1582.28,,2,No,No,Yes,Yes
CUST07239,CON07239,PAY07239,Female,70,50,58.14,2907.0,Cable,5,Yes,No,Yes,No
CUST07240,CON07240,PAY07240,Female,28,23,34.28,788.44,Fiber Optic,0,No,No,No,No
CUST07241,CON07241,PAY07241,Female,47,3,60.41,181.23,DSL,3,Yes,No,Yes,No
CUST07242,CON07242,PAY07242,Female,75,72,46.84,3372.48,Cable,0,No,No,Yes,Yes
CUST07243,CON07243,PAY07243,Female,33,44,62.88,2766.72,Fiber Optic,7,Yes,No,No,Yes
CUST07244,CON07244,PAY07244,Male,73,7,26.17,183.19,,4,Yes,No,Yes,No
CUST07245,CON07245,PAY07245,Female,54,41,99.33,4072.53,DSL,1,No,No,No,No
CUST07246,CON07246,PAY07246,Female,41,11,76.48,841.28,Fiber Optic,1,No,Yes,No,Yes
CUST07247,CON07247,PAY07247,Female,55,72,101.0,7272.0,Fiber Optic,3,Yes,Yes,Yes,Yes
CUST07248,CON07248,PAY07248,Male,54,66,33.84,2233.44,Cable,4,No,No,No,Yes
CUST07249,CON07249,PAY07249,Male,24,35,77.64,2717.4,Fiber Optic,8,Yes,Yes,No,Yes
CUST07250,CON07250,PAY07250,Male,51,59,55.57,3278.63,Cable,9,Yes,Yes,No,No
CUST07251,CON07251,PAY07251,Female,40,66,34.38,2269.08,DSL,1,No,Yes,No,No
CUST07252,CON07252,PAY07252,Male,68,45,60.5,2722.5,Cable,7,No,Yes,No,Yes
CUST07253,CON07253,PAY07253,Male,25,35,75.22,2632.7,Fiber Optic,8,Yes,Yes,No,Yes
CUST07254,CON07254,PAY07254,Male,76,22,61.99,1363.78,Cable,0,Yes,No,Yes,Yes
CUST07255,CON07255,PAY07255,Female,24,69,49.52,3416.88,DSL,7,No,No,No,Yes
CUST07256,CON07256,PAY07256,Male,39,64,102.48,6558.72,,7,Yes,No,Yes,Yes
CUST07257,CON07257,PAY07257,Male,48,65,81.97,5328.05,Fiber Optic,5,Yes,Yes,Yes,No
CUST07258,CON07258,PAY07258,Male,69,50,75.15,3757.5,,6,No,No,Yes,Yes
CUST07259,CON07259,PAY07259,Male,23,29,79.12,2294.48,Cable,0,No,No,Yes,No
CUST07260,CON07260,PAY07260,Male,54,3,32.37,97.11,Cable,3,Yes,Yes,No,Yes
CUST07261,CON07261,PAY07261,Female,19,6,98.82,592.92,,3,No,Yes,Yes,No
CUST07262,CON07262,PAY07262,Female,30,39,97.21,3791.19,Cable,0,Yes,Yes,Yes,No
CUST07263,CON07263,PAY07263,Female,40,63,30.37,1913.31,DSL,2,No,No,Yes,Yes
CUST07264,CON07264,PAY07264,Female,21,10,99.37,993.7,,1,No,Yes,Yes,No
CUST07265,CON07265,PAY07265,Male,30,60,32.45,1947.0,Cable,8,Yes,Yes,Yes,Yes
CUST07266,CON07266,PAY07266,Female,22,19,34.73,659.87,DSL,6,No,No,No,Yes
CUST07267,CON07267,PAY07267,Female,46,44,78.03,3433.32,DSL,8,No,No,No,Yes
CUST07268,CON07268,PAY07268,Female,48,31,51.02,1581.62,Fiber Optic,5,Yes,No,Yes,No
CUST07269,CON07269,PAY07269,Male,53,47,104.17,4895.99,Cable,0,No,No,Yes,No
CUST07270,CON07270,PAY07270,Male,22,39,45.16,1761.24,Cable,7,Yes,Yes,Yes,Yes
CUST07271,CON07271,PAY07271,Male,26,48,29.45,1413.6,DSL,5,Yes,No,Yes,Yes
CUST07272,CON07272,PAY07272,Male,76,26,62.93,1636.18,Cable,0,Yes,No,Yes,Yes
CUST07273,CON07273,PAY07273,Female,61,32,101.69,3254.08,,5,No,No,No,No
CUST07274,CON07274,PAY07274,Male,49,55,60.36,3319.8,Cable,2,No,Yes,No,No
CUST07275,CON07275,PAY07275,Female,26,12,97.09,1165.08,Fiber Optic,3,Yes,Yes,No,No
CUST07276,CON07276,PAY07276,Female,43,48,57.37,2753.76,,3,Yes,Yes,No,No
CUST07277,CON07277,PAY07277,Female,18,47,103.58,4868.26,Cable,3,Yes,Yes,Yes,Yes
CUST07278,CON07278,PAY07278,Male,57,24,60.37,1448.88,Cable,5,Yes,Yes,Yes,Yes
CUST07279,CON07279,PAY07279,Female,46,6,58.92,353.52,DSL,5,No,Yes,Yes,No
CUST07280,CON07280,PAY07280,Male,32,57,33.2,1892.4,Cable,7,Yes,Yes,Yes,Yes
CUST07281,CON07281,PAY07281,Female,29,53,64.13,3398.89,Fiber Optic,3,No,No,Yes,Yes
CUST07282,CON07282,PAY07282,Male,18,23,33.35,767.05,DSL,0,No,Yes,No,Yes
CUST07283,CON07283,PAY07283,Male,56,49,103.03,5048.47,Cable,2,No,No,Yes,No
CUST07284,CON07284,PAY07284,Male,19,29,48.24,1398.96,,2,No,Yes,Yes,No
CUST07285,CON07285,PAY07285,Male,74,48,62.24,2987.52,Cable,6,No,Yes,No,Yes
CUST07286,CON07286,PAY07286,Female,43,68,29.72,2020.96,DSL,0,No,Yes,No,No
CUST07287,CON07287,PAY07287,Male,21,51,31.79,1621.29,DSL,1,No,No,Yes,Yes
CUST07288,CON07288,PAY07288,Female,60,28,63.08,1766.24,,2,No,No,Yes,Yes
CUST07289,CON07289,PAY07289,Female,60,63,97.85,6164.55,Cable,0,No,No,Yes,Yes
CUST07290,CON07290,PAY07290,Female,54,33,46.16,1523.28,DSL,5,Yes,Yes,No,Yes
CUST07291,CON07291,PAY07291,Male,72,36,79.06,2846.16,Fiber Optic,7,No,No,No,Yes
CUST07292,CON07292,PAY07292,Female,31,10,103.13,1031.3,Fiber Optic,3,Yes,Yes,No,No
CUST07293,CON07293,PAY07293,Female,57,67,29.07,1947.69,Cable,5,Yes,No,Yes,Yes
CUST07294,CON07294,PAY07294,Male,59,67,29.27,1961.09,Cable,3,No,No,No,Yes
CUST07295,CON07295,PAY07295,Male,20,14,46.22,647.08,Cable,4,Yes,Yes,No,Yes
CUST07296,CON07296,PAY07296,Male,32,23,49.21,1131.83,,0,No,Yes,No,No
CUST07297,CON07297,PAY07297,Female,39,65,29.88,1942.2,DSL,1,No,No,Yes,Yes
CUST07298,CON07298,PAY07298,Male,56,23,58.03,1334.69,Cable,6,Yes,Yes,Yes,Yes
CUST07299,CON07299,PAY07299,Female,60,30,55.02,1650.6,,2,No,Yes,Yes,Yes
CUST07300,CON07300,PAY07300,Male,24,54,26.64,1438.56,DSL,2,No,No,Yes,Yes
CUST07301,CON07301,PAY07301,Female,62,31,57.14,1771.34,,2,No,No,Yes,Yes
CUST07302,CON07302,PAY07302,Female,18,49,101.93,4994.57,DSL,8,Yes,Yes,No,Yes
CUST07303,CON07303,PAY07303,Female,66,7,26.04,182.28,,4,Yes,No,Yes,No
CUST07304,CON07304,PAY07304,Male,52,1,76.48,76.48,Fiber Optic,0,No,No,No,No
CUST07305,CON07305,PAY07305,Male,65,51,76.14,3883.14,,5,No,No,Yes,Yes
CUST07306,CON07306,PAY07306,Male,69,5,31.87,159.35,,6,Yes,No,Yes,No
CUST07307,CON07307,PAY07307,Male,23,35,79.92,2797.2,Fiber Optic,8,Yes,Yes,No,Yes
CUST07308,CON07308,PAY07308,Female,18,10,100.13,1001.3,,3,No,Yes,Yes,No
CUST07309,CON07309,PAY07309,Female,37,62,27.0,1674.0,DSL,3,No,No,Yes,Yes
CUST07310,CON07310,PAY07310,Female,69,21,101.28,2126.88,Cable,2,No,No,Yes,No
CUST07311,CON07311,PAY07311,Male,36,26,53.34,1386.84,,0,No,Yes,No,No
CUST07312,CON07312,PAY07312,Male,52,54,61.71,3332.34,Cable,0,No,Yes,No,No
CUST07313,CON07313,PAY07313,Male,68,47,58.79,2763.13,Cable,6,No,Yes,No,Yes
CUST07314,CON07314,PAY07314,Female,58,52,62.96,3273.92,,6,Yes,Yes,No,No
CUST07315,CON07315,PAY07315,Female,39,46,55.96,2574.16,,3,Yes,Yes,No,No
CUST07316,CON07316,PAY07316,Male,57,68,55.41,3767.88,Fiber Optic,1,Yes,No,Yes,No
CUST07317,CON07317,PAY07317,Male,70,54,34.77,1877.58,,5,No,Yes,Yes,No
CUST07318,CON07318,PAY07318,Female,71,25,82.71,2067.75,Cable,0,Yes,Yes,No,Yes
CUST07319,CON07319,PAY07319,Male,24,26,77.06,2003.56,Cable,0,No,No,Yes,No
CUST07320,CON07320,PAY07320,Female,70,27,62.66,1691.82,Cable,1,Yes,No,Yes,Yes
CUST07321,CON07321,PAY07321,Male,28,35,53.51,1872.85,Fiber Optic,0,Yes,No,No,No
CUST07322,CON07322,PAY07322,Female,68,23,28.66,659.18,Fiber Optic,1,No,Yes,Yes,Yes
CUST07323,CON07323,PAY07323,Male,70,5,29.42,147.1,,4,Yes,No,Yes,No
CUST07324,CON07324,PAY07324,Female,32,44,58.9,2591.6,Fiber Optic,6,Yes,No,No,Yes
CUST07325,CON07325,PAY07325,Female,55,52,64.49,3353.48,,7,Yes,Yes,No,No
CUST07326,CON07326,PAY07326,Female,54,66,33.59,2216.94,Cable,5,Yes,No,Yes,Yes
CUST07327,CON07327,PAY07327,Male,47,4,101.05,404.2,DSL,5,No,No,No,No
CUST07328,CON07328,PAY07328,Female,64,19,27.05,513.95,Fiber Optic,2,No,Yes,No,Yes
CUST07329,CON07329,PAY07329,Male,58,67,62.19,4166.73,Fiber Optic,1,Yes,No,Yes,No
CUST07330,CON07330,PAY07330,Male,26,41,81.93,3359.13,DSL,5,No,No,No,No
CUST07331,CON07331,PAY07331,Female,69,1,45.08,45.08,,2,No,Yes,Yes,No
CUST07332,CON07332,PAY07332,Male,26,37,47.69,1764.53,Fiber Optic,2,Yes,No,No,No
CUST07333,CON07333,PAY07333,Female,38,49,28.21,1382.29,Fiber Optic,5,No,Yes,No,Yes
CUST07334,CON07334,PAY07334,Female,52,67,32.26,2161.42,Cable,5,Yes,No,Yes,Yes
CUST07335,CON07335,PAY07335,Female,18,62,97.8,6063.6,Fiber Optic,7,No,No,No,Yes
CUST07336,CON07336,PAY07336,Female,36,37,100.38,3714.06,Cable,0,Yes,Yes,Yes,No
CUST07337,CON07337,PAY07337,Male,28,36,47.71,1717.56,Fiber Optic,1,Yes,No,No,No
CUST07338,CON07338,PAY07338,Male,77,23,58.25,1339.75,DSL,2,No,Yes,No,No
CUST07339,CON07339,PAY07339,Female,58,59,96.28,5680.52,Cable,0,No,No,Yes,Yes
CUST07340,CON07340,PAY07340,Female,32,54,56.4,3045.6,Fiber Optic,3,No,No,Yes,Yes
CUST07341,CON07341,PAY07341,Male,21,12,49.62,595.44,Cable,5,Yes,Yes,No,Yes
CUST07342,CON07342,PAY07342,Male,33,46,64.82,2981.72,Fiber Optic,9,No,No,Yes,No
CUST07343,CON07343,PAY07343,Female,76,71,49.35,3503.85,Cable,0,No,No,Yes,Yes
CUST07344,CON07344,PAY07344,Male,52,31,101.98,3161.38,,9,Yes,No,Yes,No
CUST07345,CON07345,PAY07345,Female,57,32,50.89,1628.48,DSL,7,Yes,Yes,No,Yes
CUST07346,CON07346,PAY07346,Male,50,3,27.13,81.39,Cable,1,Yes,Yes,No,Yes
CUST07347,CON07347,PAY07347,Female,71,51,56.1,2861.1,Cable,4,Yes,No,Yes,No
CUST07348,CON07348,PAY07348,Female,37,65,33.81,2197.65,DSL,2,No,No,Yes,Yes
CUST07349,CON07349,PAY07349,Male,60,65,30.2,1963.0,Cable,4,No,No,No,Yes
CUST07350,CON07350,PAY07350,Female,31,62,47.3,2932.6,Cable,2,No,Yes,Yes,No
CUST07351,CON07351,PAY07351,Female,72,52,63.37,3295.24,Cable,5,Yes,No,Yes,No
CUST07352,CON07352,PAY07352,Female,72,1,32.8,32.8,Cable,1,Yes,Yes,Yes,Yes
CUST07353,CON07353,PAY07353,Male,30,28,104.11,2915.08,Fiber Optic,3,Yes,No,Yes,Yes
CUST07354,CON07354,PAY07354,Male,46,4,99.98,399.92,DSL,6,No,No,No,No
CUST07355,CON07355,PAY07355,Female,25,14,97.87,1370.18,Fiber Optic,1,Yes,Yes,No,No
CUST07356,CON07356,PAY07356,Male,29,24,99.25,2382.0,Fiber Optic,3,Yes,No,Yes,Yes
CUST07357,CON07357,PAY07357,Female,66,6,26.01,156.06,,2,Yes,No,Yes,No
CUST07358,CON07358,PAY07358,Female,22,68,52.07,3540.76,DSL,8,No,No,No,Yes
CUST07359,CON07359,PAY07359,Male,72,23,62.8,1444.4,DSL,1,No,Yes,No,No
CUST07360,CON07360,PAY07360,Male,64,61,27.48,1676.28,,2,No,Yes,Yes,No
CUST07361,CON07361,PAY07361,Male,23,72,84.57,6089.04,DSL,6,No,No,No,No
CUST07362,CON07362,PAY07362,Female,46,29,52.31,1516.99,Fiber Optic,4,Yes,No,Yes,No
CUST07363,CON07363,PAY07363,Female,67,26,32.66,849.16,Cable,4,No,Yes,Yes,No
CUST07364,CON07364,PAY07364,Female,66,17,34.56,587.52,Fiber Optic,1,No,Yes,No,Yes
CUST07365,CON07365,PAY07365,Male,72,23,55.38,1273.74,DSL,0,No,Yes,No,No
CUST07366,CON07366,PAY07366,Female,55,66,33.57,2215.62,Cable,3,Yes,No,Yes,Yes
CUST07367,CON07367,PAY07367,Female,32,56,59.34,3323.04,Fiber Optic,2,No,No,Yes,Yes
CUST07368,CON07368,PAY07368,Male,57,21,62.3,1308.3,Cable,5,Yes,Yes,Yes,Yes
CUST07369,CON07369,PAY07369,Female,61,51,61.4,3131.4,,5,Yes,Yes,No,No
CUST07370,CON07370,PAY07370,Male,26,47,27.46,1290.62,DSL,6,Yes,No,Yes,Yes
CUST07371,CON07371,PAY07371,Female,44,12,78.88,946.56,Fiber Optic,1,No,Yes,No,Yes
CUST07372,CON07372,PAY07372,Male,25,72,80.59,5802.48,DSL,6,No,No,No,No
CUST07373,CON07373,PAY07373,Female,67,50,64.72,3236.0,Cable,6,Yes,No,Yes,No
CUST07374,CON07374,PAY07374,Female,60,31,55.75,1728.25,,1,No,Yes,Yes,Yes
CUST07375,CON07375,PAY07375,Female,18,63,101.75,6410.25,Fiber Optic,7,No,No,No,Yes
CUST07376,CON07376,PAY07376,Female,57,35,95.54,3343.9,,6,No,No,No,No
CUST07377,CON07377,PAY07377,Male,20,37,82.77,3062.49,DSL,8,Yes,No,No,No
CUST07378,CON07378,PAY07378,Male,30,4,56.23,224.92,,9,No,No,Yes,No
CUST07379,CON07379,PAY07379,Female,54,34,53.27,1811.18,DSL,6,Yes,Yes,No,Yes
CUST07380,CON07380,PAY07380,Male,68,59,82.34,4858.06,Cable,1,No,No,No,No
CUST07381,CON07381,PAY07381,Female,44,49,64.82,3176.18,,5,Yes,Yes,No,No
CUST07382,CON07382,PAY07382,Male,51,47,52.92,2487.24,,3,No,No,Yes,No
CUST07383,CON07383,PAY07383,Female,70,25,30.57,764.25,Fiber Optic,1,No,Yes,Yes,Yes
CUST07384,CON07384,PAY07384,Female,72,71,54.24,3851.04,Cable,2,No,No,Yes,Yes
CUST07385,CON07385,PAY07385,Female,56,66,26.21,1729.86,Cable,4,Yes,No,Yes,Yes
CUST07386,CON07386,PAY07386,Male,32,13,83.07,1079.91,DSL,0,Yes,No,Yes,No
CUST07387,CON07387,PAY07387,Male,32,14,79.76,1116.64,DSL,1,Yes,No,Yes,No
CUST07388,CON07388,PAY07388,Female,28,61,52.56,3206.16,Cable,0,No,Yes,Yes,No
CUST07389,CON07389,PAY07389,Male,47,55,59.14,3252.7,Cable,0,No,Yes,No,No
CUST07390,CON07390,PAY07390,Female,71,18,100.96,1817.28,Cable,2,No,No,Yes,No
CUST07391,CON07391,PAY07391,Female,20,10,101.78,1017.8,,3,No,Yes,Yes,No
CUST07392,CON07392,PAY07392,Female,72,46,58.1,2672.6,Fiber Optic,7,No,No,Yes,Yes
CUST07393,CON07393,PAY07393,Male,33,63,101.93,6421.59,,7,Yes,No,Yes,Yes
CUST07394,CON07394,PAY07394,Female,61,28,55.87,1564.36,,0,No,Yes,Yes,Yes
CUST07395,CON07395,PAY07395,Male,24,34,80.68,2743.12,Fiber Optic,7,Yes,Yes,No,Yes
CUST07396,CON07396,PAY07396,Male,24,35,45.6,1596.0,Fiber Optic,1,Yes,No,No,No
CUST07397,CON07397,PAY07397,Male,58,69,25.0,1725.0,Cable,5,No,No,No,Yes
CUST07398,CON07398,PAY07398,Male,54,24,57.51,1380.24,Cable,6,Yes,Yes,Yes,Yes
CUST07399,CON07399,PAY07399,Male,59,69,81.1,5595.9,Fiber Optic,5,No,Yes,Yes,Yes
CUST07400,CON07400,PAY07400,Female,53,9,32.54,292.86,Fiber Optic,7,No,Yes,Yes,Yes
CUST07401,CON07401,PAY07401,Male,34,47,61.92,2910.24,Fiber Optic,9,No,No,Yes,No
CUST07402,CON07402,PAY07402,Female,52,33,102.14,3370.62,Cable,4,Yes,No,No,Yes
CUST07403,CON07403,PAY07403,Female,57,67,34.59,2317.53,Cable,3,Yes,No,Yes,Yes
CUST07404,CON07404,PAY07404,Female,58,26,75.87,1972.62,DSL,3,Yes,Yes,No,No
CUST07405,CON07405,PAY07405,Female,40,14,82.05,1148.7,Fiber Optic,1,No,Yes,No,Yes
CUST07406,CON07406,PAY07406,Female,44,43,80.38,3456.34,DSL,8,No,No,No,Yes
CUST07407,CON07407,PAY07407,Female,52,10,26.72,267.2,Fiber Optic,8,No,Yes,Yes,Yes
CUST07408,CON07408,PAY07408,Female,25,20,26.15,523.0,DSL,6,No,No,No,Yes
CUST07409,CON07409,PAY07409,Female,47,42,84.47,3547.74,DSL,6,No,No,No,Yes
CUST07410,CON07410,PAY07410,Male,25,40,46.59,1863.6,Cable,8,Yes,Yes,Yes,Yes
CUST07411,CON07411,PAY07411,Female,22,63,104.08,6557.04,Fiber Optic,7,No,No,No,Yes
CUST07412,CON07412,PAY07412,Male,70,53,75.76,4015.28,,6,No,No,Yes,Yes
CUST07413,CON07413,PAY07413,Female,68,1,50.3,50.3,,2,No,Yes,Yes,No
CUST07414,CON07414,PAY07414,Female,53,36,51.46,1852.56,DSL,5,Yes,Yes,No,Yes
CUST07415,CON07415,PAY07415,Female,46,7,60.13,420.91,DSL,5,No,Yes,Yes,No
CUST07416,CON07416,PAY07416,Male,74,23,64.92,1493.16,DSL,0,No,Yes,No,No
CUST07417,CON07417,PAY07417,Female,28,22,27.36,601.92,Fiber Optic,2,No,No,No,No
CUST07418,CON07418,PAY07418,Female,38,47,32.99,1550.53,Fiber Optic,7,No,Yes,No,Yes
CUST07419,CON07419,PAY07419,Female,61,27,59.48,1605.96,,1,No,Yes,Yes,Yes
CUST07420,CON07420,PAY07420,Male,67,51,33.35,1700.85,,5,No,Yes,Yes,No
CUST07421,CON07421,PAY07421,Female,69,27,64.63,1745.01,Cable,1,Yes,No,Yes,Yes
CUST07422,CON07422,PAY07422,Female,45,44,75.81,3335.64,DSL,8,No,No,No,Yes
CUST07423,CON07423,PAY07423,Female,27,21,32.84,689.64,Fiber Optic,2,No,No,No,No
CUST07424,CON07424,PAY07424,Male,54,1,81.77,81.77,Fiber Optic,0,No,No,No,No
CUST07425,CON07425,PAY07425,Female,27,17,28.79,489.43,DSL,6,No,No,No,Yes
CUST07426,CON07426,PAY07426,Male,32,56,32.39,1813.84,Cable,7,Yes,Yes,Yes,Yes
CUST07427,CON07427,PAY07427,Female,38,51,29.22,1490.22,Fiber Optic,7,No,Yes,No,Yes
CUST07428,CON07428,PAY07428,Male,72,24,62.31,1495.44,DSL,2,No,Yes,No,No
CUST07429,CON07429,PAY07429,Female,44,12,83.37,1000.44,Fiber Optic,2,No,Yes,No,Yes
CUST07430,CON07430,PAY07430,Female,62,27,64.44,1739.88,,2,No,Yes,Yes,Yes
CUST07431,CON07431,PAY07431,Male,33,47,47.38,2226.86,Fiber Optic,7,No,Yes,No,Yes
CUST07432,CON07432,PAY07432,Male,34,17,80.33,1365.61,DSL,1,Yes,No,Yes,No
CUST07433,CON07433,PAY07433,Male,29,44,80.8,3555.2,DSL,3,No,No,No,No
CUST07434,CON07434,PAY07434,Female,58,25,80.21,2005.25,DSL,4,Yes,Yes,No,No
CUST07435,CON07435,PAY07435,Female,18,46,103.86,4777.56,Cable,3,Yes,Yes,Yes,Yes
CUST07436,CON07436,PAY07436,Male,35,17,57.43,976.31,Fiber Optic,4,No,No,No,Yes
CUST07437,CON07437,PAY07437,Male,39,60,96.77,5806.2,,5,Yes,No,Yes,Yes
CUST07438,CON07438,PAY07438,Female,67,5,34.87,174.35,,2,Yes,No,Yes,No
CUST07439,CON07439,PAY07439,Female,74,2,75.9,151.8,,6,No,No,No,Yes
CUST07440,CON07440,PAY07440,Male,51,2,25.35,50.7,Cable,1,Yes,Yes,No,Yes
CUST07441,CON07441,PAY07441,Male,30,17,79.55,1352.35,DSL,0,Yes,No,Yes,No
CUST07442,CON07442,PAY07442,Male,71,8,26.05,208.4,,4,Yes,No,Yes,No
CUST07443,CON07443,PAY07443,Female,32,50,30.07,1503.5,Fiber Optic,5,No,Yes,No,Yes
CUST07444,CON07444,PAY07444,Male,26,42,81.47,3421.74,DSL,5,No,No,No,No
CUST07445,CON07445,PAY07445,Male,51,67,82.49,5526.83,Fiber Optic,7,Yes,Yes,Yes,No
CUST07446,CON07446,PAY07446,Female,55,66,34.0,2244.0,Cable,3,Yes,No,Yes,Yes
CUST07447,CON07447,PAY07447,Female,20,6,102.38,614.28,,2,No,Yes,Yes,No
CUST07448,CON07448,PAY07448,Male,59,68,64.59,4392.12,Fiber Optic,1,Yes,No,Yes,No
CUST07449,CON07449,PAY07449,Female,65,31,60.78,1884.18,,0,No,No,Yes,Yes
CUST07450,CON07450,PAY07450,Female,40,6,58.53,351.18,DSL,4,No,Yes,Yes,No
CUST07451,CON07451,PAY07451,Female,66,25,27.15,678.75,Cable,5,No,Yes,Yes,No
CUST07452,CON07452,PAY07452,Female,62,69,81.64,5633.16,,5,Yes,No,No,Yes
CUST07453,CON07453,PAY07453,Female,65,28,56.78,1589.84,Cable,0,Yes,No,Yes,Yes
CUST07454,CON07454,PAY07454,Male,67,51,78.55,4006.05,,4,No,No,Yes,Yes
CUST07455,CON07455,PAY07455,Male,25,71,84.69,6012.99,DSL,5,No,No,No,No
CUST07456,CON07456,PAY07456,Male,69,7,76.76,537.32,,2,Yes,No,Yes,Yes
CUST07457,CON07457,PAY07457,Male,63,57,82.96,4728.72,Cable,1,No,No,No,No
CUST07458,CON07458,PAY07458,Female,72,51,55.23,2816.73,Cable,5,Yes,No,Yes,No
CUST07459,CON07459,PAY07459,Female,60,60,101.18,6070.8,Cable,1,No,No,Yes,Yes
CUST07460,CON07460,PAY07460,Male,37,17,63.59,1081.03,Fiber Optic,3,No,No,No,Yes
CUST07461,CON07461,PAY07461,Male,59,67,63.22,4235.74,Fiber Optic,0,Yes,No,Yes,No
CUST07462,CON07462,PAY07462,Female,77,40,63.37,2534.8,DSL,0,Yes,No,Yes,No
CUST07463,CON07463,PAY07463,Male,39,44,57.45,2527.8,Fiber Optic,8,No,No,Yes,No
CUST07464,CON07464,PAY07464,Male,75,25,58.42,1460.5,Cable,0,Yes,No,Yes,Yes
CUST07465,CON07465,PAY07465,Male,51,48,101.33,4863.84,Cable,0,No,No,Yes,No
CUST07466,CON07466,PAY07466,Female,36,62,34.06,2111.72,DSL,2,No,No,Yes,Yes
CUST07467,CON07467,PAY07467,Male,53,56,56.08,3140.48,Cable,0,No,Yes,No,No
CUST07468,CON07468,PAY07468,Male,19,51,27.92,1423.92,DSL,0,No,No,Yes,Yes
CUST07469,CON07469,PAY07469,Female,48,2,64.68,129.36,DSL,4,Yes,No,Yes,No
CUST07470,CON07470,PAY07470,Male,35,15,78.87,1183.05,DSL,1,Yes,No,Yes,No
CUST07471,CON07471,PAY07471,Male,31,25,54.6,1365.0,,0,No,Yes,No,No
CUST07472,CON07472,PAY07472,Male,27,39,46.46,1811.94,Fiber Optic,0,Yes,No,No,No
CUST07473,CON07473,PAY07473,Male,70,5,83.62,418.1,,1,Yes,No,Yes,Yes
CUST07474,CON07474,PAY07474,Male,51,44,49.23,2166.12,,3,No,No,Yes,No
CUST07475,CON07475,PAY07475,Male,18,33,47.32,1561.56,,2,No,Yes,Yes,No
CUST07476,CON07476,PAY07476,Female,31,56,63.61,3562.16,Fiber Optic,4,No,No,Yes,Yes
CUST07477,CON07477,PAY07477,Male,18,22,26.16,575.52,DSL,0,No,Yes,No,Yes
CUST07478,CON07478,PAY07478,Female,74,37,62.28,2304.36,DSL,0,Yes,No,Yes,No
CUST07479,CON07479,PAY07479,Male,39,47,63.01,2961.47,Fiber Optic,7,No,No,Yes,No
CUST07480,CON07480,PAY07480,Male,30,27,102.95,2779.65,Fiber Optic,3,Yes,No,Yes,Yes
CUST07481,CON07481,PAY07481,Female,21,20,28.14,562.8,DSL,5,No,No,No,Yes
CUST07482,CON07482,PAY07482,Male,23,54,31.41,1696.14,DSL,0,No,No,Yes,Yes
CUST07483,CON07483,PAY07483,Female,34,55,64.87,3567.85,Fiber Optic,4,No,No,Yes,Yes
CUST07484,CON07484,PAY07484,Female,66,3,54.15,162.45,,2,No,Yes,Yes,No
CUST07485,CON07485,PAY07485,Male,74,36,81.81,2945.16,Fiber Optic,5,No,No,No,Yes
CUST07486,CON07486,PAY07486,Male,66,51,78.32,3994.32,,5,No,No,Yes,Yes
CUST07487,CON07487,PAY07487,Female,67,34,47.59,1618.06,Cable,2,No,No,Yes,No
CUST07488,CON07488,PAY07488,Female,52,32,103.31,3305.92,Cable,4,Yes,No,No,Yes
CUST07489,CON07489,PAY07489,Male,18,33,48.8,1610.4,,3,No,Yes,Yes,No
CUST07490,CON07490,PAY07490,Female,73,1,34.29,34.29,Cable,3,Yes,Yes,Yes,Yes
CUST07491,CON07491,PAY07491,Female,70,1,50.24,50.24,,1,No,Yes,Yes,No
CUST07492,CON07492,PAY07492,Female,41,11,75.15,826.65,Fiber Optic,3,No,Yes,No,Yes
CUST07493,CON07493,PAY07493,Female,75,72,47.87,3446.64,Cable,2,No,No,Yes,Yes
CUST07494,CON07494,PAY07494,Female,68,46,60.39,2777.94,Fiber Optic,7,No,No,Yes,Yes
CUST07495,CON07495,PAY07495,Male,37,44,56.09,2467.96,Fiber Optic,7,No,No,Yes,No
CUST07496,CON07496,PAY07496,Female,49,44,79.65,3504.6,DSL,8,No,No,No,Yes
CUST07497,CON07497,PAY07497,Male,28,50,29.8,1490.0,DSL,4,Yes,No,Yes,Yes
CUST07498,CON07498,PAY07498,Male,27,60,31.24,1874.4,Cable,8,Yes,Yes,Yes,Yes
CUST07499,CON07499,PAY07499,Male,57,22,59.45,1307.9,Cable,4,Yes,Yes,Yes,Yes
CUST07500,CON07500,PAY07500,Male,70,5,82.92,414.6,,2,Yes,No,Yes,Yes
CUST07501,CON07501,PAY07501,Female,41,13,84.53,1098.89,Fiber Optic,3,No,Yes,No,Yes
CUST07502,CON07502,PAY07502,Male,74,6,28.66,171.96,,5,Yes,No,Yes,No
CUST07503,CON07503,PAY07503,Female,54,33,48.85,1612.05,DSL,6,Yes,Yes,No,Yes
CUST07504,CON07504,PAY07504,Female,28,12,96.49,1157.88,Fiber Optic,2,Yes,Yes,No,No
CUST07505,CON07505,PAY07505,Female,69,26,25.9,673.4,Cable,5,No,Yes,Yes,No
CUST07506,CON07506,PAY07506,Female,52,3,55.65,166.95,DSL,4,Yes,No,Yes,No
CUST07507,CON07507,PAY07507,Female,63,68,81.82,5563.76,,4,Yes,No,No,Yes
CUST07508,CON07508,PAY07508,Male,71,25,55.73,1393.25,Cable,1,Yes,No,Yes,Yes
CUST07509,CON07509,PAY07509,Male,49,64,76.06,4867.84,Fiber Optic,5,Yes,Yes,Yes,No
CUST07510,CON07510,PAY07510,Male,57,31,98.54,3054.74,,7,Yes,No,Yes,No
CUST07511,CON07511,PAY07511,Male,69,21,99.05,2080.05,,4,Yes,Yes,Yes,No
CUST07512,CON07512,PAY07512,Female,53,64,33.23,2126.72,Cable,3,Yes,No,Yes,Yes
CUST07513,CON07513,PAY07513,Male,56,2,79.58,159.16,Fiber Optic,1,No,No,No,No
CUST07514,CON07514,PAY07514,Female,71,22,104.19,2292.18,Cable,2,No,No,Yes,No
CUST07515,CON07515,PAY07515,Male,69,6,28.34,170.04,,4,Yes,No,Yes,No
CUST07516,CON07516,PAY07516,Female,19,59,95.95,5661.05,Fiber Optic,8,No,No,No,Yes
CUST07517,CON07517,PAY07517,Female,18,46,100.59,4627.14,Cable,3,Yes,Yes,Yes,Yes
CUST07518,CON07518,PAY07518,Female,18,61,101.06,6164.66,Fiber Optic,8,No,No,No,Yes
CUST07519,CON07519,PAY07519,Male,60,62,25.54,1583.48,,1,No,Yes,Yes,No
CUST07520,CON07520,PAY07520,Female,74,24,83.18,1996.32,Cable,1,Yes,Yes,No,Yes
CUST07521,CON07521,PAY07521,Female,48,45,84.01,3780.45,DSL,6,No,No,No,Yes
CUST07522,CON07522,PAY07522,Male,19,32,54.67,1749.44,,2,No,Yes,Yes,No
CUST07523,CON07523,PAY07523,Female,73,50,64.89,3244.5,Cable,6,Yes,No,Yes,No
CUST07524,CON07524,PAY07524,Male,20,29,54.66,1585.14,,2,No,Yes,Yes,No
CUST07525,CON07525,PAY07525,Female,66,28,29.53,826.84,Cable,5,No,Yes,Yes,No
CUST07526,CON07526,PAY07526,Male,21,11,47.53,522.83,Cable,5,Yes,Yes,No,Yes
CUST07527,CON07527,PAY07527,Male,57,45,31.63,1423.35,,3,Yes,Yes,No,No
CUST07528,CON07528,PAY07528,Male,20,21,25.42,533.82,DSL,1,No,Yes,No,Yes
CUST07529,CON07529,PAY07529,Female,67,18,96.98,1745.64,Cable,4,No,No,Yes,No
CUST07530,CON07530,PAY07530,Female,52,11,28.68,315.48,Fiber Optic,8,No,Yes,Yes,Yes
CUST07531,CON07531,PAY07531,Male,32,17,80.62,1370.54,DSL,2,Yes,No,Yes,No
CUST07532,CON07532,PAY07532,Male,73,25,59.91,1497.75,DSL,2,No,Yes,No,No
CUST07533,CON07533,PAY07533,Female,25,18,33.34,600.12,DSL,7,No,No,No,Yes
CUST07534,CON07534,PAY07534,Female,63,18,30.94,556.92,Fiber Optic,2,No,Yes,No,Yes
CUST07535,CON07535,PAY07535,Male,56,5,56.92,284.6,Cable,4,Yes,Yes,No,No
CUST07536,CON07536,PAY07536,Female,46,31,48.05,1489.55,Fiber Optic,4,Yes,No,Yes,No
CUST07537,CON07537,PAY07537,Male,29,47,26.61,1250.67,DSL,4,Yes,No,Yes,Yes
CUST07538,CON07538,PAY07538,Male,65,57,75.67,4313.19,Cable,1,No,No,No,No
CUST07539,CON07539,PAY07539,Male,27,37,46.81,1731.97,Fiber Optic,0,Yes,No,No,No
CUST07540,CON07540,PAY07540,Male,71,25,63.1,1577.5,DSL,0,No,Yes,No,No
CUST07541,CON07541,PAY07541,Female,43,46,58.63,2696.98,,3,Yes,Yes,No,No
CUST07542,CON07542,PAY07542,Female,35,54,62.76,3389.04,Fiber Optic,3,No,No,Yes,Yes
CUST07543,CON07543,PAY07543,Male,54,43,28.05,1206.15,,4,Yes,Yes,No,No
CUST07544,CON07544,PAY07544,Male,35,6,62.8,376.8,,7,No,No,Yes,No
CUST07545,CON07545,PAY07545,Female,59,50,59.22,2961.0,,7,Yes,Yes,No,No
CUST07546,CON07546,PAY07546,Female,64,24,32.92,790.08,Fiber Optic,0,No,Yes,Yes,Yes
CUST07547,CON07547,PAY07547,Male,30,44,81.28,3576.32,DSL,3,No,No,No,No
CUST07548,CON07548,PAY07548,Male,34,16,78.76,1260.16,DSL,0,Yes,No,Yes,No
CUST07549,CON07549,PAY07549,Female,72,38,64.03,2433.14,DSL,0,Yes,No,Yes,No
CUST07550,CON07550,PAY07550,Female,56,65,25.07,1629.55,Cable,4,Yes,No,Yes,Yes
CUST07551,CON07551,PAY07551,Female,57,68,30.11,2047.48,Cable,5,Yes,No,Yes,Yes
CUST07552,CON07552,PAY07552,Male,35,5,59.26,296.3,,8,No,No,Yes,No
CUST07553,CON07553,PAY07553,Male,33,57,32.73,1865.61,Cable,6,Yes,Yes,Yes,Yes
CUST07554,CON07554,PAY07554,Female,75,41,62.48,2561.68,DSL,0,Yes,No,Yes,No
CUST07555,CON07555,PAY07555,Male,22,29,78.36,2272.44,Cable,0,No,No,Yes,No
CUST07556,CON07556,PAY07556,Female,20,48,101.78,4885.44,DSL,7,Yes,Yes,No,Yes
CUST07557,CON07557,PAY07557,Male,36,17,58.88,1000.96,Fiber Optic,4,No,No,No,Yes
CUST07558,CON07558,PAY07558,Female,33,37,25.85,956.45,,2,No,No,No,Yes
CUST07559,CON07559,PAY07559,Male,66,53,84.78,4493.34,,6,No,No,Yes,Yes
CUST07560,CON07560,PAY07560,Female,31,37,34.29,1268.73,,2,No,No,No,Yes
CUST07561,CON07561,PAY07561,Male,29,4,63.1,252.4,,8,No,No,Yes,No
CUST07562,CON07562,PAY07562,Male,54,6,58.24,349.44,Cable,4,Yes,Yes,No,No
CUST07563,CON07563,PAY07563,Male,22,33,84.82,2799.06,Fiber Optic,7,Yes,Yes,No,Yes
CUST07564,CON07564,PAY07564,Female,71,22,103.12,2268.64,Cable,3,No,No,Yes,No
CUST07565,CON07565,PAY07565,Male,70,23,62.8,1444.4,Cable,0,Yes,No,Yes,Yes
CUST07566,CON07566,PAY07566,Female,31,55,60.13,3307.15,Fiber Optic,3,No,No,Yes,Yes
CUST07567,CON07567,PAY07567,Male,34,61,97.92,5973.12,,5,Yes,No,Yes,Yes
CUST07568,CON07568,PAY07568,Female,24,6,97.48,584.88,,2,No,Yes,Yes,No
CUST07569,CON07569,PAY07569,Female,43,66,30.02,1981.32,DSL,1,No,Yes,No,No
CUST07570,CON07570,PAY07570,Female,30,47,56.95,2676.65,Fiber Optic,7,Yes,No,No,Yes
CUST07571,CON07571,PAY07571,Male,52,55,62.43,3433.65,Cable,2,No,Yes,No,No
CUST07572,CON07572,PAY07572,Female,35,53,57.53,3049.09,Fiber Optic,3,No,No,Yes,Yes
CUST07573,CON07573,PAY07573,Male,54,61,62.9,3836.9,Cable,7,Yes,Yes,No,No
CUST07574,CON07574,PAY07574,Female,36,48,33.38,1602.24,Fiber Optic,5,No,Yes,No,Yes
CUST07575,CON07575,PAY07575,Male,71,24,56.23,1349.52,Cable,0,Yes,No,Yes,Yes
CUST07576,CON07576,PAY07576,Female,50,3,56.36,169.08,DSL,4,Yes,No,Yes,No
CUST07577,CON07577,PAY07577,Female,31,36,103.47,3724.92,Cable,0,Yes,Yes,Yes,No
CUST07578,CON07578,PAY07578,Male,39,18,63.05,1134.9,Fiber Optic,4,No,No,No,Yes
CUST07579,CON07579,PAY07579,Male,18,11,45.77,503.47,Cable,5,Yes,Yes,No,Yes
CUST07580,CON07580,PAY07580,Female,22,49,100.51,4924.99,DSL,8,Yes,Yes,No,Yes
CUST07581,CON07581,PAY07581,Female,49,9,30.74,276.66,Fiber Optic,6,No,Yes,Yes,Yes
CUST07582,CON07582,PAY07582,Female,72,43,55.2,2373.6,Fiber Optic,7,No,No,Yes,Yes
CUST07583,CON07583,PAY07583,Male,21,34,83.77,2848.18,DSL,9,Yes,No,No,No
CUST07584,CON07584,PAY07584,Female,71,29,27.32,792.28,Cable,4,No,Yes,Yes,No
CUST07585,CON07585,PAY07585,Female,61,23,76.75,1765.25,DSL,5,Yes,Yes,No,No
CUST07586,CON07586,PAY07586,Male,22,29,83.26,2414.54,Cable,0,No,No,Yes,No
CUST07587,CON07587,PAY07587,Male,22,33,84.92,2802.36,Fiber Optic,6,Yes,Yes,No,Yes
CUST07588,CON07588,PAY07588,Female,62,21,30.53,641.13,Fiber Optic,2,No,Yes,No,Yes
CUST07589,CON07589,PAY07589,Female,58,69,82.32,5680.08,,6,Yes,No,No,Yes
CUST07590,CON07590,PAY07590,Male,37,45,58.62,2637.9,Fiber Optic,9,No,No,Yes,No
CUST07591,CON07591,PAY07591,Female,69,26,27.2,707.2,Fiber Optic,1,No,Yes,Yes,Yes
CUST07592,CON07592,PAY07592,Male,65,56,79.52,4453.12,Cable,0,No,No,No,No
CUST07593,CON07593,PAY07593,Female,67,18,102.75,1849.5,Cable,3,No,No,Yes,No
CUST07594,CON07594,PAY07594,Male,39,17,57.97,985.49,Fiber Optic,4,No,No,No,Yes
CUST07595,CON07595,PAY07595,Male,18,35,75.64,2647.4,DSL,7,Yes,No,No,No
CUST07596,CON07596,PAY07596,Male,72,4,77.39,309.56,,2,Yes,No,Yes,Yes
CUST07597,CON07597,PAY07597,Female,59,62,95.95,5948.9,Cable,0,No,No,Yes,Yes
CUST07598,CON07598,PAY07598,Male,34,61,97.2,5929.2,,7,Yes,No,Yes,Yes
CUST07599,CON07599,PAY07599,Male,38,47,59.62,2802.14,Fiber Optic,8,No,No,Yes,No
CUST07600,CON07600,PAY07600,Female,58,32,52.46,1678.72,DSL,6,Yes,Yes,No,Yes
CUST07601,CON07601,PAY07601,Female,46,32,49.47,1583.04,Fiber Optic,4,Yes,No,Yes,No
CUST07602,CON07602,PAY07602,Female,55,26,81.57,2120.82,DSL,4,Yes,Yes,No,No
CUST07603,CON07603,PAY07603,Female,32,40,27.12,1084.8,,2,No,No,No,Yes
CUST07604,CON07604,PAY07604,Male,26,33,62.31,2056.23,Fiber Optic,2,No,No,No,Yes
CUST07605,CON07605,PAY07605,Female,69,30,58.88,1766.4,Cable,1,Yes,No,Yes,Yes
CUST07606,CON07606,PAY07606,Male,53,47,95.96,4510.12,Cable,2,No,No,Yes,No
CUST07607,CON07607,PAY07607,Female,61,52,57.48,2988.96,,7,Yes,Yes,No,No
CUST07608,CON07608,PAY07608,Male,58,20,59.76,1195.2,Cable,5,Yes,Yes,Yes,Yes
CUST07609,CON07609,PAY07609,Male,48,67,79.48,5325.16,Fiber Optic,6,Yes,Yes,Yes,No
CUST07610,CON07610,PAY07610,Male,22,33,80.14,2644.62,Fiber Optic,6,Yes,Yes,No,Yes
CUST07611,CON07611,PAY07611,Male,75,21,58.42,1226.82,DSL,1,No,Yes,No,No
CUST07612,CON07612,PAY07612,Female,32,44,58.29,2564.76,Fiber Optic,6,Yes,No,No,Yes
CUST07613,CON07613,PAY07613,Female,69,5,84.71,423.55,,6,No,No,No,Yes
CUST07614,CON07614,PAY07614,Female,23,6,99.09,594.54,,3,No,Yes,Yes,No
CUST07615,CON07615,PAY07615,Male,18,29,45.51,1319.79,,1,No,Yes,Yes,No
CUST07616,CON07616,PAY07616,Female,72,45,63.62,2862.9,Fiber Optic,7,No,No,Yes,Yes
CUST07617,CON07617,PAY07617,Male,67,6,75.49,452.94,,0,Yes,No,Yes,Yes
CUST07618,CON07618,PAY07618,Female,64,63,100.61,6338.43,Cable,0,No,No,Yes,Yes
CUST07619,CON07619,PAY07619,Female,32,48,32.33,1551.84,Fiber Optic,5,No,Yes,No,Yes
CUST07620,CON07620,PAY07620,Male,56,32,102.61,3283.52,,7,Yes,No,Yes,No
CUST07621,CON07621,PAY07621,Female,49,11,31.84,350.24,Fiber Optic,8,No,Yes,Yes,Yes
CUST07622,CON07622,PAY07622,Female,61,72,80.5,5796.0,,6,Yes,No,No,Yes
CUST07623,CON07623,PAY07623,Female,51,30,28.55,856.5,,3,No,No,Yes,Yes
CUST07624,CON07624,PAY07624,Male,51,2,32.95,65.9,Cable,1,Yes,Yes,No,Yes
CUST07625,CON07625,PAY07625,Male,36,49,47.03,2304.47,Fiber Optic,9,No,Yes,No,Yes
CUST07626,CON07626,PAY07626,Male,36,62,96.4,5976.8,,5,Yes,No,Yes,Yes
CUST07627,CON07627,PAY07627,Male,66,59,34.08,2010.72,,0,No,Yes,Yes,No
CUST07628,CON07628,PAY07628,Female,19,49,102.06,5000.94,DSL,7,Yes,Yes,No,Yes
CUST07629,CON07629,PAY07629,Female,68,22,102.95,2264.9,Cable,4,No,No,Yes,No
CUST07630,CON07630,PAY07630,Male,54,5,62.02,310.1,Cable,5,Yes,Yes,No,No
CUST07631,CON07631,PAY07631,Male,22,25,78.9,1972.5,Cable,0,No,No,Yes,No
CUST07632,CON07632,PAY07632,Female,57,23,75.23,1730.29,DSL,4,Yes,Yes,No,No
CUST07633,CON07633,PAY07633,Female,52,2,57.39,114.78,DSL,3,Yes,No,Yes,No
CUST07634,CON07634,PAY07634,Female,20,47,103.41,4860.27,Cable,4,Yes,Yes,Yes,Yes
CUST07635,CON07635,PAY07635,Male,48,48,48.8,2342.4,,3,No,No,Yes,No
CUST07636,CON07636,PAY07636,Female,72,45,63.67,2865.15,Fiber Optic,6,No,No,Yes,Yes
CUST07637,CON07637,PAY07637,Male,49,2,96.82,193.64,DSL,5,No,No,No,No
CUST07638,CON07638,PAY07638,Male,69,19,98.88,1878.72,,6,Yes,Yes,Yes,No
CUST07639,CON07639,PAY07639,Female,23,20,29.52,590.4,DSL,7,No,No,No,Yes
CUST07640,CON07640,PAY07640,Female,51,13,31.04,403.52,Fiber Optic,7,No,Yes,Yes,Yes
CUST07641,CON07641,PAY07641,Female,61,21,26.28,551.88,Fiber Optic,0,No,Yes,No,Yes
CUST07642,CON07642,PAY07642,Male,19,33,47.42,1564.86,,1,No,Yes,Yes,No
CUST07643,CON07643,PAY07643,Female,29,59,52.6,3103.4,Cable,0,No,Yes,Yes,No
CUST07644,CON07644,PAY07644,Female,52,33,95.41,3148.53,Cable,5,Yes,No,No,Yes
CUST07645,CON07645,PAY07645,Male,59,66,32.38,2137.08,Cable,5,No,No,No,Yes
CUST07646,CON07646,PAY07646,Female,22,47,96.17,4519.99,Cable,4,Yes,Yes,Yes,Yes
CUST07647,CON07647,PAY07647,Female,66,5,26.13,130.65,,2,Yes,No,Yes,No
CUST07648,CON07648,PAY07648,Female,41,65,30.83,2003.95,DSL,3,No,No,Yes,Yes
CUST07649,CON07649,PAY07649,Female,61,28,57.52,1610.56,,1,No,No,Yes,Yes
CUST07650,CON07650,PAY07650,Female,66,37,54.73,2025.01,Cable,4,No,No,Yes,No
CUST07651,CON07651,PAY07651,Female,58,26,80.66,2097.16,DSL,3,Yes,Yes,No,No
CUST07652,CON07652,PAY07652,Female,53,32,98.62,3155.84,Cable,3,Yes,No,No,Yes
CUST07653,CON07653,PAY07653,Male,33,6,55.97,335.82,,8,No,No,Yes,No
CUST07654,CON07654,PAY07654,Female,25,68,45.0,3060.0,DSL,7,No,No,No,Yes
CUST07655,CON07655,PAY07655,Female,59,26,76.79,1996.54,DSL,4,Yes,Yes,No,No
CUST07656,CON07656,PAY07656,Female,55,31,100.89,3127.59,,7,No,No,No,No
CUST07657,CON07657,PAY07657,Male,18,35,82.03,2871.05,DSL,7,Yes,No,No,No
CUST07658,CON07658,PAY07658,Female,50,43,81.76,3515.68,DSL,8,No,No,No,Yes
CUST07659,CON07659,PAY07659,Male,55,20,63.55,1271.0,Cable,5,Yes,Yes,Yes,Yes
CUST07660,CON07660,PAY07660,Male,34,24,104.65,2511.6,Fiber Optic,4,Yes,No,Yes,Yes
CUST07661,CON07661,PAY07661,Male,21,72,82.94,5971.68,DSL,6,No,No,No,No
CUST07662,CON07662,PAY07662,Male,77,23,57.57,1324.11,DSL,0,No,Yes,No,No
CUST07663,CON07663,PAY07663,Female,50,6,63.09,378.54,DSL,5,Yes,No,Yes,No
CUST07664,CON07664,PAY07664,Female,30,39,102.74,4006.86,Cable,0,Yes,Yes,Yes,No
CUST07665,CON07665,PAY07665,Male,22,54,32.9,1776.6,DSL,1,No,No,Yes,Yes
CUST07666,CON07666,PAY07666,Female,54,30,26.3,789.0,,4,No,No,Yes,Yes
CUST07667,CON07667,PAY07667,Female,57,24,75.34,1808.16,DSL,5,Yes,Yes,No,No
CUST07668,CON07668,PAY07668,Female,26,10,98.94,989.4,Fiber Optic,3,Yes,Yes,No,No
CUST07669,CON07669,PAY07669,Male,57,3,57.96,173.88,Cable,3,Yes,Yes,No,No
CUST07670,CON07670,PAY07670,Male,53,54,63.87,3448.98,Cable,0,No,Yes,No,No
CUST07671,CON07671,PAY07671,Male,39,44,61.14,2690.16,Fiber Optic,7,No,No,Yes,No
CUST07672,CON07672,PAY07672,Female,33,52,58.74,3054.48,Fiber Optic,4,No,No,Yes,Yes
CUST07673,CON07673,PAY07673,Female,29,55,62.65,3445.75,Fiber Optic,3,No,No,Yes,Yes
CUST07674,CON07674,PAY07674,Female,24,24,30.61,734.64,Fiber Optic,0,No,No,No,No
CUST07675,CON07675,PAY07675,Female,73,70,50.28,3519.6,Cable,0,No,No,Yes,Yes
CUST07676,CON07676,PAY07676,Female,69,46,57.96,2666.16,Fiber Optic,7,No,No,Yes,Yes
CUST07677,CON07677,PAY07677,Male,74,44,55.08,2423.52,Cable,6,No,Yes,No,Yes
CUST07678,CON07678,PAY07678,Female,30,38,100.45,3817.1,Cable,0,Yes,Yes,Yes,No
CUST07679,CON07679,PAY07679,Female,53,72,95.8,6897.6,Fiber Optic,3,Yes,Yes,Yes,Yes
CUST07680,CON07680,PAY07680,Male,51,62,62.17,3854.54,Cable,9,Yes,Yes,No,No
CUST07681,CON07681,PAY07681,Female,60,71,78.15,5548.65,,6,Yes,No,No,Yes
CUST07682,CON07682,PAY07682,Male,49,58,56.22,3260.76,Cable,2,No,Yes,No,No
CUST07683,CON07683,PAY07683,Male,25,44,83.18,3659.92,DSL,3,No,No,No,No
CUST07684,CON07684,PAY07684,Female,70,23,79.34,1824.82,Cable,0,Yes,Yes,No,Yes
CUST07685,CON07685,PAY07685,Male,25,42,78.75,3307.5,DSL,4,No,No,No,No
CUST07686,CON07686,PAY07686,Male,22,52,27.92,1451.84,DSL,2,No,No,Yes,Yes
CUST07687,CON07687,PAY07687,Female,29,12,96.03,1152.36,Fiber Optic,2,Yes,Yes,No,No
CUST07688,CON07688,PAY07688,Male,35,47,57.78,2715.66,Fiber Optic,7,No,No,Yes,No
CUST07689,CON07689,PAY07689,Male,21,13,52.28,679.64,Cable,5,Yes,Yes,No,Yes
CUST07690,CON07690,PAY07690,Female,30,13,100.79,1310.27,Fiber Optic,3,Yes,Yes,No,No
CUST07691,CON07691,PAY07691,Male,24,29,82.44,2390.76,Cable,0,No,No,Yes,No
CUST07692,CON07692,PAY07692,Male,49,1,26.56,26.56,Cable,1,Yes,Yes,No,Yes
CUST07693,CON07693,PAY07693,Male,57,68,33.02,2245.36,Cable,5,No,No,No,Yes
CUST07694,CON07694,PAY07694,Male,28,37,54.7,2023.9,Fiber Optic,1,Yes,No,No,No
CUST07695,CON07695,PAY07695,Male,35,49,50.35,2467.15,Fiber Optic,9,No,Yes,No,Yes
CUST07696,CON07696,PAY07696,Female,31,52,60.17,3128.84,Fiber Optic,2,No,No,Yes,Yes
CUST07697,CON07697,PAY07697,Female,72,44,63.65,2800.6,Fiber Optic,8,No,No,Yes,Yes
CUST07698,CON07698,PAY07698,Male,35,27,46.68,1260.36,,0,No,Yes,No,No
CUST07699,CON07699,PAY07699,Female,57,72,80.59,5802.48,,5,Yes,No,No,Yes
CUST07700,CON07700,PAY07700,Female,51,3,59.35,178.05,DSL,5,Yes,No,Yes,No
CUST07701,CON07701,PAY07701,Female,28,63,52.31,3295.53,Cable,1,No,Yes,Yes,No
CUST07702,CON07702,PAY07702,Male,19,20,26.16,523.2,DSL,0,No,Yes,No,Yes
CUST07703,CON07703,PAY07703,Male,49,4,31.13,124.52,Cable,2,Yes,Yes,No,Yes
CUST07704,CON07704,PAY07704,Female,62,27,55.47,1497.69,,1,No,Yes,Yes,Yes
CUST07705,CON07705,PAY07705,Female,30,60,45.9,2754.0,Cable,1,No,Yes,Yes,No
CUST07706,CON07706,PAY07706,Female,71,72,46.67,3360.24,Cable,2,No,No,Yes,Yes
CUST07707,CON07707,PAY07707,Female,72,23,76.32,1755.36,Cable,0,Yes,Yes,No,Yes
CUST07708,CON07708,PAY07708,Male,33,46,55.25,2541.5,Fiber Optic,8,No,No,Yes,No
CUST07709,CON07709,PAY07709,Female,73,6,81.3,487.8,,8,No,No,No,Yes
CUST07710,CON07710,PAY07710,Male,75,4,29.19,116.76,,5,Yes,No,Yes,No
CUST07711,CON07711,PAY07711,Male,52,28,96.66,2706.48,,8,Yes,No,Yes,No
CUST07712,CON07712,PAY07712,Male,30,6,55.27,331.62,,7,No,No,Yes,No
CUST07713,CON07713,PAY07713,Female,67,1,50.64,50.64,,2,No,Yes,Yes,No
CUST07714,CON07714,PAY07714,Male,22,72,81.17,5844.24,DSL,4,No,No,No,No
CUST07715,CON07715,PAY07715,Male,28,35,49.15,1720.25,Fiber Optic,0,Yes,No,No,No
CUST07716,CON07716,PAY07716,Female,67,26,34.14,887.64,Cable,5,No,Yes,Yes,No
CUST07717,CON07717,PAY07717,Male,29,35,59.54,2083.9,Fiber Optic,2,No,No,No,Yes
CUST07718,CON07718,PAY07718,Male,67,56,84.65,4740.4,Cable,0,No,No,No,No
CUST07719,CON07719,PAY07719,Male,35,21,56.88,1194.48,Fiber Optic,5,No,No,No,Yes
CUST07720,CON07720,PAY07720,Female,29,38,29.51,1121.38,,3,No,No,No,Yes
CUST07721,CON07721,PAY07721,Male,64,59,29.75,1755.25,,1,No,Yes,Yes,No
CUST07722,CON07722,PAY07722,Female,71,1,30.74,30.74,Cable,1,Yes,Yes,Yes,Yes
CUST07723,CON07723,PAY07723,Male,68,3,80.45,241.35,,2,Yes,No,Yes,Yes
CUST07724,CON07724,PAY07724,Female,41,11,84.25,926.75,Fiber Optic,2,No,Yes,No,Yes
CUST07725,CON07725,PAY07725,Female,51,3,58.27,174.81,DSL,3,Yes,No,Yes,No
CUST07726,CON07726,PAY07726,Female,46,32,52.12,1667.84,Fiber Optic,5,Yes,No,Yes,No
CUST07727,CON07727,PAY07727,Female,64,4,27.6,110.4,,2,Yes,No,Yes,No
CUST07728,CON07728,PAY07728,Female,75,3,26.21,78.63,Cable,1,Yes,Yes,Yes,Yes
CUST07729,CON07729,PAY07729,Male,21,35,81.71,2859.85,Fiber Optic,6,Yes,Yes,No,Yes
CUST07730,CON07730,PAY07730,Female,38,69,31.59,2179.71,DSL,0,No,Yes,No,No
CUST07731,CON07731,PAY07731,Female,58,23,80.02,1840.46,DSL,4,Yes,Yes,No,No
CUST07732,CON07732,PAY07732,Male,68,58,79.09,4587.22,Cable,1,No,No,No,No
CUST07733,CON07733,PAY07733,Male,76,23,55.06,1266.38,Cable,0,Yes,No,Yes,Yes
CUST07734,CON07734,PAY07734,Male,53,2,55.69,111.38,Cable,4,Yes,Yes,No,No
CUST07735,CON07735,PAY07735,Female,70,21,77.23,1621.83,Cable,0,Yes,Yes,No,Yes
CUST07736,CON07736,PAY07736,Female,70,28,64.79,1814.12,Cable,0,Yes,No,Yes,Yes
CUST07737,CON07737,PAY07737,Male,64,57,77.44,4414.08,Cable,0,No,No,No,No
CUST07738,CON07738,PAY07738,Male,18,35,77.34,2706.9,DSL,9,Yes,No,No,No
CUST07739,CON07739,PAY07739,Male,32,48,50.87,2441.76,Fiber Optic,7,No,Yes,No,Yes
CUST07740,CON07740,PAY07740,Female,62,31,57.51,1782.81,,1,No,No,Yes,Yes
CUST07741,CON07741,PAY07741,Male,25,72,82.43,5934.96,DSL,4,No,No,No,No
CUST07742,CON07742,PAY07742,Male,27,35,61.27,2144.45,Fiber Optic,0,No,No,No,Yes
CUST07743,CON07743,PAY07743,Male,52,3,97.21,291.63,DSL,7,No,No,No,No
CUST07744,CON07744,PAY07744,Female,60,51,60.14,3067.14,,7,Yes,Yes,No,No
CUST07745,CON07745,PAY07745,Female,18,45,104.36,4696.2,DSL,6,Yes,Yes,No,Yes
CUST07746,CON07746,PAY07746,Male,59,68,75.26,5117.68,Fiber Optic,6,No,Yes,Yes,Yes
CUST07747,CON07747,PAY07747,Female,60,70,76.9,5383.0,,6,Yes,No,No,Yes
CUST07748,CON07748,PAY07748,Female,69,21,100.05,2101.05,Cable,3,No,No,Yes,No
CUST07749,CON07749,PAY07749,Female,62,4,28.71,114.84,,3,Yes,No,Yes,No
CUST07750,CON07750,PAY07750,Male,60,68,80.91,5501.88,Fiber Optic,6,No,Yes,Yes,Yes
CUST07751,CON07751,PAY07751,Male,18,29,53.23,1543.67,,3,No,Yes,Yes,No
CUST07752,CON07752,PAY07752,Female,35,36,104.98,3779.28,Cable,0,Yes,Yes,Yes,No
CUST07753,CON07753,PAY07753,Male,60,69,30.15,2080.35,Cable,5,No,No,No,Yes
CUST07754,CON07754,PAY07754,Female,26,21,29.51,619.71,Fiber Optic,2,No,No,No,No
CUST07755,CON07755,PAY07755,Male,73,46,61.26,2817.96,Cable,8,No,Yes,No,Yes
CUST07756,CON07756,PAY07756,Male,34,25,50.12,1253.0,,0,No,Yes,No,No
CUST07757,CON07757,PAY07757,Female,30,23,32.06,737.38,Fiber Optic,2,No,No,No,No
CUST07758,CON07758,PAY07758,Female,58,36,49.93,1797.48,DSL,5,Yes,Yes,No,Yes
CUST07759,CON07759,PAY07759,Female,23,71,46.32,3288.72,DSL,8,No,No,No,Yes
CUST07760,CON07760,PAY07760,Female,67,38,49.13,1866.94,Cable,2,No,No,Yes,No
CUST07761,CON07761,PAY07761,Female,19,48,95.96,4606.08,DSL,7,Yes,Yes,No,Yes
CUST07762,CON07762,PAY07762,Male,26,48,27.29,1309.92,DSL,4,Yes,No,Yes,Yes
CUST07763,CON07763,PAY07763,Female,20,69,45.7,3153.3,DSL,7,No,No,No,Yes
CUST07764,CON07764,PAY07764,Male,56,50,98.25,4912.5,Cable,0,No,No,Yes,No
CUST07765,CON07765,PAY07765,Female,63,21,32.38,679.98,Fiber Optic,1,No,Yes,No,Yes
CUST07766,CON07766,PAY07766,Female,62,29,55.52,1610.08,,0,No,Yes,Yes,Yes
CUST07767,CON07767,PAY07767,Male,56,5,63.02,315.1,Cable,3,Yes,Yes,No,No
CUST07768,CON07768,PAY07768,Female,47,43,83.71,3599.53,DSL,6,No,No,No,Yes
CUST07769,CON07769,PAY07769,Female,58,35,45.62,1596.7,DSL,7,Yes,Yes,No,Yes
CUST07770,CON07770,PAY07770,Male,50,4,25.32,101.28,Cable,1,Yes,Yes,No,Yes
CUST07771,CON07771,PAY07771,Male,20,35,84.68,2963.8,Fiber Optic,8,Yes,Yes,No,Yes
CUST07772,CON07772,PAY07772,Female,55,33,33.03,1089.99,,4,No,No,Yes,Yes
CUST07773,CON07773,PAY07773,Male,53,59,57.94,3418.46,Cable,7,Yes,Yes,No,No
CUST07774,CON07774,PAY07774,Female,25,23,34.03,782.69,Fiber Optic,0,No,No,No,No
CUST07775,CON07775,PAY07775,Female,73,4,77.82,311.28,,7,No,No,No,Yes
CUST07776,CON07776,PAY07776,Male,59,45,28.72,1292.4,,3,Yes,Yes,No,No
CUST07777,CON07777,PAY07777,Male,35,51,47.48,2421.48,Fiber Optic,8,No,Yes,No,Yes
CUST07778,CON07778,PAY07778,Female,65,31,59.29,1837.99,,1,No,Yes,Yes,Yes
CUST07779,CON07779,PAY07779,Female,22,67,51.58,3455.86,DSL,8,No,No,No,Yes
CUST07780,CON07780,PAY07780,Female,35,58,95.21,5522.18,Fiber Optic,4,No,Yes,No,Yes
CUST07781,CON07781,PAY07781,Male,70,25,64.76,1619.0,Cable,0,Yes,No,Yes,Yes
CUST07782,CON07782,PAY07782,Male,25,25,81.05,2026.25,Cable,1,No,No,Yes,No
CUST07783,CON07783,PAY07783,Female,56,70,100.24,7016.8,Fiber Optic,4,Yes,Yes,Yes,Yes
CUST07784,CON07784,PAY07784,Female,27,10,104.46,1044.6,Fiber Optic,1,Yes,Yes,No,No
CUST07785,CON07785,PAY07785,Male,30,41,83.52,3424.32,DSL,3,No,No,No,No
CUST07786,CON07786,PAY07786,Male,33,64,96.35,6166.4,,7,Yes,No,Yes,Yes
CUST07787,CON07787,PAY07787,Male,51,48,47.61,2285.28,,4,No,No,Yes,No
CUST07788,CON07788,PAY07788,Female,28,47,57.43,2699.21,Fiber Optic,7,Yes,No,No,Yes
CUST07789,CON07789,PAY07789,Female,49,43,102.7,4416.1,DSL,0,No,No,No,No
CUST07790,CON07790,PAY07790,Female,27,18,32.67,588.06,DSL,5,No,No,No,Yes
CUST07791,CON07791,PAY07791,Male,56,42,25.67,1078.14,,5,Yes,Yes,No,No
CUST07792,CON07792,PAY07792,Female,67,19,96.65,1836.35,Cable,2,No,No,Yes,No
CUST07793,CON07793,PAY07793,Male,28,37,61.33,2269.21,Fiber Optic,1,No,No,No,Yes
CUST07794,CON07794,PAY07794,Female,31,53,62.65,3320.45,Fiber Optic,3,No,No,Yes,Yes
CUST07795,CON07795,PAY07795,Male,74,45,58.28,2622.6,Cable,8,No,Yes,No,Yes
CUST07796,CON07796,PAY07796,Male,18,21,28.35,595.35,DSL,0,No,Yes,No,Yes
CUST07797,CON07797,PAY07797,Female,55,12,29.95,359.4,Fiber Optic,7,No,Yes,Yes,Yes
CUST07798,CON07798,PAY07798,Male,51,58,56.18,3258.44,Cable,8,Yes,Yes,No,No
CUST07799,CON07799,PAY07799,Female,40,63,30.09,1895.67,DSL,2,No,No,Yes,Yes
CUST07800,CON07800,PAY07800,Female,72,1,48.83,48.83,,1,No,Yes,Yes,No
CUST07801,CON07801,PAY07801,Male,67,49,80.16,3927.84,,5,No,No,Yes,Yes
CUST07802,CON07802,PAY07802,Female,69,37,53.49,1979.13,Cable,2,No,No,Yes,No
CUST07803,CON07803,PAY07803,Female,67,17,27.41,465.97,Fiber Optic,2,No,Yes,No,Yes
CUST07804,CON07804,PAY07804,Female,60,48,64.82,3111.36,,6,Yes,Yes,No,No
CUST07805,CON07805,PAY07805,Female,66,26,28.36,737.36,Fiber Optic,1,No,Yes,Yes,Yes
CUST07806,CON07806,PAY07806,Female,66,17,26.85,456.45,Fiber Optic,1,No,Yes,No,Yes
CUST07807,CON07807,PAY07807,Female,53,31,98.87,3064.97,Cable,3,Yes,No,No,Yes
CUST07808,CON07808,PAY07808,Male,26,37,46.73,1729.01,Fiber Optic,0,Yes,No,No,No
CUST07809,CON07809,PAY07809,Male,68,51,27.01,1377.51,,3,No,Yes,Yes,No
CUST07810,CON07810,PAY07810,Male,70,5,33.29,166.45,,5,Yes,No,Yes,No
CUST07811,CON07811,PAY07811,Male,27,33,64.84,2139.72,Fiber Optic,1,No,No,No,Yes
CUST07812,CON07812,PAY07812,Male,66,50,81.86,4093.0,,5,No,No,Yes,Yes
CUST07813,CON07813,PAY07813,Female,18,46,104.92,4826.32,DSL,7,Yes,Yes,No,Yes
CUST07814,CON07814,PAY07814,Female,24,21,25.47,534.87,Fiber Optic,0,No,No,No,No
CUST07815,CON07815,PAY07815,Female,67,34,48.03,1633.02,Cable,4,No,No,Yes,No
CUST07816,CON07816,PAY07816,Male,73,20,96.99,1939.8,,6,Yes,Yes,Yes,No
CUST07817,CON07817,PAY07817,Male,33,56,26.75,1498.0,Cable,6,Yes,Yes,Yes,Yes
CUST07818,CON07818,PAY07818,Female,60,70,83.08,5815.6,,4,Yes,No,No,Yes
CUST07819,CON07819,PAY07819,Female,18,45,102.72,4622.4,Cable,2,Yes,Yes,Yes,Yes
CUST07820,CON07820,PAY07820,Female,30,38,104.84,3983.92,Cable,0,Yes,Yes,Yes,No
CUST07821,CON07821,PAY07821,Female,61,31,63.97,1983.07,,0,No,No,Yes,Yes
CUST07822,CON07822,PAY07822,Female,76,1,33.27,33.27,Cable,2,Yes,Yes,Yes,Yes
CUST07823,CON07823,PAY07823,Male,51,44,53.41,2350.04,,2,No,No,Yes,No
CUST07824,CON07824,PAY07824,Female,57,69,98.45,6793.05,Fiber Optic,4,Yes,Yes,Yes,Yes
CUST07825,CON07825,PAY07825,Male,29,42,82.59,3468.78,DSL,3,No,No,No,No
CUST07826,CON07826,PAY07826,Male,70,18,100.26,1804.68,,5,Yes,Yes,Yes,No
CUST07827,CON07827,PAY07827,Male,33,6,56.21,337.26,,7,No,No,Yes,No
CUST07828,CON07828,PAY07828,Male,32,59,28.75,1696.25,Cable,7,Yes,Yes,Yes,Yes
CUST07829,CON07829,PAY07829,Female,43,49,59.54,2917.46,,4,Yes,Yes,No,No
CUST07830,CON07830,PAY07830,Male,49,67,84.25,5644.75,Fiber Optic,6,Yes,Yes,Yes,No
CUST07831,CON07831,PAY07831,Female,33,35,99.77,3491.95,Cable,0,Yes,Yes,Yes,No
CUST07832,CON07832,PAY07832,Male,34,45,55.3,2488.5,Fiber Optic,8,No,No,Yes,No
CUST07833,CON07833,PAY07833,Female,30,39,97.05,3784.95,Cable,0,Yes,Yes,Yes,No
CUST07834,CON07834,PAY07834,Female,49,10,28.28,282.8,Fiber Optic,8,No,Yes,Yes,Yes
CUST07835,CON07835,PAY07835,Male,52,48,51.39,2466.72,,3,No,No,Yes,No
CUST07836,CON07836,PAY07836,Male,54,3,80.66,241.98,Fiber Optic,0,No,No,No,No
CUST07837,CON07837,PAY07837,Male,24,72,82.85,5965.2,DSL,5,No,No,No,No
CUST07838,CON07838,PAY07838,Male,57,23,59.02,1357.46,Cable,4,Yes,Yes,Yes,Yes
CUST07839,CON07839,PAY07839,Female,22,48,100.59,4828.32,Cable,3,Yes,Yes,Yes,Yes
CUST07840,CON07840,PAY07840,Female,24,23,33.29,765.67,Fiber Optic,0,No,No,No,No
CUST07841,CON07841,PAY07841,Female,44,14,84.75,1186.5,Fiber Optic,2,No,Yes,No,Yes
CUST07842,CON07842,PAY07842,Female,23,19,33.15,629.85,DSL,7,No,No,No,Yes
CUST07843,CON07843,PAY07843,Female,52,45,102.59,4616.55,DSL,2,No,No,No,No
CUST07844,CON07844,PAY07844,Male,37,18,62.19,1119.42,Fiber Optic,4,No,No,No,Yes
CUST07845,CON07845,PAY07845,Female,31,45,56.71,2551.95,Fiber Optic,5,Yes,No,No,Yes
CUST07846,CON07846,PAY07846,Male,59,66,27.44,1811.04,Cable,3,No,No,No,Yes
CUST07847,CON07847,PAY07847,Male,48,65,77.71,5051.15,Fiber Optic,5,Yes,Yes,Yes,No
CUST07848,CON07848,PAY07848,Female,59,71,97.41,6916.11,Fiber Optic,2,Yes,Yes,Yes,Yes
CUST07849,CON07849,PAY07849,Female,76,3,25.53,76.59,Cable,1,Yes,Yes,Yes,Yes
CUST07850,CON07850,PAY07850,Male,30,56,29.63,1659.28,Cable,8,Yes,Yes,Yes,Yes
CUST07851,CON07851,PAY07851,Male,53,28,104.75,2933.0,,7,Yes,No,Yes,No
CUST07852,CON07852,PAY07852,Male,21,33,49.2,1623.6,,2,No,Yes,Yes,No
CUST07853,CON07853,PAY07853,Male,52,3,82.76,248.28,Fiber Optic,1,No,No,No,No
CUST07854,CON07854,PAY07854,Male,56,68,55.51,3774.68,Fiber Optic,1,Yes,No,Yes,No
CUST07855,CON07855,PAY07855,Female,71,28,58.03,1624.84,Cable,2,Yes,No,Yes,Yes
CUST07856,CON07856,PAY07856,Male,34,63,104.42,6578.46,,6,Yes,No,Yes,Yes
CUST07857,CON07857,PAY07857,Female,70,42,62.85,2639.7,Fiber Optic,6,No,No,Yes,Yes
CUST07858,CON07858,PAY07858,Male,70,26,61.32,1594.32,Cable,0,Yes,No,Yes,Yes
CUST07859,CON07859,PAY07859,Male,30,59,26.87,1585.33,Cable,8,Yes,Yes,Yes,Yes
CUST07860,CON07860,PAY07860,Male,67,5,81.87,409.35,,0,Yes,No,Yes,Yes
CUST07861,CON07861,PAY07861,Female,27,61,47.41,2892.01,Cable,0,No,Yes,Yes,No
CUST07862,CON07862,PAY07862,Male,54,1,82.22,82.22,Fiber Optic,0,No,No,No,No
CUST07863,CON07863,PAY07863,Female,50,2,59.13,118.26,DSL,3,Yes,No,Yes,No
CUST07864,CON07864,PAY07864,Female,54,12,33.23,398.76,Fiber Optic,6,No,Yes,Yes,Yes
CUST07865,CON07865,PAY07865,Female,42,6,64.51,387.06,DSL,5,No,Yes,Yes,No
CUST07866,CON07866,PAY07866,Male,56,3,76.71,230.13,Fiber Optic,0,No,No,No,No
CUST07867,CON07867,PAY07867,Male,25,41,77.41,3173.81,DSL,5,No,No,No,No
CUST07868,CON07868,PAY07868,Female,18,8,95.32,762.56,,2,No,Yes,Yes,No
CUST07869,CON07869,PAY07869,Female,58,24,75.79,1818.96,DSL,5,Yes,Yes,No,No
CUST07870,CON07870,PAY07870,Male,71,55,34.45,1894.75,,3,No,Yes,Yes,No
CUST07871,CON07871,PAY07871,Female,61,62,97.46,6042.52,Cable,0,No,No,Yes,Yes
CUST07872,CON07872,PAY07872,Female,24,70,53.29,3730.3,DSL,8,No,No,No,Yes
CUST07873,CON07873,PAY07873,Male,49,47,48.25,2267.75,,4,No,No,Yes,No
CUST07874,CON07874,PAY07874,Male,70,45,55.29,2488.05,Cable,7,No,Yes,No,Yes
CUST07875,CON07875,PAY07875,Female,18,47,95.21,4474.87,Cable,2,Yes,Yes,Yes,Yes
CUST07876,CON07876,PAY07876,Male,59,68,26.32,1789.76,Cable,3,No,No,No,Yes
CUST07877,CON07877,PAY07877,Male,47,2,102.72,205.44,DSL,6,No,No,No,No
CUST07878,CON07878,PAY07878,Female,57,65,34.38,2234.7,Cable,3,Yes,No,Yes,Yes
CUST07879,CON07879,PAY07879,Male,69,56,83.89,4697.84,Cable,0,No,No,No,No
CUST07880,CON07880,PAY07880,Male,51,62,63.46,3934.52,Cable,8,Yes,Yes,No,No
CUST07881,CON07881,PAY07881,Female,39,69,32.21,2222.49,DSL,1,No,Yes,No,No
CUST07882,CON07882,PAY07882,Female,73,52,55.76,2899.52,Cable,6,Yes,No,Yes,No
CUST07883,CON07883,PAY07883,Female,66,31,57.6,1785.6,,1,No,Yes,Yes,Yes
CUST07884,CON07884,PAY07884,Male,54,44,34.8,1531.2,,5,Yes,Yes,No,No
CUST07885,CON07885,PAY07885,Male,30,45,76.78,3455.1,DSL,5,No,No,No,No
CUST07886,CON07886,PAY07886,Female,72,1,31.51,31.51,Cable,3,Yes,Yes,Yes,Yes
CUST07887,CON07887,PAY07887,Male,39,60,98.7,5922.0,,6,Yes,No,Yes,Yes
CUST07888,CON07888,PAY07888,Male,53,41,32.96,1351.36,,5,Yes,Yes,No,No
CUST07889,CON07889,PAY07889,Female,24,19,34.6,657.4,DSL,6,No,No,No,Yes
CUST07890,CON07890,PAY07890,Male,72,7,76.7,536.9,,2,Yes,No,Yes,Yes
CUST07891,CON07891,PAY07891,Female,39,67,27.04,1811.68,DSL,0,No,Yes,No,No
CUST07892,CON07892,PAY07892,Female,32,38,95.24,3619.12,Cable,0,Yes,Yes,Yes,No
CUST07893,CON07893,PAY07893,Male,34,50,46.6,2330.0,Fiber Optic,9,No,Yes,No,Yes
CUST07894,CON07894,PAY07894,Male,37,50,50.49,2524.5,Fiber Optic,9,No,Yes,No,Yes
CUST07895,CON07895,PAY07895,Male,68,22,99.54,2189.88,,6,Yes,Yes,Yes,No
CUST07896,CON07896,PAY07896,Female,31,37,101.64,3760.68,Cable,0,Yes,Yes,Yes,No
CUST07897,CON07897,PAY07897,Female,62,6,26.61,159.66,,3,Yes,No,Yes,No
CUST07898,CON07898,PAY07898,Male,35,24,50.43,1210.32,,0,No,Yes,No,No
CUST07899,CON07899,PAY07899,Female,46,42,75.23,3159.66,DSL,7,No,No,No,Yes
CUST07900,CON07900,PAY07900,Male,47,47,53.22,2501.34,,4,No,No,Yes,No
CUST07901,CON07901,PAY07901,Male,54,58,59.78,3467.24,Cable,8,Yes,Yes,No,No
CUST07902,CON07902,PAY07902,Male,74,25,56.65,1416.25,DSL,2,No,Yes,No,No
CUST07903,CON07903,PAY07903,Female,26,59,53.68,3167.12,Cable,0,No,Yes,Yes,No
CUST07904,CON07904,PAY07904,Female,58,60,96.17,5770.2,Cable,1,No,No,Yes,Yes
CUST07905,CON07905,PAY07905,Female,69,48,63.13,3030.24,Cable,4,Yes,No,Yes,No
CUST07906,CON07906,PAY07906,Male,25,42,76.97,3232.74,DSL,3,No,No,No,No
CUST07907,CON07907,PAY07907,Female,53,43,95.81,4119.83,DSL,0,No,No,No,No
CUST07908,CON07908,PAY07908,Female,18,45,95.27,4287.15,Cable,4,Yes,Yes,Yes,Yes
CUST07909,CON07909,PAY07909,Female,25,23,26.57,611.11,Fiber Optic,2,No,No,No,No
CUST07910,CON07910,PAY07910,Male,74,22,62.26,1369.72,DSL,2,No,Yes,No,No
CUST07911,CON07911,PAY07911,Male,20,37,46.07,1704.59,Cable,9,Yes,Yes,Yes,Yes
CUST07912,CON07912,PAY07912,Female,38,70,34.53,2417.1,DSL,0,No,Yes,No,No
CUST07913,CON07913,PAY07913,Male,30,26,50.12,1303.12,,0,No,Yes,No,No
CUST07914,CON07914,PAY07914,Male,19,30,54.81,1644.3,,3,No,Yes,Yes,No
CUST07915,CON07915,PAY07915,Male,54,66,77.99,5147.34,Fiber Optic,6,Yes,Yes,Yes,No
CUST07916,CON07916,PAY07916,Male,57,66,30.67,2024.22,Cable,4,No,No,No,Yes
CUST07917,CON07917,PAY07917,Male,50,47,52.8,2481.6,,4,No,No,Yes,No
CUST07918,CON07918,PAY07918,Female,49,42,75.07,3152.94,DSL,7,No,No,No,Yes
CUST07919,CON07919,PAY07919,Male,54,69,31.68,2185.92,Cable,5,No,No,No,Yes
CUST07920,CON07920,PAY07920,Female,64,26,29.58,769.08,Fiber Optic,0,No,Yes,Yes,Yes
CUST07921,CON07921,PAY07921,Male,59,71,79.36,5634.56,Fiber Optic,5,No,Yes,Yes,Yes
CUST07922,CON07922,PAY07922,Female,44,69,27.54,1900.26,DSL,1,No,Yes,No,No
CUST07923,CON07923,PAY07923,Female,53,30,25.32,759.6,,4,No,No,Yes,Yes
CUST07924,CON07924,PAY07924,Male,73,34,81.03,2755.02,Fiber Optic,6,No,No,No,Yes
CUST07925,CON07925,PAY07925,Female,23,6,103.15,618.9,,2,No,Yes,Yes,No
CUST07926,CON07926,PAY07926,Male,34,50,46.51,2325.5,Fiber Optic,8,No,Yes,No,Yes
CUST07927,CON07927,PAY07927,Male,53,51,95.82,4886.82,Cable,1,No,No,Yes,No
CUST07928,CON07928,PAY07928,Female,56,69,104.63,7219.47,Fiber Optic,2,Yes,Yes,Yes,Yes
CUST07929,CON07929,PAY07929,Male,67,5,82.36,411.8,,0,Yes,No,Yes,Yes
CUST07930,CON07930,PAY07930,Male,18,36,77.03,2773.08,DSL,7,Yes,No,No,No
CUST07931,CON07931,PAY07931,Female,45,7,60.41,422.87,DSL,5,No,Yes,Yes,No
CUST07932,CON07932,PAY07932,Female,63,6,25.21,151.26,,2,Yes,No,Yes,No
CUST07933,CON07933,PAY07933,Male,35,20,55.3,1106.0,Fiber Optic,5,No,No,No,Yes
CUST07934,CON07934,PAY07934,Male,37,62,98.56,6110.72,,6,Yes,No,Yes,Yes
CUST07935,CON07935,PAY07935,Male,22,52,28.57,1485.64,DSL,1,No,No,Yes,Yes
CUST07936,CON07936,PAY07936,Male,51,47,100.36,4716.92,Cable,0,No,No,Yes,No
CUST07937,CON07937,PAY07937,Male,30,27,103.37,2790.99,Fiber Optic,2,Yes,No,Yes,Yes
CUST07938,CON07938,PAY07938,Male,32,50,52.91,2645.5,Fiber Optic,9,No,Yes,No,Yes
CUST07939,CON07939,PAY07939,Male,26,39,47.34,1846.26,Fiber Optic,1,Yes,No,No,No
CUST07940,CON07940,PAY07940,Female,70,25,33.32,833.0,Cable,6,No,Yes,Yes,No
CUST07941,CON07941,PAY07941,Female,21,16,32.03,512.48,DSL,6,No,No,No,Yes
CUST07942,CON07942,PAY07942,Male,24,72,83.67,6024.24,DSL,6,No,No,No,No
CUST07943,CON07943,PAY07943,Female,30,56,95.07,5323.92,Fiber Optic,6,No,Yes,No,Yes
CUST07944,CON07944,PAY07944,Male,36,20,56.77,1135.4,Fiber Optic,4,No,No,No,Yes
CUST07945,CON07945,PAY07945,Female,74,24,80.78,1938.72,Cable,0,Yes,Yes,No,Yes
CUST07946,CON07946,PAY07946,Female,31,39,97.84,3815.76,Cable,0,Yes,Yes,Yes,No
CUST07947,CON07947,PAY07947,Male,20,72,84.0,6048.0,DSL,6,No,No,No,No
CUST07948,CON07948,PAY07948,Male,37,18,62.31,1121.58,Fiber Optic,4,No,No,No,Yes
CUST07949,CON07949,PAY07949,Female,62,31,63.02,1953.62,,0,No,Yes,Yes,Yes
CUST07950,CON07950,PAY07950,Male,32,57,29.64,1689.48,Cable,6,Yes,Yes,Yes,Yes
CUST07951,CON07951,PAY07951,Male,37,62,96.71,5996.02,,7,Yes,No,Yes,Yes
CUST07952,CON07952,PAY07952,Male,53,60,55.54,3332.4,Cable,8,Yes,Yes,No,No
CUST07953,CON07953,PAY07953,Female,66,23,30.09,692.07,Fiber Optic,0,No,Yes,Yes,Yes
CUST07954,CON07954,PAY07954,Female,57,48,60.4,2899.2,,6,Yes,Yes,No,No
CUST07955,CON07955,PAY07955,Male,68,49,82.37,4036.13,,4,No,No,Yes,Yes
CUST07956,CON07956,PAY07956,Female,48,2,56.52,113.04,DSL,3,Yes,No,Yes,No
CUST07957,CON07957,PAY07957,Male,38,21,56.24,1181.04,Fiber Optic,3,No,No,No,Yes
CUST07958,CON07958,PAY07958,Female,45,43,84.6,3637.8,DSL,6,No,No,No,Yes
CUST07959,CON07959,PAY07959,Male,65,57,82.58,4707.06,Cable,0,No,No,No,No
CUST07960,CON07960,PAY07960,Female,64,7,29.35,205.45,,2,Yes,No,Yes,No
CUST07961,CON07961,PAY07961,Male,59,69,34.69,2393.61,Cable,5,No,No,No,Yes
CUST07962,CON07962,PAY07962,Female,31,44,63.7,2802.8,Fiber Optic,5,Yes,No,No,Yes
CUST07963,CON07963,PAY07963,Female,19,44,102.2,4496.8,Cable,2,Yes,Yes,Yes,Yes
CUST07964,CON07964,PAY07964,Male,39,63,104.23,6566.49,,5,Yes,No,Yes,Yes
CUST07965,CON07965,PAY07965,Male,22,52,34.77,1808.04,DSL,0,No,No,Yes,Yes
CUST07966,CON07966,PAY07966,Female,42,70,31.27,2188.9,DSL,0,No,Yes,No,No
CUST07967,CON07967,PAY07967,Female,76,3,25.87,77.61,Cable,2,Yes,Yes,Yes,Yes
CUST07968,CON07968,PAY07968,Male,30,45,78.7,3541.5,DSL,5,No,No,No,No
CUST07969,CON07969,PAY07969,Female,28,44,57.85,2545.4,Fiber Optic,7,Yes,No,No,Yes
CUST07970,CON07970,PAY07970,Female,61,50,64.16,3208.0,,6,Yes,Yes,No,No
CUST07971,CON07971,PAY07971,Female,22,44,103.36,4547.84,Cable,2,Yes,Yes,Yes,Yes
CUST07972,CON07972,PAY07972,Female,32,50,34.84,1742.0,Fiber Optic,7,No,Yes,No,Yes
CUST07973,CON07973,PAY07973,Female,63,27,60.89,1644.03,,2,No,Yes,Yes,Yes
CUST07974,CON07974,PAY07974,Female,18,63,97.54,6145.02,Fiber Optic,6,No,No,No,Yes
CUST07975,CON07975,PAY07975,Male,54,22,56.81,1249.82,Cable,6,Yes,Yes,Yes,Yes
CUST07976,CON07976,PAY07976,Male,68,7,79.31,555.17,,1,Yes,No,Yes,Yes
CUST07977,CON07977,PAY07977,Female,57,69,100.87,6960.03,Fiber Optic,2,Yes,Yes,Yes,Yes
CUST07978,CON07978,PAY07978,Female,59,33,104.91,3462.03,,7,No,No,No,No
CUST07979,CON07979,PAY07979,Male,33,5,56.53,282.65,,8,No,No,Yes,No
CUST07980,CON07980,PAY07980,Male,20,11,50.48,555.28,Cable,5,Yes,Yes,No,Yes
CUST07981,CON07981,PAY07981,Male,28,48,33.63,1614.24,DSL,5,Yes,No,Yes,Yes
CUST07982,CON07982,PAY07982,Female,30,59,99.08,5845.72,Fiber Optic,4,No,Yes,No,Yes
CUST07983,CON07983,PAY07983,Female,18,59,99.35,5861.65,Fiber Optic,7,No,No,No,Yes
CUST07984,CON07984,PAY07984,Female,51,12,30.05,360.6,Fiber Optic,6,No,Yes,Yes,Yes
CUST07985,CON07985,PAY07985,Male,68,22,104.22,2292.84,,5,Yes,Yes,Yes,No
CUST07986,CON07986,PAY07986,Female,51,4,64.07,256.28,DSL,4,Yes,No,Yes,No
CUST07987,CON07987,PAY07987,Male,77,35,82.6,2891.0,Fiber Optic,5,No,No,No,Yes
CUST07988,CON07988,PAY07988,Female,36,47,31.31,1471.57,Fiber Optic,6,No,Yes,No,Yes
CUST07989,CON07989,PAY07989,Female,44,32,51.25,1640.0,Fiber Optic,4,Yes,No,Yes,No
CUST07990,CON07990,PAY07990,Female,71,18,96.49,1736.82,Cable,4,No,No,Yes,No
CUST07991,CON07991,PAY07991,Male,73,7,28.56,199.92,,4,Yes,No,Yes,No
CUST07992,CON07992,PAY07992,Male,69,59,80.65,4758.35,Cable,0,No,No,No,No
CUST07993,CON07993,PAY07993,Female,69,27,28.43,767.61,Cable,6,No,Yes,Yes,No
CUST07994,CON07994,PAY07994,Female,61,30,57.1,1713.0,,2,No,Yes,Yes,Yes
CUST07995,CON07995,PAY07995,Female,48,31,100.55,3117.05,Cable,3,Yes,No,No,Yes
CUST07996,CON07996,PAY07996,Male,18,33,54.03,1782.99,,1,No,Yes,Yes,No
CUST07997,CON07997,PAY07997,Female,60,63,96.4,6073.2,Cable,1,No,No,Yes,Yes
CUST07998,CON07998,PAY07998,Female,66,38,45.64,1734.32,Cable,2,No,No,Yes,No
CUST07999,CON07999,PAY07999,Male,66,51,26.61,1357.11,,4,No,Yes,Yes,No
CUST08000,CON08000,PAY08000,Female,25,14,96.68,1353.52,Fiber Optic,1,Yes,Yes,No,No
